audio_id,filename,class_label,source,original_filename,sha256,split,augmented,relative_path
SS00000,SS00000_f40a849a.wav,animal_sound,esc50,1-100032-A-0.wav,f40a849a2375c8c63312a73dd2dd6c74007301fcc21b4be2ece29a642831e3d8,train,original,categorized_audio\animal_sound\SS00000_f40a849a.wav
SS00001,SS00001_2faa39d8.wav,animal_sound,esc50,1-100038-A-14.wav,2faa39d8e59e8f292dfbdbe72bd8a00294f9535714b3c19b39904c2c17e14675,train,original,categorized_audio\animal_sound\SS00001_2faa39d8.wav
SS00003,SS00003_acfdccbb.wav,machinery_fault,esc50,1-100210-B-36.wav,acfdccbb58647655b9b63ab5574c178783b969f56e05933f115ae4dd1878a524,train,original,categorized_audio\machinery_fault\SS00003_acfdccbb.wav
SS00004,SS00004_b0323e17.wav,background_noise,esc50,1-101296-A-19.wav,b0323e17979ff3d840ce3f9b7f13bf800a69a48f62632162b964efc9bfe4ef10,train,original,categorized_audio\background_noise\SS00004_b0323e17.wav
SS00005,SS00005_bdad401d.wav,background_noise,esc50,1-101296-B-19.wav,bdad401df959569dc44ad26fff3ff097de5ac98cde763eb37a557a4ab441440f,train,original,categorized_audio\background_noise\SS00005_bdad401d.wav
SS00006,SS00006_e75bd5e2.wav,animal_sound,esc50,1-103298-A-9.wav,e75bd5e27e7d68b15bf17bc348d8cf4ab338e9089dc1a1564f2c434ce22db27c,train,original,categorized_audio\animal_sound\SS00006_e75bd5e2.wav
SS00008,SS00008_87c3f36e.wav,background_noise,esc50,1-115521-A-19.wav,87c3f36e376c3c26faac723d3d1a8ba0af76c8b3e1b456cfe4062975e67b88d2,train,original,categorized_audio\background_noise\SS00008_87c3f36e.wav
SS00009,SS00009_1199ff6d.wav,machinery_fault,esc50,1-116765-A-41.wav,1199ff6d4f5040bf20f06a441276bcd6448b1e1de4f098ce3e47d856ee97ce33,train,original,categorized_audio\machinery_fault\SS00009_1199ff6d.wav
SS00010,SS00010_556d465e.wav,background_noise,esc50,1-118559-A-17.wav,556d465ef6d44075c1c6f881202f001e088c20415e600be9a83714aa5d86ea07,train,original,categorized_audio\background_noise\SS00010_556d465e.wav
SS00011,SS00011_03ed7b10.wav,animal_sound,esc50,1-121951-A-8.wav,03ed7b103e873f07713de2d9a17fd298eb19c204eaf54a9bfa955423c95a1a14,train,original,categorized_audio\animal_sound\SS00011_03ed7b10.wav
SS00012,SS00012_9e8ec2f9.wav,background_noise,esc50,1-12653-A-15.wav,9e8ec2f92df6dc2f9673f4c701ac327dc5455e6cfa8e108e0f5443aeaa535a65,train,original,categorized_audio\background_noise\SS00012_9e8ec2f9.wav
SS00015,SS00015_92baf64d.wav,alarm_siren,esc50,1-13571-A-46.wav,92baf64d0e246d513e7a94e3778459558dcc222ec7cd30b12c58092a3d903142,train,original,categorized_audio\alarm_siren\SS00015_92baf64d.wav
SS00016,SS00016_fdbfa039.wav,alarm_siren,esc50,1-13572-A-46.wav,fdbfa0391e7433b24a268a0f716afd057ca7f75c79fe0245f5072869baf19018,train,original,categorized_audio\alarm_siren\SS00016_fdbfa039.wav
SS00017,SS00017_2e28b25e.wav,alarm_siren,esc50,1-13613-A-37.wav,2e28b25e14611723cdcc0becfa36468a8d0329a0c141e4f1d894bd6bb5773f34,train,original,categorized_audio\alarm_siren\SS00017_2e28b25e.wav
SS00019,SS00019_220c3d12.wav,alarm_siren,esc50,1-14262-A-37.wav,220c3d127df2f0d8979a2edde5318aaaa3aed19d8c5d3b4a40d529f979bba453,train,original,categorized_audio\alarm_siren\SS00019_220c3d12.wav
SS00020,SS00020_bdb124b7.wav,animal_sound,esc50,1-15689-A-4.wav,bdb124b7004b02ab8299f7d7389d15b5eb53e12002cff379d49dcdec4d8b1372,train,original,categorized_audio\animal_sound\SS00020_bdb124b7.wav
SS00021,SS00021_db7a1d19.wav,animal_sound,esc50,1-15689-B-4.wav,db7a1d190931f1101d533661852e3cdebaa2b89c4b743385b201391be7de003d,train,original,categorized_audio\animal_sound\SS00021_db7a1d19.wav
SS00022,SS00022_5fe40ae7.wav,animal_sound,esc50,1-16568-A-3.wav,5fe40ae706ec97d016fd1d74407cde66bbfa033ffa4ebc26546c0dac341ffc8f,train,original,categorized_audio\animal_sound\SS00022_5fe40ae7.wav
SS00023,SS00023_2543c7e9.wav,background_noise,esc50,1-16746-A-15.wav,2543c7e9ee65860a5baa39d86040807bf9aa7255b50938e85d478d0f662716dd,train,original,categorized_audio\background_noise\SS00023_2543c7e9.wav
SS00024,SS00024_9d5e01e0.wav,vehicle_horn,esc50,1-17124-A-43.wav,9d5e01e07a386ee36c2e73f40817d132a54d91c936eccc01414280abca5a4209,train,original,categorized_audio\vehicle_horn\SS00024_9d5e01e0.wav
SS00027,SS00027_bf16e253.wav,background_noise,esc50,1-17565-A-12.wav,bf16e25363a2d5824c07e96dc05defcb87e1d9dcd47bfd241a9d25e01b411209,train,original,categorized_audio\background_noise\SS00027_bf16e253.wav
SS00028,SS00028_beb564e1.wav,animal_sound,esc50,1-17585-A-7.wav,beb564e150ce6aab27740bb44445cc710695979362b43edea09c90552723b9ce,train,original,categorized_audio\animal_sound\SS00028_beb564e1.wav
SS00029,SS00029_57c4d44e.wav,background_noise,esc50,1-17742-A-12.wav,57c4d44ed80ad163ac63353ea98a7b286cfbe5ceb844cc57959b70c08ce5dde9,train,original,categorized_audio\background_noise\SS00029_57c4d44e.wav
SS00031,SS00031_f28b0f81.wav,background_noise,esc50,1-17808-B-12.wav,f28b0f8158b6a5adfa4bca5df5c71963c839dd22815440c8b3e220ef2016a365,train,original,categorized_audio\background_noise\SS00031_f28b0f81.wav
SS00032,SS00032_3ef1243c.wav,animal_sound,esc50,1-17970-A-4.wav,3ef1243cfebc5a6d45e8395c505349a1b3cfd5d97ad48ed4dcc68d3b0240e296,train,original,categorized_audio\animal_sound\SS00032_3ef1243c.wav
SS00033,SS00033_26c99da1.wav,animal_sound,esc50,1-18074-A-6.wav,26c99da1d62a3e93371e13ff1b5e29003e40e2bfdc9334f46672c1de232be243,train,original,categorized_audio\animal_sound\SS00033_26c99da1.wav
SS00034,SS00034_68c54aac.wav,animal_sound,esc50,1-18074-B-6.wav,68c54aaccb36a91281ca689aaa8d4d888e7a53c571f4c00995a9f69b5ba1d333,train,original,categorized_audio\animal_sound\SS00034_68c54aac.wav
SS00035,SS00035_83eb3e60.wav,machinery_fault,esc50,1-18527-A-44.wav,83eb3e6065246fd87d1acbbe414aa5bfb7c2081a57c188713cdc017819ffc38f,train,original,categorized_audio\machinery_fault\SS00035_83eb3e60.wav
SS00036,SS00036_40f0ab8a.wav,machinery_fault,esc50,1-18527-B-44.wav,40f0ab8a2fa68cbdf814f10fc8b2c26916b3dc54c1b0e719d4697ba58c0bdb81,train,original,categorized_audio\machinery_fault\SS00036_40f0ab8a.wav
SS00039,SS00039_dac86a65.wav,animal_sound,esc50,1-18757-A-4.wav,dac86a651f49fccc16b5b5de5dac68182ed572841ea5914da2afccc83ae83700,train,original,categorized_audio\animal_sound\SS00039_dac86a65.wav
SS00040,SS00040_f3597d92.wav,machinery_fault,esc50,1-18810-A-49.wav,f3597d925f71cc6a85f03cd08edeed6657b5433d70c229484d8f6cc0236e9df8,train,original,categorized_audio\machinery_fault\SS00040_f3597d92.wav
SS00041,SS00041_67bb2fe5.wav,vehicle_horn,esc50,1-19026-A-43.wav,67bb2fe5cf138930eb6a6a84bedeb7284093076738cd47ef73cc8b3b8393ff40,train,original,categorized_audio\vehicle_horn\SS00041_67bb2fe5.wav
SS00044,SS00044_5b189520.wav,animal_sound,esc50,1-196660-B-8.wav,5b1895203de8d4392ae851a498973b07b38b915e9b0e001f8a46743a06981aa2,train,original,categorized_audio\animal_sound\SS00044_5b189520.wav
SS00045,SS00045_d6d58e48.wav,machinery_fault,esc50,1-19840-A-36.wav,d6d58e48005b976207cd6030de5d8976e9e7f4377eab86f790c5473c95ad2dd1,train,original,categorized_audio\machinery_fault\SS00045_d6d58e48.wav
SS00047,SS00047_610ae9ac.wav,machinery_fault,esc50,1-19872-B-36.wav,610ae9ac76627cf8c1d655190fffa635979a24d25c5925cbbcf1dc659e323146,train,original,categorized_audio\machinery_fault\SS00047_610ae9ac.wav
SS00049,SS00049_cab47357.wav,machinery_fault,esc50,1-19898-B-41.wav,cab4735712a7727e16cc1946308f80034c926c59ed467dccf539f39bebe8d61d,train,original,categorized_audio\machinery_fault\SS00049_cab47357.wav
SS00051,SS00051_db694613.wav,glass_breaking,esc50,1-20133-A-39.wav,db6946133c37fbd4513fe932dbb71e0b077bf7d240beaed339eb6c88e48c903b,train,original,categorized_audio\glass_breaking\SS00051_db694613.wav
SS00052,SS00052_d033c657.wav,animal_sound,esc50,1-202111-A-3.wav,d033c6572aaaa4ac451327ba5fbf3cdcada06c681f05d8188043b39f1346be98,train,original,categorized_audio\animal_sound\SS00052_d033c657.wav
SS00053,SS00053_866245ac.wav,animal_sound,esc50,1-208757-A-2.wav,866245ac085d99d72406fb80dd09535b7b62c7cafc26972a73dd4bdb8db79ebc,train,original,categorized_audio\animal_sound\SS00053_866245ac.wav
SS00054,SS00054_2d041c16.wav,animal_sound,esc50,1-208757-B-2.wav,2d041c169d58f25bc769a057bc201bdcf8c289ef16b3b93388c248407f6a5d1a,train,original,categorized_audio\animal_sound\SS00054_2d041c16.wav
SS00055,SS00055_060daa95.wav,animal_sound,esc50,1-208757-C-2.wav,060daa9528df8024d08688fb4861aca6079b8f8603a4a3438ee1554621e4d914,train,original,categorized_audio\animal_sound\SS00055_060daa95.wav
SS00058,SS00058_5f15ab2d.wav,background_noise,esc50,1-21189-A-10.wav,5f15ab2d8f6ef9932909b1b75c8ac254cbea46c93b4b2f0f3542abdf09b9abc0,train,original,categorized_audio\background_noise\SS00058_5f15ab2d.wav
SS00059,SS00059_45473028.wav,alarm_siren,esc50,1-21421-A-46.wav,4547302835eb89a4fddaebca32b56e26784cc8453f7ee1984c014ffc8af6819e,train,original,categorized_audio\alarm_siren\SS00059_45473028.wav
SS00060,SS00060_1b4210c5.wav,machinery_fault,esc50,1-21896-A-35.wav,1b4210c50a01cabab07065a112463fad4f82de60385ef9aaf6316afe7d4b976c,train,original,categorized_audio\machinery_fault\SS00060_1b4210c5.wav
SS00061,SS00061_2212340e.wav,alarm_siren,esc50,1-22804-A-46.wav,2212340e03c7e481a21f0e4845f54dc521d6c8a5c961d3421445b85f9bdf1ca9,train,original,categorized_audio\alarm_siren\SS00061_2212340e.wav
SS00062,SS00062_b908257c.wav,machinery_fault,esc50,1-22882-A-44.wav,b908257c714fdaa15dddfc814eb497397ada9bee501e8a5c9d6ec7adc325e2d0,train,original,categorized_audio\machinery_fault\SS00062_b908257c.wav
SS00063,SS00063_0d346768.wav,background_noise,esc50,1-23094-A-15.wav,0d346768ebd5359cdc18d871d836c31b0d94dea3e69e9a7a15630ebbe7e1a91e,train,original,categorized_audio\background_noise\SS00063_0d346768.wav
SS00065,SS00065_680bc85f.wav,background_noise,esc50,1-23222-A-19.wav,680bc85f2f6fb1f0fef85a1f4f059bc7b6957a30d0a0b3dd8e93c287216cbbd5,train,original,categorized_audio\background_noise\SS00065_680bc85f.wav
SS00067,SS00067_578e6657.wav,machinery_fault,esc50,1-23706-A-49.wav,578e665791e50b49fd105745ee79e3974b5fe323c7712aad4cd8bce67e21bf76,train,original,categorized_audio\machinery_fault\SS00067_578e6657.wav
SS00068,SS00068_cbfd9239.wav,machinery_fault,esc50,1-23996-A-35.wav,cbfd9239fcd7e10a936e6836bbcc8c5f391f89b6a1e12dfe159df717e2898657,train,original,categorized_audio\machinery_fault\SS00068_cbfd9239.wav
SS00069,SS00069_ca674e85.wav,machinery_fault,esc50,1-23996-B-35.wav,ca674e8520adea211f45e60eb86ae13f1be91e976afb82427ad61cb814142a2f,train,original,categorized_audio\machinery_fault\SS00069_ca674e85.wav
SS00070,SS00070_ebdbc03e.wav,vehicle_horn,esc50,1-24074-A-43.wav,ebdbc03e89c6a41c8ce1df7b12d4e2c4bb3f91345c43e7d75a1ed1357ff5f7e0,train,original,categorized_audio\vehicle_horn\SS00070_ebdbc03e.wav
SS00071,SS00071_723edafd.wav,vehicle_horn,esc50,1-24076-A-43.wav,723edafd5bda638184bab5038745b6cafc9c813440b236175074d4d42b142d94,train,original,categorized_audio\vehicle_horn\SS00071_723edafd.wav
SS00072,SS00072_a0a8af38.wav,background_noise,esc50,1-24524-A-19.wav,a0a8af38dc93186bdaef63b0eff44853604d4c2ba8a2f329109c784a8fab3f67,train,original,categorized_audio\background_noise\SS00072_a0a8af38.wav
SS00073,SS00073_661ff207.wav,background_noise,esc50,1-24524-B-19.wav,661ff207a4373a81a5311745e1d51b79bb42ac9825a87a592d21637aa514dbf3,train,original,categorized_audio\background_noise\SS00073_661ff207.wav
SS00074,SS00074_3116ac95.wav,background_noise,esc50,1-24524-C-19.wav,3116ac95bb308961b1581d3db91e9926581ce901507828cf210d5540239239d3,train,original,categorized_audio\background_noise\SS00074_3116ac95.wav
SS00075,SS00075_ebe976cc.wav,vehicle_horn,esc50,1-254507-A-43.wav,ebe976ccd285cb44e6585d889f2a8759c5de47e9940f638ecaa300def46e544a,train,original,categorized_audio\vehicle_horn\SS00075_ebe976cc.wav
SS00076,SS00076_e624cb74.wav,animal_sound,esc50,1-260640-A-2.wav,e624cb74542ef6bd6e4a9bbe340624db117da231111bcb87ef100f25dde8afb3,train,original,categorized_audio\animal_sound\SS00076_e624cb74.wav
SS00077,SS00077_3c310e4f.wav,animal_sound,esc50,1-260640-B-2.wav,3c310e4f565a634e3f45580abf98b0c1bfc5c1e71589bbbc9e3d44e82df22946,train,original,categorized_audio\animal_sound\SS00077_3c310e4f.wav
SS00078,SS00078_3c7e3feb.wav,animal_sound,esc50,1-260640-C-2.wav,3c7e3feb43ac711ab1934c01c3e7eac0a29ab94a725e879fea91623b7d069f79,train,original,categorized_audio\animal_sound\SS00078_3c7e3feb.wav
SS00079,SS00079_f1972b41.wav,vehicle_horn,esc50,1-26176-A-43.wav,f1972b41b111a56e84d4fff30dd2e628521d6c699693adc60c14985c4cfdbf25,train,original,categorized_audio\vehicle_horn\SS00079_f1972b41.wav
SS00080,SS00080_65655fc1.wav,vehicle_horn,esc50,1-26177-A-43.wav,65655fc14cb749884c5965a42912decebf922aa6b51f1e27f56da7f35d1d381f,train,original,categorized_audio\vehicle_horn\SS00080_65655fc1.wav
SS00081,SS00081_7a036955.wav,background_noise,esc50,1-26222-A-10.wav,7a03695543a56d61464ea2bd87e0947bb994d38c914492c02be686693b6e1dac,train,original,categorized_audio\background_noise\SS00081_7a036955.wav
SS00082,SS00082_9021db2a.wav,animal_sound,esc50,1-26806-A-1.wav,9021db2a8218814e1f90957a179589c7f3167fd1f235f58019890064e23ee5be,train,original,categorized_audio\animal_sound\SS00082_9021db2a.wav
SS00084,SS00084_eb7e1055.wav,machinery_fault,esc50,1-27166-A-35.wav,eb7e1055a911665a03ac65d7085798b77cfa3e0718c123f93e93b7b07ad34796,train,original,categorized_audio\machinery_fault\SS00084_eb7e1055.wav
SS00086,SS00086_4d04b84d.wav,background_noise,esc50,1-28135-A-11.wav,4d04b84d490c4d9ab28a52c4c96d1b14c2f8b132fc4be38166197ae814920742,train,original,categorized_audio\background_noise\SS00086_4d04b84d.wav
SS00091,SS00091_ca2626d2.wav,animal_sound,esc50,1-30226-A-0.wav,ca2626d2b49c7c20a3e0f9f8d7aa56f4497643c6bc264ff37764392be2b15753,train,original,categorized_audio\animal_sound\SS00091_ca2626d2.wav
SS00092,SS00092_52a876cf.wav,animal_sound,esc50,1-30344-A-0.wav,52a876cff473fe9b6deb4feea9545a2b976e63e03744921afc72f9800758ce30,train,original,categorized_audio\animal_sound\SS00092_52a876cf.wav
SS00093,SS00093_f9dc446b.wav,animal_sound,esc50,1-31251-A-6.wav,f9dc446b4f6d7861943c079771506b917fd5dbd0867f5800c142ff767a449570,train,original,categorized_audio\animal_sound\SS00093_f9dc446b.wav
SS00094,SS00094_2cdb1b3a.wav,animal_sound,esc50,1-31251-B-6.wav,2cdb1b3ab1a71bce3a64e48eff9167d63ef86001862f10c245689cf9a6254edd,train,original,categorized_audio\animal_sound\SS00094_2cdb1b3a.wav
SS00095,SS00095_e4c640a0.wav,alarm_siren,esc50,1-31482-A-42.wav,e4c640a001c2abe808389c90b90ba7084fb1922d58235e3ec95c18c4afb4ef5c,train,original,categorized_audio\alarm_siren\SS00095_e4c640a0.wav
SS00098,SS00098_d59a86d8.wav,animal_sound,esc50,1-31836-B-4.wav,d59a86d8a55ceaf65673df4ca0997503ee5f795c3bdb0fcb4b075ec653fa5f82,train,original,categorized_audio\animal_sound\SS00098_d59a86d8.wav
SS00100,SS00100_b80e92b0.wav,machinery_fault,esc50,1-32373-A-35.wav,b80e92b0c3b019a593601686fb2475e51294dfd9b1a36a1f34ce4e5edd9d5b0a,train,original,categorized_audio\machinery_fault\SS00100_b80e92b0.wav
SS00101,SS00101_d95a3f2c.wav,machinery_fault,esc50,1-32373-B-35.wav,d95a3f2c66f1f15f81c2526a3102ab0480aa012a538dcb95660df5e9055537c0,train,original,categorized_audio\machinery_fault\SS00101_d95a3f2c.wav
SS00103,SS00103_43814c96.wav,animal_sound,esc50,1-34094-B-5.wav,43814c96e62a5c2fbf14b84828cc929e381e53c0add7c1e8211d212e1da97734,train,original,categorized_audio\animal_sound\SS00103_43814c96.wav
SS00104,SS00104_4085bfea.wav,animal_sound,esc50,1-34119-A-1.wav,4085bfea267b1ecfcdd95b666e2f0c6a5fdf152794740834a24c54c75967f5fe,train,original,categorized_audio\animal_sound\SS00104_4085bfea.wav
SS00105,SS00105_55c3e6b3.wav,animal_sound,esc50,1-34119-B-1.wav,55c3e6b3ce6299d1c1675fc9655327aa2dbc2130d87c08f5f38cac7d33e336cc,train,original,categorized_audio\animal_sound\SS00105_55c3e6b3.wav
SS00107,SS00107_fcb9f579.wav,animal_sound,esc50,1-34497-A-14.wav,fcb9f579a65a189a2b0e35a38c6711eaad931aa208c8c43de0bf3ba15cf8380f,train,original,categorized_audio\animal_sound\SS00107_fcb9f579.wav
SS00108,SS00108_87c0ead3.wav,alarm_siren,esc50,1-34853-A-37.wav,87c0ead33b915845a8d86437b78755278408aedf8ed19e4880674a3679122cf4,train,original,categorized_audio\alarm_siren\SS00108_87c0ead3.wav
SS00109,SS00109_bda988c2.wav,animal_sound,esc50,1-38559-A-14.wav,bda988c22f4b928012abe6d4231b4244700dc615b6d43f439476cda3d7f8a5d8,train,original,categorized_audio\animal_sound\SS00109_bda988c2.wav
SS00110,SS00110_d6b1c659.wav,animal_sound,esc50,1-38560-A-14.wav,d6b1c659ed64ba12036d8834d0af88200849669dd5a16527e583d8c7f8c86106,train,original,categorized_audio\animal_sound\SS00110_d6b1c659.wav
SS00112,SS00112_c48f8bdd.wav,animal_sound,esc50,1-39835-B-9.wav,c48f8bddec7b80bd27d05a65b26a2ea8e128b0412a26ae06527acf3bcf1ffa0d,train,original,categorized_audio\animal_sound\SS00112_c48f8bdd.wav
SS00113,SS00113_b1e33d5f.wav,background_noise,esc50,1-39901-A-11.wav,b1e33d5fe73bc31317fa9fa4e70d0fcaf761346f8a908c89cec50c6c23f41603,train,original,categorized_audio\background_noise\SS00113_b1e33d5f.wav
SS00115,SS00115_62379ace.wav,animal_sound,esc50,1-39923-A-1.wav,62379ace4cf58d0625a09fa8cf943ce8ab5a99602c20c6f96bacd522e6903e06,train,original,categorized_audio\animal_sound\SS00115_62379ace.wav
SS00118,SS00118_6e8d15a8.wav,background_noise,esc50,1-4211-A-12.wav,6e8d15a855d1622c1f7dcd12e00ba2bfc3b65a316947e1bbdcaa0be0157175db,train,original,categorized_audio\background_noise\SS00118_6e8d15a8.wav
SS00119,SS00119_95fff216.wav,animal_sound,esc50,1-43382-A-1.wav,95fff21655b9945a12e73e69c1d1e5015b2f2802bde43bc7f76351b695cf9901,train,original,categorized_audio\animal_sound\SS00119_95fff216.wav
SS00120,SS00120_efd808d1.wav,background_noise,esc50,1-43760-A-11.wav,efd808d11d8df8f75f46b7d4183baf082abce9948985c4fca02e191d3204be10,train,original,categorized_audio\background_noise\SS00120_efd808d1.wav
SS00122,SS00122_065fe905.wav,animal_sound,esc50,1-46040-A-14.wav,065fe905f87b0a21efaebb6cd88ecee9fe407eb72bad3b43c52d2e099d262d72,train,original,categorized_audio\animal_sound\SS00122_065fe905.wav
SS00124,SS00124_0a1d6325.wav,machinery_fault,esc50,1-46353-A-49.wav,0a1d6325dc5bb88e18e18295cb7beb5a074ae34ea062df2d8f06013412a6aedc,train,original,categorized_audio\machinery_fault\SS00124_0a1d6325.wav
SS00125,SS00125_2ce99315.wav,machinery_fault,esc50,1-46744-A-36.wav,2ce9931568a6e0ddf3cf840988ffd2af6fe3be62012a1f865e18180fb2b0f21e,train,original,categorized_audio\machinery_fault\SS00125_2ce99315.wav
SS00128,SS00128_81312e10.wav,machinery_fault,esc50,1-47250-A-41.wav,81312e10f426ae6312c29a97fd4227ef36bcae323c520ddff4b8e890d458772d,train,original,categorized_audio\machinery_fault\SS00128_81312e10.wav
SS00129,SS00129_25cd4254.wav,machinery_fault,esc50,1-47250-B-41.wav,25cd4254bfe2be5d1d4674161a8dbc16635fd658cdd1b7bac80510099911f3c5,train,original,categorized_audio\machinery_fault\SS00129_25cd4254.wav
SS00130,SS00130_179c0a00.wav,background_noise,esc50,1-47709-A-16.wav,179c0a007da435841be8bca63bb0aa44fefc1af1b9dbb2a413f9c0acff805fea,train,original,categorized_audio\background_noise\SS00130_179c0a00.wav
SS00131,SS00131_cfcba34e.wav,background_noise,esc50,1-47714-A-16.wav,cfcba34eb24f53b5be2c5a824c664dc376890631490c29a46655abb43b19ae8b,train,original,categorized_audio\background_noise\SS00131_cfcba34e.wav
SS00132,SS00132_2abe50ef.wav,animal_sound,esc50,1-47819-A-5.wav,2abe50ef7597a38f17d49076a3800690355a8f70ab2952298dd0277c9d4a6839,train,original,categorized_audio\animal_sound\SS00132_2abe50ef.wav
SS00133,SS00133_05884970.wav,animal_sound,esc50,1-47819-B-5.wav,05884970b04e454d33b0ee8d5a6f185b941f38c466c19439f0b4124d262cc17e,train,original,categorized_audio\animal_sound\SS00133_05884970.wav
SS00134,SS00134_f8223f6d.wav,animal_sound,esc50,1-47819-C-5.wav,f8223f6d3ffcf23490c88dba5a298bfb48a96f58f4b9a5bfb141eb92bbe826b5,train,original,categorized_audio\animal_sound\SS00134_f8223f6d.wav
SS00135,SS00135_da6a7b9e.wav,alarm_siren,esc50,1-48298-A-46.wav,da6a7b9e762834c586b6e4e273754a3255f9910b781cd4c29997df7aa7ecc9a6,train,original,categorized_audio\alarm_siren\SS00135_da6a7b9e.wav
SS00136,SS00136_14c76b96.wav,machinery_fault,esc50,1-49098-A-35.wav,14c76b96653f5a54cc7615b05bc2bd942f09dbfeb6096c6de6649306bbd0c820,train,original,categorized_audio\machinery_fault\SS00136_14c76b96.wav
SS00137,SS00137_fcfe7f69.wav,animal_sound,esc50,1-49409-A-8.wav,fcfe7f698a5e8b48b23b5e62a275f15d65cd2d3ed5119d511ae2f896941bec34,train,original,categorized_audio\animal_sound\SS00137_fcfe7f69.wav
SS00139,SS00139_cc8119be.wav,background_noise,esc50,1-50060-A-10.wav,cc8119be878eafdc69f7408dad614493a238174372eebf75e4c8314d1bb9807d,train,original,categorized_audio\background_noise\SS00139_cc8119be.wav
SS00140,SS00140_8110a6df.wav,machinery_fault,esc50,1-50454-A-44.wav,8110a6df1a30a16513c9516caf46dd34b9ae516dd28982e521019ad99831bcfa,train,original,categorized_audio\machinery_fault\SS00140_8110a6df.wav
SS00142,SS00142_7d73ac95.wav,background_noise,esc50,1-50623-A-15.wav,7d73ac9525cb81fe60a0728b310e1f27affc550945da7fa780961dc2f39cbbc9,train,original,categorized_audio\background_noise\SS00142_7d73ac95.wav
SS00143,SS00143_267bc4a3.wav,background_noise,esc50,1-50625-A-17.wav,267bc4a3836dfc673e404bd12d8655a1e00f01e07078cb9d404d2b82cbd3aa07,train,original,categorized_audio\background_noise\SS00143_267bc4a3.wav
SS00144,SS00144_10e7461b.wav,machinery_fault,esc50,1-50661-A-44.wav,10e7461b7fe455a10bceba5fd6299c5bb4bd73d7138853baa09f04ee777f09a4,train,original,categorized_audio\machinery_fault\SS00144_10e7461b.wav
SS00145,SS00145_9e7efd37.wav,background_noise,esc50,1-50688-A-17.wav,9e7efd373b61dda31a96f058fe6fae8f062de6165b91359ee04b0e1b16fd641b,train,original,categorized_audio\background_noise\SS00145_9e7efd37.wav
SS00147,SS00147_77aee037.wav,background_noise,esc50,1-51036-A-16.wav,77aee0377d909fb77cd085ef1a1828c8aec3da8306e8ca7cf8c17f5c77ae3111,train,original,categorized_audio\background_noise\SS00147_77aee037.wav
SS00150,SS00150_39f57dcd.wav,background_noise,esc50,1-51436-A-17.wav,39f57dcdf3c76e30f7ffce0e1a3c91b4afbc081d6e86b0503fb03207119c64e2,train,original,categorized_audio\background_noise\SS00150_39f57dcd.wav
SS00151,SS00151_b0ce84a3.wav,alarm_siren,esc50,1-54084-A-42.wav,b0ce84a3c012d144a1f97394cab2830512078d660e809eecb8abc4fa8ad0a9e1,train,original,categorized_audio\alarm_siren\SS00151_b0ce84a3.wav
SS00152,SS00152_a0664359.wav,alarm_siren,esc50,1-54747-A-46.wav,a0664359aa21e7b44f8de962632c9ed2bca9f86728056ae8dd14ae7ac5cd0330,train,original,categorized_audio\alarm_siren\SS00152_a0664359.wav
SS00153,SS00153_86ee46f8.wav,animal_sound,esc50,1-54918-A-14.wav,86ee46f8d022bc8083828f9aacfbcd21602a35002e59740385341268a8df0ddc,train,original,categorized_audio\animal_sound\SS00153_86ee46f8.wav
SS00154,SS00154_86620fdd.wav,animal_sound,esc50,1-54918-B-14.wav,86620fddba2ad91ec91181fa049a4e54ab02b667d426f7b4865ae53a3d7f0e45,train,original,categorized_audio\animal_sound\SS00154_86620fdd.wav
SS00155,SS00155_d93233d4.wav,background_noise,esc50,1-54958-A-10.wav,d93233d42dc57a3e81cb9ca446145f50cdc806f0174393b1055e5d9a327cef86,train,original,categorized_audio\background_noise\SS00155_d93233d4.wav
SS00156,SS00156_9cb4e709.wav,animal_sound,esc50,1-56233-A-9.wav,9cb4e70950714136aac1809bd1eb73faff0359343b68969743420a771d2c33aa,train,original,categorized_audio\animal_sound\SS00156_9cb4e709.wav
SS00157,SS00157_6fda26eb.wav,animal_sound,esc50,1-56234-A-9.wav,6fda26eb779f5cd7edd40280d8073c43b399e80d2e2e23939529ec00e8f200a9,train,original,categorized_audio\animal_sound\SS00157_6fda26eb.wav
SS00158,SS00158_cf0dcbd4.wav,background_noise,esc50,1-56311-A-10.wav,cf0dcbd49d979bf73992068b51db46cf3098995e66b3fb8ceb6ec276009aadc7,train,original,categorized_audio\background_noise\SS00158_cf0dcbd4.wav
SS00159,SS00159_41b7fa6b.wav,animal_sound,esc50,1-56380-A-5.wav,41b7fa6bca14e3f8571c238ddc06256c57c377ca510caeab136b9145294a416a,train,original,categorized_audio\animal_sound\SS00159_41b7fa6b.wav
SS00161,SS00161_e0de072c.wav,alarm_siren,esc50,1-56907-A-46.wav,e0de072c2a397fb68b373c758ebf13481ade9c6330444180d40b0518cfb62ff3,train,original,categorized_audio\alarm_siren\SS00161_e0de072c.wav
SS00162,SS00162_2df85254.wav,animal_sound,esc50,1-57316-A-13.wav,2df85254c1ba9c2bcb8517c8d2b36caeaf60ab6197e2e3b7285680720ecd638c,train,original,categorized_audio\animal_sound\SS00162_2df85254.wav
SS00163,SS00163_0e02985a.wav,animal_sound,esc50,1-57318-A-13.wav,0e02985a93837d58cfaaf3da12e49bb0438bcd007afc22b46a8bb05002bcb849,train,original,categorized_audio\animal_sound\SS00163_0e02985a.wav
SS00164,SS00164_35135985.wav,animal_sound,esc50,1-57795-A-8.wav,3513598567597a06bd786b87e76f62ffbda3f66a90f838fd9567f8ac32e719f9,train,original,categorized_audio\animal_sound\SS00164_35135985.wav
SS00165,SS00165_0b91b847.wav,animal_sound,esc50,1-58277-A-3.wav,0b91b847564bf0092d4b61157949cfb3d8e3215be9a041e16aaca6b3c2a60e5c,train,original,categorized_audio\animal_sound\SS00165_0b91b847.wav
SS00166,SS00166_e316ba0e.wav,animal_sound,esc50,1-59102-A-13.wav,e316ba0e0a2e1eafa204909392c0834ee679355e1eb4c583e40624905dd22493,train,original,categorized_audio\animal_sound\SS00166_e316ba0e.wav
SS00167,SS00167_b573fcbb.wav,animal_sound,esc50,1-59513-A-0.wav,b573fcbb4d3a8a05a857dc1ffdb09c687253ff3a03baa326460e291ce4cbfee7,train,original,categorized_audio\animal_sound\SS00167_b573fcbb.wav
SS00170,SS00170_71feb207.wav,background_noise,esc50,1-61221-A-17.wav,71feb207837a30c5850278db8f09a828bf01bed3c606b6afbc0af15414efc1f2,train,original,categorized_audio\background_noise\SS00170_71feb207.wav
SS00171,SS00171_fb76a053.wav,background_noise,esc50,1-61252-A-11.wav,fb76a05332ed37fa76ef09b878d28831d5c433554d317893a9911384bd84082b,train,original,categorized_audio\background_noise\SS00171_fb76a053.wav
SS00172,SS00172_6f60f274.wav,machinery_fault,esc50,1-61261-A-44.wav,6f60f274364bab7ca04a1221448efd1c0436292f7dce158eabeafacd338f6065,train,original,categorized_audio\machinery_fault\SS00172_6f60f274.wav
SS00174,SS00174_9ae14612.wav,background_noise,esc50,1-63871-A-10.wav,9ae1461223eaecf2df3818b51e0d7b5987ef497b17038594455bbcee6673d350,train,original,categorized_audio\background_noise\SS00174_9ae14612.wav
SS00176,SS00176_fc460220.wav,machinery_fault,esc50,1-64398-B-41.wav,fc460220cde3dc9a080da0c1742d38755a25870463bc34d66aec65eb16050fb5,train,original,categorized_audio\machinery_fault\SS00176_fc460220.wav
SS00179,SS00179_f3684607.wav,background_noise,esc50,1-67152-A-17.wav,f36846074aa0a4ba6ce6041cef2e26c808ca8de5e3ca655525a0ff3fcd01d112,train,original,categorized_audio\background_noise\SS00179_f3684607.wav
SS00180,SS00180_eae21142.wav,animal_sound,esc50,1-69422-A-3.wav,eae2114202f30a4adca8bae5d583c93a9e203eaec6297d638c0155117635f48a,train,original,categorized_audio\animal_sound\SS00180_eae21142.wav
SS00184,SS00184_4ab392d7.wav,animal_sound,esc50,1-71030-A-6.wav,4ab392d7464a2a4b7d84eec89314490e459aca98786fad224243625f1861de02,train,original,categorized_audio\animal_sound\SS00184_4ab392d7.wav
SS00186,SS00186_e7aab383.wav,alarm_siren,esc50,1-72195-B-37.wav,e7aab3836068e1776bc2a16086b49e57046d728812b4ed9989053ebc705a4f7e,train,original,categorized_audio\alarm_siren\SS00186_e7aab383.wav
SS00187,SS00187_d6d876c2.wav,animal_sound,esc50,1-72229-A-6.wav,d6d876c24c6c41d7e7f2a12433b7225340237b0f6f77ad0c07cdfadfdba16041,train,original,categorized_audio\animal_sound\SS00187_d6d876c2.wav
SS00188,SS00188_5e34754f.wav,animal_sound,esc50,1-72229-B-6.wav,5e34754fb50a5e30240c2effaed7bb15cf4bb2efc3d88a4140ce61d0684591e4,train,original,categorized_audio\animal_sound\SS00188_5e34754f.wav
SS00189,SS00189_167d606a.wav,animal_sound,esc50,1-73585-A-7.wav,167d606a6707a59115243e50b344c5cf97f5865f3ec70585feb7480e15b20dbd,train,original,categorized_audio\animal_sound\SS00189_167d606a.wav
SS00190,SS00190_119c2783.wav,alarm_siren,esc50,1-74517-A-37.wav,119c27838962b7aee90e1d26fbad8a7da2977da8f788d79a1ada43d27f15e4aa,train,original,categorized_audio\alarm_siren\SS00190_119c2783.wav
SS00191,SS00191_e0d18300.wav,animal_sound,esc50,1-7456-A-13.wav,e0d183004905b786e6e5e48aa9b6e0aa7630b4b4dfbaeae5da900c041b5e7408,train,original,categorized_audio\animal_sound\SS00191_e0d18300.wav
SS00193,SS00193_626f938e.wav,animal_sound,esc50,1-75189-A-7.wav,626f938e5e5ef9fc37f3cc326a3286fb6ad1c8128336dfa02cbf9342eea53b4d,train,original,categorized_audio\animal_sound\SS00193_626f938e.wav
SS00197,SS00197_bed7848f.wav,alarm_siren,esc50,1-76831-C-42.wav,bed7848fd5b111ba310961c15e6a89520f14f5f3207178035a0807f5f60ab841,train,original,categorized_audio\alarm_siren\SS00197_bed7848f.wav
SS00199,SS00199_d45df4c5.wav,alarm_siren,esc50,1-76831-E-42.wav,d45df4c567ab2398c4fae35654266e74f92de5022d36944fef4c9f79d919288a,train,original,categorized_audio\alarm_siren\SS00199_d45df4c5.wav
SS00200,SS00200_40acbd05.wav,animal_sound,esc50,1-77160-A-3.wav,40acbd05cffe4f1a0a435a4ac31e2d1a747f3ecaa43a04ffaf93ea4b79e80007,train,original,categorized_audio\animal_sound\SS00200_40acbd05.wav
SS00202,SS00202_4c1b3bc5.wav,animal_sound,esc50,1-79113-A-5.wav,4c1b3bc531fb57cbe6d23a111d35878579070fafad0a1508b954cf9c619af647,train,original,categorized_audio\animal_sound\SS00202_4c1b3bc5.wav
SS00203,SS00203_cd339a1d.wav,background_noise,esc50,1-79220-A-17.wav,cd339a1d95e502074493699e00ec0fd85d887dbf760de8ebe7be143804f04b02,train,original,categorized_audio\background_noise\SS00203_cd339a1d.wav
SS00204,SS00204_c2a7d2bc.wav,machinery_fault,esc50,1-79236-A-36.wav,c2a7d2bc06b14b9e9cecaa1e67ab5c0b21e1c1caa9945b853d1b7c9009e3ae8b,train,original,categorized_audio\machinery_fault\SS00204_c2a7d2bc.wav
SS00205,SS00205_889f613a.wav,animal_sound,esc50,1-7973-A-7.wav,889f613a74d03a8c299193ca8f37c4468a5b88229932ab2ba3fa0a725d8aabb9,train,original,categorized_audio\animal_sound\SS00205_889f613a.wav
SS00206,SS00206_6d716793.wav,machinery_fault,esc50,1-7974-A-49.wav,6d71679378b81aca9372f3d22a1c9d0adec9abed91cdb35c555c27c9c31f1dad,train,original,categorized_audio\machinery_fault\SS00206_6d716793.wav
SS00207,SS00207_27544da8.wav,machinery_fault,esc50,1-7974-B-49.wav,27544da8a76fd3efab41b470ec2aa0e78395f1e5fe408c5d2d67890aa94332b0,train,original,categorized_audio\machinery_fault\SS00207_27544da8.wav
SS00208,SS00208_c150869a.wav,animal_sound,esc50,1-80785-A-7.wav,c150869a185f1a5d95c0593e2ff248b78219eb9831aeff2dc31d7a241bc18238,train,original,categorized_audio\animal_sound\SS00208_c150869a.wav
SS00210,SS00210_dea6239d.wav,animal_sound,esc50,1-80841-A-13.wav,dea6239d0ea4995f0f6103bc060541b70a5b514523d5a68187363ff16ea385d9,train,original,categorized_audio\animal_sound\SS00210_dea6239d.wav
SS00211,SS00211_c90db3c3.wav,animal_sound,esc50,1-81269-A-3.wav,c90db3c3e0a705ed7c566cd6658377a1e3244045fb46b482f7a8c7b96a5b8ab1,train,original,categorized_audio\animal_sound\SS00211_c90db3c3.wav
SS00212,SS00212_79efba4c.wav,glass_breaking,esc50,1-84536-A-39.wav,79efba4c0c54acadc88783e83b428fc9c430db94515b25339a6b5598e2ade0c0,train,original,categorized_audio\glass_breaking\SS00212_79efba4c.wav
SS00213,SS00213_c3e1abf0.wav,glass_breaking,esc50,1-84704-A-39.wav,c3e1abf0273f02b5f89e7d51cb890f3ad1575dc55fe1023650b0860b6f3abd15,train,original,categorized_audio\glass_breaking\SS00213_c3e1abf0.wav
SS00214,SS00214_e8cc52dd.wav,glass_breaking,esc50,1-84705-A-39.wav,e8cc52dd91213cd69031e10c0fe15f77230f588ececb13cc7c906c43ece32336,train,original,categorized_audio\glass_breaking\SS00214_e8cc52dd.wav
SS00216,SS00216_aafacfae.wav,glass_breaking,esc50,1-85184-A-39.wav,aafacfae6a441ba21f4c76a11042726f933272709a099a54a15a905a1d65b837,train,original,categorized_audio\glass_breaking\SS00216_aafacfae.wav
SS00217,SS00217_2f774293.wav,animal_sound,esc50,1-85362-A-0.wav,2f7742933d677b0dc8d77b802e90ee0fb94b5828183ca96f7a8dd8d24ab57b7b,train,original,categorized_audio\animal_sound\SS00217_2f774293.wav
SS00218,SS00218_57b57ec4.wav,animal_sound,esc50,1-88574-A-8.wav,57b57ec473ab0e0768219023172c8f9a8b67a4e6cc4eeffd4e4fbaf132e81268,train,original,categorized_audio\animal_sound\SS00218_57b57ec4.wav
SS00219,SS00219_e5c36817.wav,glass_breaking,esc50,1-88807-A-39.wav,e5c368173342c2acba450c7d3116fac74fcec86bc8dc26055c6da7ebc509d191,train,original,categorized_audio\glass_breaking\SS00219_e5c36817.wav
SS00220,SS00220_53c31439.wav,background_noise,esc50,1-90797-A-15.wav,53c31439d01c36f13c774287707bb6cb5fe24bdea15e213e4c49fcd88b78b584,train,original,categorized_audio\background_noise\SS00220_53c31439.wav
SS00221,SS00221_dc68614d.wav,background_noise,esc50,1-91359-A-11.wav,dc68614d5082a595bce514b13304d91451cc6d570dddfb84a9283e5d77fc3148,train,original,categorized_audio\background_noise\SS00221_dc68614d.wav
SS00223,SS00223_48e8337f.wav,alarm_siren,esc50,1-96890-A-37.wav,48e8337f9d0df547ca9784597aea7f00d4ec3984ee5aa5894d21fed0f4f8a399,train,original,categorized_audio\alarm_siren\SS00223_48e8337f.wav
SS00224,SS00224_a199a681.wav,animal_sound,esc50,1-96950-A-9.wav,a199a6812e4c68b7181a7c687b9dfb56ce07bcb6a38120819b57589479b27927,train,original,categorized_audio\animal_sound\SS00224_a199a681.wav
SS00225,SS00225_dcfe51f3.wav,animal_sound,esc50,1-96950-B-9.wav,dcfe51f36294220efeb1cb8d16016a4500892668134d85bab4b0ef8ed54be5be,train,original,categorized_audio\animal_sound\SS00225_dcfe51f3.wav
SS00226,SS00226_9ec2eb30.wav,animal_sound,esc50,1-97392-A-0.wav,9ec2eb304d2a1ab3a50150a2a558dce0771e4ffc920d074e107fd76cb7b5d28c,train,original,categorized_audio\animal_sound\SS00226_9ec2eb30.wav
SS00228,SS00228_42d99702.wav,animal_sound,esc50,1-9841-A-13.wav,42d997027d8227c21fdf7edf24fcee019d6450bfb3343dbfffb5d3210a24c0ff,train,original,categorized_audio\animal_sound\SS00228_42d99702.wav
SS00229,SS00229_a58f08da.wav,machinery_fault,esc50,1-9886-A-49.wav,a58f08da432f03b8516219c3999628ddd92c77afba1af7df02afe1138cb8a779,train,original,categorized_audio\machinery_fault\SS00229_a58f08da.wav
SS00230,SS00230_05835a86.wav,machinery_fault,esc50,1-9887-A-49.wav,05835a86a447de42809ec63ad3f0beca153456c9f5e9342a8410aadef65785e1,train,original,categorized_audio\machinery_fault\SS00230_05835a86.wav
SS00231,SS00231_4a9f5a9c.wav,machinery_fault,esc50,1-9887-B-49.wav,4a9f5a9c1b017cb798b74665d376e83128af49a8956295021d8d906c625e63f3,train,original,categorized_audio\machinery_fault\SS00231_4a9f5a9c.wav
SS00232,SS00232_d52b04e2.wav,vehicle_horn,esc50,2-100648-A-43.wav,d52b04e2cd6fee1467d9faae0297b5eb2e3c7a68575bf6f982ca0c738f91df68,train,original,categorized_audio\vehicle_horn\SS00232_d52b04e2.wav
SS00233,SS00233_53704d16.wav,animal_sound,esc50,2-100786-A-1.wav,53704d16503042581837335ba937d399c028f788903f103abf44af1c2d2d5d71,train,original,categorized_audio\animal_sound\SS00233_53704d16.wav
SS00234,SS00234_ef456a67.wav,background_noise,esc50,2-101676-A-10.wav,ef456a67e12d2e2c84513e9eb8bea769e343cd5e0bfe65a34dc96c526f260838,train,original,categorized_audio\background_noise\SS00234_ef456a67.wav
SS00236,SS00236_07eaaaba.wav,background_noise,esc50,2-102414-B-17.wav,07eaaabafd8fa568d1899e721b6a8766d6f34ff817fdcde796eb9bfd6fd3ccea,train,original,categorized_audio\background_noise\SS00236_07eaaaba.wav
SS00237,SS00237_1cd86014.wav,background_noise,esc50,2-102414-C-17.wav,1cd86014c8ee7398c45bcbff388cf8b3006dc017207f409624c9a26c055f539c,train,original,categorized_audio\background_noise\SS00237_1cd86014.wav
SS00238,SS00238_754e3a3f.wav,background_noise,esc50,2-102414-D-17.wav,754e3a3f29218b6742c6b60c26e12fe0693352da38c46015652f1bf2e7fdda05,train,original,categorized_audio\background_noise\SS00238_754e3a3f.wav
SS00242,SS00242_6917ce39.wav,alarm_siren,esc50,2-102435-A-37.wav,6917ce398c3cb7cb426c65224f59e63794eeabd732ad2f399c23f5b091bbcd12,train,original,categorized_audio\alarm_siren\SS00242_6917ce39.wav
SS00243,SS00243_fb6a18ab.wav,machinery_fault,esc50,2-102567-A-35.wav,fb6a18ab967f87466bb047e0165354e20fb1d33a8a6ea5810fa260645171b26b,train,original,categorized_audio\machinery_fault\SS00243_fb6a18ab.wav
SS00244,SS00244_f88e6e5e.wav,machinery_fault,esc50,2-102567-B-35.wav,f88e6e5e078013025b79671369cbe82dfc05290ae20857746e31b8c04b9d5f01,train,original,categorized_audio\machinery_fault\SS00244_f88e6e5e.wav
SS00245,SS00245_9fdb8301.wav,machinery_fault,esc50,2-102567-C-35.wav,9fdb8301cd41ff855170092bb932f94f155022e6d60be70debb79be10c663f8f,train,original,categorized_audio\machinery_fault\SS00245_9fdb8301.wav
SS00246,SS00246_35bee311.wav,machinery_fault,esc50,2-102567-D-35.wav,35bee3117918059a34ba7a793877a3556b4dfe2195d8c838670a0a9700724422,train,original,categorized_audio\machinery_fault\SS00246_35bee311.wav
SS00248,SS00248_88e893f0.wav,background_noise,esc50,2-102852-A-11.wav,88e893f0db59886dd96f9b2c0f839eaad0364e9d2ec948eca3ef6af1a66e64b5,train,original,categorized_audio\background_noise\SS00248_88e893f0.wav
SS00249,SS00249_8fea1be6.wav,animal_sound,esc50,2-103423-A-3.wav,8fea1be61f324f3ab5a98655cac91f027542aa2ab609d5c45e603cf9bda5d15e,train,original,categorized_audio\animal_sound\SS00249_8fea1be6.wav
SS00251,SS00251_0a6a76ce.wav,animal_sound,esc50,2-103426-A-3.wav,0a6a76ceea0c571574d52c77f32e1865d032fbcb1ce71a442831a6f032a3f2b8,train,original,categorized_audio\animal_sound\SS00251_0a6a76ce.wav
SS00252,SS00252_4840991a.wav,animal_sound,esc50,2-103427-A-3.wav,4840991aed3e29e268e13d57aa261a228edfc1f092d58523448ac23dfd80d898,train,original,categorized_audio\animal_sound\SS00252_4840991a.wav
SS00255,SS00255_8a02fab3.wav,background_noise,esc50,2-104105-B-19.wav,8a02fab36f501893605f9e5de65e96c5a6a0828245415991b89828caadfdf180,train,original,categorized_audio\background_noise\SS00255_8a02fab3.wav
SS00257,SS00257_eb652724.wav,alarm_siren,esc50,2-104476-A-37.wav,eb652724ba0a12a9665073a2b7130c685c67ac69c2d55cd8fd6c5b4593e28548,train,original,categorized_audio\alarm_siren\SS00257_eb652724.wav
SS00258,SS00258_d080b1e1.wav,animal_sound,esc50,2-104877-A-3.wav,d080b1e130167773798ef2ef7c2b7bede174e2afb0d7387e4769856a94d25deb,train,original,categorized_audio\animal_sound\SS00258_d080b1e1.wav
SS00259,SS00259_d3f15c7e.wav,background_noise,esc50,2-104952-A-16.wav,d3f15c7eaac8332a48fb0aeb921d1b50ae8eba558928eaa4f7c30639018854df,train,original,categorized_audio\background_noise\SS00259_d3f15c7e.wav
SS00260,SS00260_88d27648.wav,background_noise,esc50,2-104952-B-16.wav,88d27648c6a78a46cebaba763af5e09dc491296dd49a0a928b1104c1cda1c735,train,original,categorized_audio\background_noise\SS00260_88d27648.wav
SS00262,SS00262_f0ba6aad.wav,machinery_fault,esc50,2-106015-A-44.wav,f0ba6aad7c9281f54565f01bb64435407705b363f81d67f0d1eab4532b40140c,train,original,categorized_audio\machinery_fault\SS00262_f0ba6aad.wav
SS00263,SS00263_105471eb.wav,machinery_fault,esc50,2-106015-B-44.wav,105471eb1b1921b7c0a2df9b64e1a873bb4fe027fb62201f51d1d0d845983daa,train,original,categorized_audio\machinery_fault\SS00263_105471eb.wav
SS00264,SS00264_8728828a.wav,animal_sound,esc50,2-106019-A-13.wav,8728828af8b276092646dd7d734502d6dae960aa2f4dc4a585e001645e03d41e,train,original,categorized_audio\animal_sound\SS00264_8728828a.wav
SS00268,SS00268_0b00f30a.wav,machinery_fault,esc50,2-106487-A-44.wav,0b00f30a8e3f533b537f080d757e3e63b561ffc7df2c2b590401b9702f83d664,train,original,categorized_audio\machinery_fault\SS00268_0b00f30a.wav
SS00269,SS00269_e54a661c.wav,glass_breaking,esc50,2-106881-A-39.wav,e54a661c1fff8150b7c34d54da1686a18eaeaaf454394b866a251ceb68e3f886,train,original,categorized_audio\glass_breaking\SS00269_e54a661c.wav
SS00270,SS00270_c07111aa.wav,machinery_fault,esc50,2-107228-A-44.wav,c07111aa13c801afbb81f4d5357865d450e3c4ae8a52ba4746b5f03e32294be3,train,original,categorized_audio\machinery_fault\SS00270_c07111aa.wav
SS00271,SS00271_235a1adc.wav,machinery_fault,esc50,2-107228-B-44.wav,235a1adc585c4aaaa9447e843783b88e14326b61b68cac0d2b3c11982762e18b,train,original,categorized_audio\machinery_fault\SS00271_235a1adc.wav
SS00272,SS00272_c8b16643.wav,animal_sound,esc50,2-108760-A-14.wav,c8b166433114f83cb401192a7f485e501698c9ebc091bf8c4c21a17b9b3040fc,train,original,categorized_audio\animal_sound\SS00272_c8b16643.wav
SS00273,SS00273_717fd2c1.wav,animal_sound,esc50,2-108760-B-14.wav,717fd2c117208dde97da875c237918141c66c7a4b92818fd7d236c9fb3fc0783,train,original,categorized_audio\animal_sound\SS00273_717fd2c1.wav
SS00274,SS00274_e8ae4ed6.wav,animal_sound,esc50,2-108761-A-14.wav,e8ae4ed6faea0630e7c7f555a73c9dda5e67e37f108b26f8e15d4275dfd53d0c,train,original,categorized_audio\animal_sound\SS00274_e8ae4ed6.wav
SS00277,SS00277_3ba19aee.wav,animal_sound,esc50,2-108767-A-9.wav,3ba19aee2d427e51a971be11a3eb4fe340ffbfdbfd2f3ad9454a3a89e6ffeafb,train,original,categorized_audio\animal_sound\SS00277_3ba19aee.wav
SS00281,SS00281_c8955af1.wav,animal_sound,esc50,2-109231-B-9.wav,c8955af1369d17446c322be2df1e3c98fb89b41da5d2215638ee9209318af98f,train,original,categorized_audio\animal_sound\SS00281_c8955af1.wav
SS00284,SS00284_be0ea8a1.wav,background_noise,esc50,2-109371-B-16.wav,be0ea8a1ff1748c5c5a4bbff92e03ddb2a67bf4b7f07679047468490d08f8bdc,train,original,categorized_audio\background_noise\SS00284_be0ea8a1.wav
SS00285,SS00285_0f4cdd69.wav,background_noise,esc50,2-109371-C-16.wav,0f4cdd69ef229b244563c681b4b3fde04840941c9304dea0946b919c060752ef,train,original,categorized_audio\background_noise\SS00285_0f4cdd69.wav
SS00286,SS00286_c40dcc1e.wav,background_noise,esc50,2-109371-D-16.wav,c40dcc1e5ee9ab4c3663f0022d9443d2623a0c205924f3e508ee710deb4f0d98,train,original,categorized_audio\background_noise\SS00286_c40dcc1e.wav
SS00287,SS00287_a4aaa0c3.wav,background_noise,esc50,2-109374-A-16.wav,a4aaa0c3473b7db30a3738ad432299d2360d2236bb5816c9c5cf1f0fa855f52d,train,original,categorized_audio\background_noise\SS00287_a4aaa0c3.wav
SS00288,SS00288_e3777378.wav,animal_sound,esc50,2-110010-A-5.wav,e3777378fd307de79c32e6f3e035001343bb0e9d6726fd5d871833bd8522c731,train,original,categorized_audio\animal_sound\SS00288_e3777378.wav
SS00291,SS00291_cf9681cb.wav,animal_sound,esc50,2-110614-A-8.wav,cf9681cb5a3eb18088228436c764006f9dfbcc1822274186eb680239435f6ed2,train,original,categorized_audio\animal_sound\SS00291_cf9681cb.wav
SS00293,SS00293_a6b60fb2.wav,glass_breaking,esc50,2-112213-A-39.wav,a6b60fb2268d7f0ceda0ff6f798d2d51b4ceb08218b3ac5ca91980a42d9c706b,train,original,categorized_audio\glass_breaking\SS00293_a6b60fb2.wav
SS00294,SS00294_d1d70553.wav,glass_breaking,esc50,2-112213-B-39.wav,d1d705535a4506b6e7f94c8ebff688bc0aa8bc115b42e8daf13542bec4f90ac7,train,original,categorized_audio\glass_breaking\SS00294_d1d70553.wav
SS00295,SS00295_23cd06e6.wav,animal_sound,esc50,2-114280-A-0.wav,23cd06e6c8b2e054d13ad6392d34d91588cd8572041d6f4c1c337048fd5deb69,train,original,categorized_audio\animal_sound\SS00295_23cd06e6.wav
SS00296,SS00296_34d7f9c3.wav,animal_sound,esc50,2-114587-A-0.wav,34d7f9c32c2cda9b6b68483028bb85326259d1c5f2956eac2ecc48b18b06f999,train,original,categorized_audio\animal_sound\SS00296_34d7f9c3.wav
SS00297,SS00297_9830a9cc.wav,animal_sound,esc50,2-116400-A-0.wav,9830a9ccefad59e7ac9313b86913a6a15e5b4cb281fd479fc6fb076a06ff2a6e,train,original,categorized_audio\animal_sound\SS00297_9830a9cc.wav
SS00298,SS00298_c1d8172c.wav,alarm_siren,esc50,2-117116-A-37.wav,c1d8172cb41dd3338c2f48475c13b0bccaa99515c111e24f1a638a76774f0979,train,original,categorized_audio\alarm_siren\SS00298_c1d8172c.wav
SS00299,SS00299_636eb410.wav,animal_sound,esc50,2-117271-A-0.wav,636eb41093489304bb85802fdf2e8ac8b911500516e210e01f3b0b92f156c01d,train,original,categorized_audio\animal_sound\SS00299_636eb410.wav
SS00300,SS00300_26c3b6b4.wav,background_noise,esc50,2-117625-A-10.wav,26c3b6b455aeb91f6f3d9a2b00f7e06bd1fc79609606ea2ae86272657dc02e88,train,original,categorized_audio\background_noise\SS00300_26c3b6b4.wav
SS00301,SS00301_3fc4813d.wav,animal_sound,esc50,2-117795-A-3.wav,3fc4813da6aacad5956ab9a4943d0d80a2fb2e6e7a4139cb93fc083f187a15c6,train,original,categorized_audio\animal_sound\SS00301_3fc4813d.wav
SS00304,SS00304_c684bc7d.wav,animal_sound,esc50,2-118964-A-0.wav,c684bc7d6ff7d8b9dbb7b033760319c4b4aac2ec0ae221df9ba684790a502d87,train,original,categorized_audio\animal_sound\SS00304_c684bc7d.wav
SS00305,SS00305_da487f73.wav,animal_sound,esc50,2-119161-A-8.wav,da487f739a2260c5f597cfb4fbf76f013fd0616180a4a9590989493837c5a40d,train,original,categorized_audio\animal_sound\SS00305_da487f73.wav
SS00306,SS00306_15d00f32.wav,animal_sound,esc50,2-119161-B-8.wav,15d00f32393111f6d1260b584a9a8e2c0b23a50cb4e39c953d30628e1aece800,train,original,categorized_audio\animal_sound\SS00306_15d00f32.wav
SS00307,SS00307_9f9ad7b8.wav,animal_sound,esc50,2-119161-C-8.wav,9f9ad7b894a8d50bf59ce6c4750e5d2d8a4dfc534aebf490babc9f8befd8b2ac,train,original,categorized_audio\animal_sound\SS00307_9f9ad7b8.wav
SS00308,SS00308_b077480a.wav,animal_sound,esc50,2-120586-A-6.wav,b077480a9b26ba20472e4c0263544c86a0af49351057072dde7bb2d483a054da,train,original,categorized_audio\animal_sound\SS00308_b077480a.wav
SS00309,SS00309_1f8830d0.wav,animal_sound,esc50,2-120587-A-6.wav,1f8830d0c8a05a78b998e43fbfc565af636156147f7b5cadaa598ff1f12f4c64,train,original,categorized_audio\animal_sound\SS00309_1f8830d0.wav
SS00310,SS00310_653406b8.wav,machinery_fault,esc50,2-121909-A-35.wav,653406b8837c9202bde48dbde333aab65c887a752be0436ace262e0ccd78ae49,train,original,categorized_audio\machinery_fault\SS00310_653406b8.wav
SS00311,SS00311_0ed7ff66.wav,animal_sound,esc50,2-122104-A-0.wav,0ed7ff66a9d9a570768815d0027803283f091201ec8bf742f466441ad051f736,train,original,categorized_audio\animal_sound\SS00311_0ed7ff66.wav
SS00314,SS00314_89cb5093.wav,machinery_fault,esc50,2-122820-A-36.wav,89cb5093a2706c98fb55cf9f2b609349e31c44f3be91dcd22fbb3ed64162ec38,train,original,categorized_audio\machinery_fault\SS00314_89cb5093.wav
SS00315,SS00315_d00e4870.wav,machinery_fault,esc50,2-122820-B-36.wav,d00e4870e272267edea4c370525c8aa653979564b84646a5a97d0bef7694ba8d,train,original,categorized_audio\machinery_fault\SS00315_d00e4870.wav
SS00316,SS00316_9b8cba3b.wav,background_noise,esc50,2-124564-A-15.wav,9b8cba3bb95b883c392c6dada8b256a7a8aa708f464de23c4d377fd321a2c38b,train,original,categorized_audio\background_noise\SS00316_9b8cba3b.wav
SS00317,SS00317_60c68833.wav,background_noise,esc50,2-124662-A-11.wav,60c6883343535fcf14bb030d30c7b79c81fad89fdc7f4e6f34d81c1d98c1e645,train,original,categorized_audio\background_noise\SS00317_60c68833.wav
SS00322,SS00322_42ebae9c.wav,background_noise,esc50,2-126433-A-17.wav,42ebae9ce17ef3bec250c4ca960c46b951f5b7da04785ba77be66c501d053f29,train,original,categorized_audio\background_noise\SS00322_42ebae9c.wav
SS00324,SS00324_3ea14ee5.wav,vehicle_horn,esc50,2-128465-A-43.wav,3ea14ee5f81618b2f7575597fd5ea84b81e9f6cad8be31925c8146e593c4223c,train,original,categorized_audio\vehicle_horn\SS00324_3ea14ee5.wav
SS00325,SS00325_33b2d695.wav,vehicle_horn,esc50,2-128465-B-43.wav,33b2d69540813ddad41ec1fd472d0a488badd3f584d6d2866b1c01cc8bf3f4fc,train,original,categorized_audio\vehicle_horn\SS00325_33b2d695.wav
SS00327,SS00327_4158aa78.wav,background_noise,esc50,2-132157-B-11.wav,4158aa78341d58d23771deb264c7db18f9a3784b42fc838c77a002cb28e3f784,train,original,categorized_audio\background_noise\SS00327_4158aa78.wav
SS00328,SS00328_a5dc90f7.wav,background_noise,esc50,2-133863-A-11.wav,a5dc90f79b7bfbe1b1b8279d5f5542be82af3fa32502ba57518d1302e9e38a9f,train,original,categorized_audio\background_noise\SS00328_a5dc90f7.wav
SS00329,SS00329_a0136c66.wav,animal_sound,esc50,2-134049-A-6.wav,a0136c66873d8a5d3bd8b843ab3a59fe2e25bac8b37d2aaa0cd0c1b3e3907483,train,original,categorized_audio\animal_sound\SS00329_a0136c66.wav
SS00330,SS00330_d454aa30.wav,machinery_fault,esc50,2-135860-A-49.wav,d454aa30999e63581e2d8aa669742f1641bc34842b86e031cd94a22a23935f83,train,original,categorized_audio\machinery_fault\SS00330_d454aa30.wav
SS00331,SS00331_4d9d5bd9.wav,background_noise,esc50,2-137162-A-11.wav,4d9d5bd94694230cc4d40e3c1e1bfc9a91228741fc516946852c0bb8dac6c2de,train,original,categorized_audio\background_noise\SS00331_4d9d5bd9.wav
SS00332,SS00332_380ec3e2.wav,vehicle_horn,esc50,2-138465-A-43.wav,380ec3e24401d866e349066951383dce4d58b6244fce3780f1b40c37b2aad242,train,original,categorized_audio\vehicle_horn\SS00332_380ec3e2.wav
SS00333,SS00333_a74cc5a2.wav,background_noise,esc50,2-139748-A-15.wav,a74cc5a21d30d16ec332bb086b6d1e42636bd8f277b3c7f904701839bc862c2f,train,original,categorized_audio\background_noise\SS00333_a74cc5a2.wav
SS00334,SS00334_f00e971c.wav,background_noise,esc50,2-139748-B-15.wav,f00e971cd95874f3db87879e6fd6e687663184db5cb21dd681e44343f02932ee,train,original,categorized_audio\background_noise\SS00334_f00e971c.wav
SS00335,SS00335_d8304986.wav,background_noise,esc50,2-139749-A-15.wav,d8304986e4b06f7640ac941182269370cac93ece7088f21a1bf3b4e4d75d87a9,train,original,categorized_audio\background_noise\SS00335_d8304986.wav
SS00336,SS00336_3ef4dae6.wav,glass_breaking,esc50,2-141563-A-39.wav,3ef4dae6a116b3d18a0f9f18d4373f0247debb168b0718eee89c0a30a38890c7,train,original,categorized_audio\glass_breaking\SS00336_3ef4dae6.wav
SS00337,SS00337_026fec8e.wav,machinery_fault,esc50,2-141681-A-36.wav,026fec8e7c4352de859263c9ddd2e1550b43c88508c34df8fb5b36ece4f11c1c,train,original,categorized_audio\machinery_fault\SS00337_026fec8e.wav
SS00338,SS00338_97ccb346.wav,machinery_fault,esc50,2-141681-B-36.wav,97ccb3466e1818cac37554b034ac7b3bf1d78662374bb17b161028577ca07785,train,original,categorized_audio\machinery_fault\SS00338_97ccb346.wav
SS00339,SS00339_86fe6179.wav,machinery_fault,esc50,2-141682-A-36.wav,86fe6179c0cf6a81dff3620cdc9ece6cfacc208630e6af8664ecc937e862806e,train,original,categorized_audio\machinery_fault\SS00339_86fe6179.wav
SS00340,SS00340_4551ede9.wav,machinery_fault,esc50,2-141682-B-36.wav,4551ede90c715089480f7f02e0bcd4af52a2940d71f8391a05bf3fafbb128c78,train,original,categorized_audio\machinery_fault\SS00340_4551ede9.wav
SS00341,SS00341_47a434e6.wav,vehicle_horn,esc50,2-144137-A-43.wav,47a434e6db6ed5f323cb3c27db65d6bb3e8b63190126ede88e0b5d07597df8bd,train,original,categorized_audio\vehicle_horn\SS00341_47a434e6.wav
SS00342,SS00342_18515660.wav,background_noise,esc50,2-155801-A-11.wav,1851566021e7ad54163515236574452dd86cadc4657317f6bc285c9e06a9b436,train,original,categorized_audio\background_noise\SS00342_18515660.wav
SS00344,SS00344_a49f779f.wav,animal_sound,esc50,2-158746-A-2.wav,a49f779f4c0a82d736af56419408a1012697d35d5f8b8791575ad9e5054cf7e4,train,original,categorized_audio\animal_sound\SS00344_a49f779f.wav
SS00346,SS00346_70afaa57.wav,animal_sound,esc50,2-158746-C-2.wav,70afaa57d2b9502bd9f733f1cdd550653afe6135839b3f43c479aee7f15cf065,train,original,categorized_audio\animal_sound\SS00346_70afaa57.wav
SS00347,SS00347_fbdc5d04.wav,animal_sound,esc50,2-158746-D-2.wav,fbdc5d04b36c6ef3cae45ccf7e650c0516a82ca256a4ad4cbd306c6267c51278,train,original,categorized_audio\animal_sound\SS00347_fbdc5d04.wav
SS00348,SS00348_e5b29a67.wav,animal_sound,esc50,2-160128-A-7.wav,e5b29a67400bf3ad91670d13969771c71b17d33ceb5c73b3325384b1d2b0d55a,train,original,categorized_audio\animal_sound\SS00348_e5b29a67.wav
SS00349,SS00349_22b884eb.wav,animal_sound,esc50,2-166644-A-2.wav,22b884eb880a87220ff934c8c7cc7337659591f9748bc850b291c91e4ec0b3fe,train,original,categorized_audio\animal_sound\SS00349_22b884eb.wav
SS00350,SS00350_4222b9e3.wav,animal_sound,esc50,2-166644-B-2.wav,4222b9e32ef50e4d8d9837dc599a4fa755d9b865b58ec07715f9d1aba183cf35,train,original,categorized_audio\animal_sound\SS00350_4222b9e3.wav
SS00352,SS00352_e60d74d1.wav,glass_breaking,esc50,2-173559-A-39.wav,e60d74d17651551cb82e4fd8a542ceae3f278da1a6b4393fe9e704c786ff4125,train,original,categorized_audio\glass_breaking\SS00352_e60d74d1.wav
SS00353,SS00353_55cc0786.wav,glass_breaking,esc50,2-173607-A-39.wav,55cc07864f3f8195e51bbdf10fda1601df6b5ff0d5f486a356d79b60c0beb3d6,train,original,categorized_audio\glass_breaking\SS00353_55cc0786.wav
SS00355,SS00355_e4199830.wav,animal_sound,esc50,2-182508-A-8.wav,e4199830c5ceffe30f815a7860f00ea135433be48e3bce764ff64a34e910c18a,train,original,categorized_audio\animal_sound\SS00355_e4199830.wav
SS00357,SS00357_e35bd5d1.wav,machinery_fault,esc50,2-184077-A-49.wav,e35bd5d16020ec5e0f8d89315d45c7df8dabaac3eb7b587467c347fd0ca32e2a,train,original,categorized_audio\machinery_fault\SS00357_e35bd5d1.wav
SS00358,SS00358_10a98a61.wav,background_noise,esc50,2-18766-A-12.wav,10a98a61a73baee8028c19b9de330261f2dae87f57b2792457d81e46a544697a,train,original,categorized_audio\background_noise\SS00358_10a98a61.wav
SS00359,SS00359_ce9d67f6.wav,background_noise,esc50,2-18766-B-12.wav,ce9d67f6f6b8d093d3dc2d14088251d76b2772210733908d01b0ecc08c349fe4,train,original,categorized_audio\background_noise\SS00359_ce9d67f6.wav
SS00360,SS00360_02ec4cd9.wav,animal_sound,esc50,2-196688-A-8.wav,02ec4cd9a8441080c47f34ab5724b292e2c92b593ede3dac7f1a66ef28ecd848,train,original,categorized_audio\animal_sound\SS00360_02ec4cd9.wav
SS00362,SS00362_ca0b7286.wav,glass_breaking,esc50,2-250710-A-39.wav,ca0b7286ded500bd1f1928ef96ad5c35704bec66a790181afeb17ec7d995dbac,train,original,categorized_audio\glass_breaking\SS00362_ca0b7286.wav
SS00363,SS00363_f77a729e.wav,background_noise,esc50,2-28314-A-12.wav,f77a729e093baeeba246d00c4875e6fd7702c3635e0e5e58aca2357f62d16c92,train,original,categorized_audio\background_noise\SS00363_f77a729e.wav
SS00364,SS00364_6c5f3f8b.wav,background_noise,esc50,2-28314-B-12.wav,6c5f3f8b6af384c0b553741b51e7348c24537d686e7abaa6eadf4badd2da2168,train,original,categorized_audio\background_noise\SS00364_6c5f3f8b.wav
SS00365,SS00365_894526cb.wav,background_noise,esc50,2-30322-A-12.wav,894526cbb7e9ca1150893b332a69cdc2cffaede5a29a881b4b7fe7dab4f1156e,train,original,categorized_audio\background_noise\SS00365_894526cb.wav
SS00367,SS00367_229efc7a.wav,animal_sound,esc50,2-32515-A-4.wav,229efc7a3fb6c6cb96dde4ef6c8f9f0472638835249801563d88d68d34885654,train,original,categorized_audio\animal_sound\SS00367_229efc7a.wav
SS00368,SS00368_076124f0.wav,animal_sound,esc50,2-32515-B-4.wav,076124f0a17498055ab1fa51af998dd8e24a96e791e32da1224c69bfab030e95,train,original,categorized_audio\animal_sound\SS00368_076124f0.wav
SS00369,SS00369_c5755ad4.wav,animal_sound,esc50,2-32515-C-4.wav,c5755ad48ae74830a7d2d4eb78d844bf931ac4ad7066be27485a9ced1d6daa58,train,original,categorized_audio\animal_sound\SS00369_c5755ad4.wav
SS00370,SS00370_f2278cc9.wav,animal_sound,esc50,2-32515-D-4.wav,f2278cc95bb14afefc5e901618f4fa6d2c3160a9797262b158e71c09d13c11ca,train,original,categorized_audio\animal_sound\SS00370_f2278cc9.wav
SS00371,SS00371_f2dfbb92.wav,animal_sound,esc50,2-32834-A-4.wav,f2dfbb926b4c3d69d75ed6dbb9a8a2db93be15cd7fe51ffd3b037ff66f95d723,train,original,categorized_audio\animal_sound\SS00371_f2dfbb92.wav
SS00372,SS00372_3ec937d3.wav,animal_sound,esc50,2-37870-A-2.wav,3ec937d3afc80f43df2ba9c9ed9f23c46a1fbb355323dab38a930dec5c505ced,train,original,categorized_audio\animal_sound\SS00372_3ec937d3.wav
SS00374,SS00374_68d84d52.wav,background_noise,esc50,2-39443-A-19.wav,68d84d52cfdfe5ce0d9183074fbe068f27d46a1b817cf4b942fd43f1aa986444,train,original,categorized_audio\background_noise\SS00374_68d84d52.wav
SS00376,SS00376_6e9c5566.wav,background_noise,esc50,2-39945-A-19.wav,6e9c5566161ac1dbc87720491cc92e70943ad44d5fd300767959fa4ef1371222,train,original,categorized_audio\background_noise\SS00376_6e9c5566.wav
SS00377,SS00377_03174476.wav,background_noise,esc50,2-39945-B-19.wav,03174476d22286aa7355abe0f4e45f4215da65ce108b2dd4669a9e141e3b501f,train,original,categorized_audio\background_noise\SS00377_03174476.wav
SS00378,SS00378_85890d5d.wav,background_noise,esc50,2-39945-C-19.wav,85890d5d3d1539a609581bbd1cec56521d842ef545071baafe17283cae94f944,train,original,categorized_audio\background_noise\SS00378_85890d5d.wav
SS00379,SS00379_7dbb349d.wav,vehicle_horn,esc50,2-42101-A-43.wav,7dbb349df688e552e85413d808b6338aa9e8fcc8a907d905817820a6dc603d49,train,original,categorized_audio\vehicle_horn\SS00379_7dbb349d.wav
SS00381,SS00381_376353be.wav,alarm_siren,esc50,2-43806-A-42.wav,376353be53fe9eff3dc25d6ff94fd685510a985ba11cdfea39ea5ae33bbd42c2,train,original,categorized_audio\alarm_siren\SS00381_376353be.wav
SS00382,SS00382_b099e90d.wav,machinery_fault,esc50,2-50667-A-41.wav,b099e90db935a98b053d2a13db180ed783d35c89d600c07fa4f3aa8261cbf1ef,train,original,categorized_audio\machinery_fault\SS00382_b099e90d.wav
SS00383,SS00383_c8d73fbd.wav,machinery_fault,esc50,2-50667-B-41.wav,c8d73fbda3f8b2ed27df38e09ced22fe2d59c46160a92ba985c37d9fdcb6f474,train,original,categorized_audio\machinery_fault\SS00383_c8d73fbd.wav
SS00387,SS00387_63a06340.wav,machinery_fault,esc50,2-51630-A-49.wav,63a0634034f24bd2aa01d31b3f46091c1e3356c08444beb0726f91243c9f9bf0,train,original,categorized_audio\machinery_fault\SS00387_63a06340.wav
SS00388,SS00388_9635ec9c.wav,machinery_fault,esc50,2-51630-B-49.wav,9635ec9c989c68ed3322e54ed9e220b55358bb28fa0bf0a8760374fd99d84ec3,train,original,categorized_audio\machinery_fault\SS00388_9635ec9c.wav
SS00389,SS00389_5c7f5327.wav,animal_sound,esc50,2-52085-A-4.wav,5c7f5327e8ae6192b335597171cb6a9157cc5f282ff72c89dfa64dfe4d0a7628,train,original,categorized_audio\animal_sound\SS00389_5c7f5327.wav
SS00390,SS00390_9f3adbf5.wav,animal_sound,esc50,2-52085-B-4.wav,9f3adbf5dffeffba4bdcd5991a9acccc9f22e411f553270b94b25ff10fbc44b3,train,original,categorized_audio\animal_sound\SS00390_9f3adbf5.wav
SS00391,SS00391_2bbc51a8.wav,animal_sound,esc50,2-52789-A-4.wav,2bbc51a820bb26ea757e9bf85d922b0ecc2b6ebe5d91bb1160534fc476429b07,train,original,categorized_audio\animal_sound\SS00391_2bbc51a8.wav
SS00393,SS00393_1583d0be.wav,alarm_siren,esc50,2-56926-A-46.wav,1583d0be06e9869e2647770cc58c35018337157ca1652bfb7b911e6139e6cb03,train,original,categorized_audio\alarm_siren\SS00393_1583d0be.wav
SS00394,SS00394_9a8b1499.wav,alarm_siren,esc50,2-57191-A-46.wav,9a8b14997744a923922052ac97d9a43ac1ec9d39e04b8a89649dc0d58177d8f1,train,original,categorized_audio\alarm_siren\SS00394_9a8b1499.wav
SS00395,SS00395_9f262449.wav,machinery_fault,esc50,2-59241-A-35.wav,9f262449b28554c66ba730ebfdb8d2504eadb3686ea3b4e3a531c2f015e06b94,train,original,categorized_audio\machinery_fault\SS00395_9f262449.wav
SS00397,SS00397_c592d9af.wav,alarm_siren,esc50,2-59565-A-46.wav,c592d9af027fb1e53d98bcb330f013854a498ab6953b0528d3606718a3a27a8e,train,original,categorized_audio\alarm_siren\SS00397_c592d9af.wav
SS00399,SS00399_676c33f7.wav,machinery_fault,esc50,2-60180-A-49.wav,676c33f74305782641c5e2439f38978e3cb1812787bb449278bd4ae08065ebb3,train,original,categorized_audio\machinery_fault\SS00399_676c33f7.wav
SS00400,SS00400_30174045.wav,machinery_fault,esc50,2-60180-B-49.wav,3017404525a1038943a429f6a016941bc068bdf09e1f9613b65a96633278d6d7,train,original,categorized_audio\machinery_fault\SS00400_30174045.wav
SS00401,SS00401_e0c27e64.wav,background_noise,esc50,2-61311-A-12.wav,e0c27e6498d90f6e3a70346ebd43669478a92a170d453ebae6afbda2af1954e2,train,original,categorized_audio\background_noise\SS00401_e0c27e64.wav
SS00404,SS00404_1f734582.wav,background_noise,esc50,2-64963-A-15.wav,1f7345829f6df2462bcde7de7397305189c39405932cf257ebd47ed22d08ebd1,train,original,categorized_audio\background_noise\SS00404_1f734582.wav
SS00405,SS00405_14a09836.wav,background_noise,esc50,2-65747-A-12.wav,14a098365b21366eeec932f9cadfb368144fbd7d84e0066f81992afc3fac19a5,train,original,categorized_audio\background_noise\SS00405_14a09836.wav
SS00407,SS00407_fd9981a2.wav,machinery_fault,esc50,2-68391-A-41.wav,fd9981a2adcd14a9b297e1bae44b268cfbbb9586a57219e1297c3fc470ec525b,train,original,categorized_audio\machinery_fault\SS00407_fd9981a2.wav
SS00409,SS00409_bcc0c2a5.wav,background_noise,esc50,2-68595-A-15.wav,bcc0c2a5a2290256f35f68dc4cbaf39f44f84bd7ff31ccdd782a6edcc83ee406,train,original,categorized_audio\background_noise\SS00409_bcc0c2a5.wav
SS00410,SS00410_55b4eb8b.wav,background_noise,esc50,2-68595-B-15.wav,55b4eb8b58dcaeea8805d48174f8f71a03b373dbe099ceff7eb2c6eb972f303d,train,original,categorized_audio\background_noise\SS00410_55b4eb8b.wav
SS00411,SS00411_da3d6424.wav,animal_sound,esc50,2-69131-A-5.wav,da3d6424beaea148cc4cc436f745fb3384fcf19c789e2ec7bdfdf9b5aac936fd,train,original,categorized_audio\animal_sound\SS00411_da3d6424.wav
SS00412,SS00412_8208c79e.wav,animal_sound,esc50,2-69131-B-5.wav,8208c79e22cf751ad506986955baadd18d55fb336406644dce17340450593140,train,original,categorized_audio\animal_sound\SS00412_8208c79e.wav
SS00413,SS00413_012cf9bf.wav,alarm_siren,esc50,2-70052-A-42.wav,012cf9bf49d8619a9c60cf0a606af4b0e32645d9220e9fa266865a858a906608,train,original,categorized_audio\alarm_siren\SS00413_012cf9bf.wav
SS00415,SS00415_187e6149.wav,alarm_siren,esc50,2-70936-A-42.wav,187e6149565a5c95d350d672dfca2750e9471d6cad846ba5ddc998e7a3958f58,train,original,categorized_audio\alarm_siren\SS00415_187e6149.wav
SS00418,SS00418_0e66be15.wav,animal_sound,esc50,2-71162-A-1.wav,0e66be15bafedfc302c7a14003083c8296388bc983aa93f257c709e780da6ac8,train,original,categorized_audio\animal_sound\SS00418_0e66be15.wav
SS00419,SS00419_e3cb00be.wav,animal_sound,esc50,2-72268-A-6.wav,e3cb00be72014beb71504976108742caca57a9dfcd3b71803b49123ac1337635,train,original,categorized_audio\animal_sound\SS00419_e3cb00be.wav
SS00421,SS00421_a0d7dc0e.wav,animal_sound,esc50,2-72547-B-14.wav,a0d7dc0e4d408b47be30fc0da4ff4b1f88fd917dcd978dbb48489e5a730a1c5a,train,original,categorized_audio\animal_sound\SS00421_a0d7dc0e.wav
SS00422,SS00422_0b2fa30f.wav,animal_sound,esc50,2-72547-C-14.wav,0b2fa30fd7c1a50c7b02f1865d6417d786d4fea910a14a65de7770a9be2aa57e,train,original,categorized_audio\animal_sound\SS00422_0b2fa30f.wav
SS00423,SS00423_49a79fa3.wav,animal_sound,esc50,2-72547-D-14.wav,49a79fa3b76bdf17e00b0da2f43289b25f0345e989994d15d78bcd8501cda4e1,train,original,categorized_audio\animal_sound\SS00423_49a79fa3.wav
SS00424,SS00424_40622578.wav,alarm_siren,esc50,2-72688-A-42.wav,406225783170623a673c8104c9eef1871d8a693f5f93372965e1041543530f30,train,original,categorized_audio\alarm_siren\SS00424_40622578.wav
SS00425,SS00425_f6d91324.wav,background_noise,esc50,2-72970-A-10.wav,f6d91324daa8863100c7f922b20727c86d46c27249cce9e15d66305e623e56b8,train,original,categorized_audio\background_noise\SS00425_f6d91324.wav
SS00426,SS00426_42eba8eb.wav,background_noise,esc50,2-73027-A-10.wav,42eba8ebc797e9fa843e8dbfb907c58ea8c8976277997d5f6e726b1bd3fe4111,train,original,categorized_audio\background_noise\SS00426_42eba8eb.wav
SS00428,SS00428_892df1fa.wav,animal_sound,esc50,2-75726-A-6.wav,892df1fa470e2bb0719e35edfe99417f1553e2c67ae07b8462740d32a1d6acef,train,original,categorized_audio\animal_sound\SS00428_892df1fa.wav
SS00429,SS00429_78e7fb95.wav,animal_sound,esc50,2-76868-A-6.wav,78e7fb95586c595fdf72bd2b7eaa5aeb494d416c0c2ebf2912cf6a493f9b8050,train,original,categorized_audio\animal_sound\SS00429_78e7fb95.wav
SS00430,SS00430_ebc3196b.wav,alarm_siren,esc50,2-77346-A-46.wav,ebc3196bb19c9174e56d5a5cc1c37e6e296803a340ef057eddeb60401e219531,train,original,categorized_audio\alarm_siren\SS00430_ebc3196b.wav
SS00431,SS00431_e071e9a3.wav,alarm_siren,esc50,2-77347-A-46.wav,e071e9a3fe23d98359303ba0a6e98531fd32060302988700de36798345b25de3,train,original,categorized_audio\alarm_siren\SS00431_e071e9a3.wav
SS00434,SS00434_8b402796.wav,alarm_siren,esc50,2-78381-A-46.wav,8b402796ab92ed28495b1f9f93c22db4c916cc40fa1459e1376078acf8f1bd43,train,original,categorized_audio\alarm_siren\SS00434_8b402796.wav
SS00435,SS00435_e89e5bee.wav,alarm_siren,esc50,2-78562-A-37.wav,e89e5beebe92c819855411884b7294bb32b3f07bcde4671bba66064fc7b40d60,train,original,categorized_audio\alarm_siren\SS00435_e89e5bee.wav
SS00436,SS00436_5e790539.wav,alarm_siren,esc50,2-78562-B-37.wav,5e7905399bf6604eab686cdf53301d4af34a48fa2fba98262deb217e8a401f51,train,original,categorized_audio\alarm_siren\SS00436_5e790539.wav
SS00437,SS00437_29aac54c.wav,machinery_fault,esc50,2-78651-A-44.wav,29aac54cca62321c035589859f2587bde651f0c358ff1e86463c6308e0ca4a98,train,original,categorized_audio\machinery_fault\SS00437_29aac54c.wav
SS00439,SS00439_ffbbe318.wav,animal_sound,esc50,2-81270-A-1.wav,ffbbe318c72dca7a09901a60088fd1cd1337ebde994ef32c4fe40fa829c2ca14,train,original,categorized_audio\animal_sound\SS00439_ffbbe318.wav
SS00440,SS00440_25d3a915.wav,background_noise,esc50,2-81731-A-10.wav,25d3a915368db5e4175b1d51dea34bfad02d909039a051cbf72c0f39a0f34667,train,original,categorized_audio\background_noise\SS00440_25d3a915.wav
SS00442,SS00442_62ea1a42.wav,animal_sound,esc50,2-81970-B-7.wav,62ea1a423fe75dae705567ae43b3174e1c92ff4b6fc705285437d7c86beb784b,train,original,categorized_audio\animal_sound\SS00442_62ea1a42.wav
SS00444,SS00444_916f2e34.wav,animal_sound,esc50,2-82077-A-7.wav,916f2e34ad242ef01de0a1ad323cde7afd32663578774758e869a0f54c292395,train,original,categorized_audio\animal_sound\SS00444_916f2e34.wav
SS00445,SS00445_ccccf7e1.wav,animal_sound,esc50,2-82274-A-5.wav,ccccf7e1e02ae96937094a856b5280e41744dc2823997b9418daf30e907bae5a,train,original,categorized_audio\animal_sound\SS00445_ccccf7e1.wav
SS00446,SS00446_658af0e4.wav,animal_sound,esc50,2-82274-B-5.wav,658af0e42cbee311da0edebf7345f213e4a75e7e6c74e7973596a5707fbfdeff,train,original,categorized_audio\animal_sound\SS00446_658af0e4.wav
SS00447,SS00447_2cce637e.wav,background_noise,esc50,2-82367-A-10.wav,2cce637e5f60368db490c8ec980eb0cc7dbdd623c077bcd456a2fb60afdd4820,train,original,categorized_audio\background_noise\SS00447_2cce637e.wav
SS00448,SS00448_d926cf00.wav,animal_sound,esc50,2-83270-A-13.wav,d926cf001495e9b27a2b2ad4c861bc19612d70d5f3c1f8a0ed8670742d725dc5,train,original,categorized_audio\animal_sound\SS00448_d926cf00.wav
SS00450,SS00450_7cf2bfd8.wav,animal_sound,esc50,2-83934-B-5.wav,7cf2bfd8a30fc64e4a014b98ba21f47f36cb6f330d051cda6677a8ac3d8c83d6,train,original,categorized_audio\animal_sound\SS00450_7cf2bfd8.wav
SS00453,SS00453_81fe7ce5.wav,background_noise,esc50,2-87781-A-10.wav,81fe7ce5da401a69a542439a5c8277864468a0bf09bf1378b0accac15c033638,train,original,categorized_audio\background_noise\SS00453_81fe7ce5.wav
SS00454,SS00454_dc52aabc.wav,alarm_siren,esc50,2-89516-A-37.wav,dc52aabca65500b637d2cc526f7f09a9f5d9ad1951b1c00ad02558002159a039,train,original,categorized_audio\alarm_siren\SS00454_dc52aabc.wav
SS00455,SS00455_21fae7e7.wav,animal_sound,esc50,2-95035-A-1.wav,21fae7e7daf06262ec9230a4f2f2bb013fbbaeb126eb50ca62ab364d52c84759,train,original,categorized_audio\animal_sound\SS00455_21fae7e7.wav
SS00458,SS00458_ecebe6fd.wav,animal_sound,esc50,2-96033-A-13.wav,ecebe6fdc3440b0b4849b67dbbf5e31af47952cb6e2248d636671897735a79f7,train,original,categorized_audio\animal_sound\SS00458_ecebe6fd.wav
SS00459,SS00459_d2232652.wav,alarm_siren,esc50,2-96063-A-37.wav,d2232652538520fdd06fa275470eb166ab0794705fdf3922ca8aa82c89d78cb8,train,original,categorized_audio\alarm_siren\SS00459_d2232652.wav
SS00460,SS00460_21a1734a.wav,animal_sound,esc50,2-96460-A-1.wav,21a1734ac6f4894f2575e87721b3347fc97b856e63d49ac2fd0a4745a34b6b88,train,original,categorized_audio\animal_sound\SS00460_21a1734a.wav
SS00462,SS00462_07eb4085.wav,animal_sound,esc50,2-99955-B-7.wav,07eb4085a6c48a4c8c8e8b52d0f12ba242ce7c40e5aac030ba2f38b9f3a3f7de,train,original,categorized_audio\animal_sound\SS00462_07eb4085.wav
SS00463,SS00463_36efed27.wav,animal_sound,esc50,2-99955-C-7.wav,36efed273884d26ecb9653d76c71c05e8024a3d2689fe7460e0c6aa7fe87dd3c,train,original,categorized_audio\animal_sound\SS00463_36efed27.wav
SS00465,SS00465_f40137ad.wav,machinery_fault,esc50,3-102583-B-49.wav,f40137ad96bbd4c0dc15ec6acefa2a50fba7cc2289daf0257f1d3c1484383ba3,train,original,categorized_audio\machinery_fault\SS00465_f40137ad.wav
SS00466,SS00466_947146d5.wav,machinery_fault,esc50,3-102583-C-49.wav,947146d5850e015346d988509340e61b5379010a0672cfa15ee5d4458ecf102e,train,original,categorized_audio\machinery_fault\SS00466_947146d5.wav
SS00467,SS00467_6ab7175d.wav,animal_sound,esc50,3-102908-A-4.wav,6ab7175db115e478c82e0981bead1bbd4e5766e1527aef8d1d61c1ba674dd5cc,train,original,categorized_audio\animal_sound\SS00467_6ab7175d.wav
SS00468,SS00468_0cdb8c8e.wav,background_noise,esc50,3-103050-A-19.wav,0cdb8c8e21c3dc74b10c935bf43292c1e3d7d4e7bb7026a0d047054001813295,train,original,categorized_audio\background_noise\SS00468_0cdb8c8e.wav
SS00469,SS00469_527de954.wav,background_noise,esc50,3-103051-A-19.wav,527de954dc9d28a742146db130fbb8143a446cf88a487c2d43cd0ef22bbd3a3b,train,original,categorized_audio\background_noise\SS00469_527de954.wav
SS00470,SS00470_46b360ea.wav,background_noise,esc50,3-103051-B-19.wav,46b360eaebee376c82a17c6737ad581bf8dde1717e0ae9172480154154c7479a,train,original,categorized_audio\background_noise\SS00470_46b360ea.wav
SS00471,SS00471_80910d45.wav,background_noise,esc50,3-103051-C-19.wav,80910d45d6680671f39a17a8a21d376d3299c5648a44564016e9a39427e5dd38,train,original,categorized_audio\background_noise\SS00471_80910d45.wav
SS00472,SS00472_415e6d92.wav,background_noise,esc50,3-104632-A-12.wav,415e6d92371447377a916760fdda326f55f6f88cf428dc45b3edfe45b1d2b0a5,train,original,categorized_audio\background_noise\SS00472_415e6d92.wav
SS00475,SS00475_d538428b.wav,background_noise,esc50,3-104958-A-12.wav,d538428b1a51d450809757d169ba16f77c85721c267a46d29f5d538dfc846563,train,original,categorized_audio\background_noise\SS00475_d538428b.wav
SS00476,SS00476_188bf662.wav,animal_sound,esc50,3-105235-A-7.wav,188bf6625b13c616fd825a2977d0bcd7a051aceea71c1a84dd1379b8ea261175,train,original,categorized_audio\animal_sound\SS00476_188bf662.wav
SS00477,SS00477_dad8e9e5.wav,animal_sound,esc50,3-105236-A-7.wav,dad8e9e5161d0044d5a3bf1251ae795bb4903718645b979003128fbb75ecb557,train,original,categorized_audio\animal_sound\SS00477_dad8e9e5.wav
SS00478,SS00478_18c72ca3.wav,animal_sound,esc50,3-107219-A-1.wav,18c72ca3f004fa0367a401f65ea375e46a81ce715e1993e4c67c7a8ffe364d20,train,original,categorized_audio\animal_sound\SS00478_18c72ca3.wav
SS00479,SS00479_b03020a9.wav,background_noise,esc50,3-108451-A-17.wav,b03020a9662624137b529ea76eb7f5074ca4fd906e1526b747b0ec305988cda1,train,original,categorized_audio\background_noise\SS00479_b03020a9.wav
SS00481,SS00481_1d807fd9.wav,animal_sound,esc50,3-110913-A-7.wav,1d807fd9a43b9493102f43e59e1b231f4698da8164c5f634ec0acf0d4eb4b968,train,original,categorized_audio\animal_sound\SS00481_1d807fd9.wav
SS00482,SS00482_7b1d051e.wav,animal_sound,esc50,3-110913-B-7.wav,7b1d051e87b0f5f5b3bea09438c5ecddc6cd4ea63af8eb475dca7620a4542b3c,train,original,categorized_audio\animal_sound\SS00482_7b1d051e.wav
SS00483,SS00483_8d6e7220.wav,animal_sound,esc50,3-110913-C-7.wav,8d6e7220816ccd1f08e15474445806217412c1683d12ce2eb21cb57a16444602,train,original,categorized_audio\animal_sound\SS00483_8d6e7220.wav
SS00484,SS00484_9bacabbb.wav,animal_sound,esc50,3-110913-D-7.wav,9bacabbba20e42035df9ab4c25f962b9b990c89b9c4812cd2d7f082b43c9a59a,train,original,categorized_audio\animal_sound\SS00484_9bacabbb.wav
SS00485,SS00485_d8761cb9.wav,alarm_siren,esc50,3-111102-A-46.wav,d8761cb9528326a37bd8fba7ab3d9330dcdb6d1cc73798a21a6d069ba1c539cb,train,original,categorized_audio\alarm_siren\SS00485_d8761cb9.wav
SS00486,SS00486_ae91dd8b.wav,alarm_siren,esc50,3-111102-B-46.wav,ae91dd8bd047cd9046ab7f429a4a34d32254749dc9bdde00ed6a22444fa5d37a,train,original,categorized_audio\alarm_siren\SS00486_ae91dd8b.wav
SS00489,SS00489_04154679.wav,animal_sound,esc50,3-116135-A-1.wav,0415467964520c0268ea0b5beb9465ff6a2458f508d409a9b6d039f247f74352,train,original,categorized_audio\animal_sound\SS00489_04154679.wav
SS00491,SS00491_e8870d76.wav,background_noise,esc50,3-117504-A-16.wav,e8870d76a3bb29b43606231859c1b75ffc6dfaded319944028d122993470669e,train,original,categorized_audio\background_noise\SS00491_e8870d76.wav
SS00493,SS00493_403a522c.wav,alarm_siren,esc50,3-117793-A-37.wav,403a522c137b94195bdf3d9175aa3432a76018e41fd049f74cbd6da900f38cd4,train,original,categorized_audio\alarm_siren\SS00493_403a522c.wav
SS00496,SS00496_e3ea73b1.wav,machinery_fault,esc50,3-118657-A-41.wav,e3ea73b1d6c8390853acf5e390eae7d90b314d749c03cdab3a4560d924687aba,train,original,categorized_audio\machinery_fault\SS00496_e3ea73b1.wav
SS00497,SS00497_a1f94069.wav,machinery_fault,esc50,3-118657-B-41.wav,a1f94069bc51bb5ef19075a4a746610d98f9e05405750fa30d9818832286c07f,train,original,categorized_audio\machinery_fault\SS00497_a1f94069.wav
SS00498,SS00498_55f4073b.wav,machinery_fault,esc50,3-118658-A-41.wav,55f4073b9095db0ad4d20230badbb7decc9549e5f080df29717d7d379648405e,train,original,categorized_audio\machinery_fault\SS00498_55f4073b.wav
SS00501,SS00501_354e5e85.wav,machinery_fault,esc50,3-118972-B-41.wav,354e5e850c5a474d4e822af1ed35ce304780ee4a9494f3d5edfee7a9fe859cfe,train,original,categorized_audio\machinery_fault\SS00501_354e5e85.wav
SS00502,SS00502_55e2db41.wav,machinery_fault,esc50,3-119455-A-44.wav,55e2db4129ffd266af0a05f00129b1f60313a5f812d078d0a7a31167f40c04e0,train,original,categorized_audio\machinery_fault\SS00502_55e2db41.wav
SS00503,SS00503_9e45012b.wav,alarm_siren,esc50,3-120526-A-37.wav,9e45012b982eeb50eeaeb84f1ba27035027f1d5967b593707840306e880e4ab3,train,original,categorized_audio\alarm_siren\SS00503_9e45012b.wav
SS00504,SS00504_bb41577f.wav,alarm_siren,esc50,3-120526-B-37.wav,bb41577fe3816b9447a12823add1f4126aba6c023eb20022ec44645179bf5429,train,original,categorized_audio\alarm_siren\SS00504_bb41577f.wav
SS00505,SS00505_44acca39.wav,background_noise,esc50,3-120644-A-12.wav,44acca39a9f884a0ba916ea8f5865079006d42acd31a8498f4e5bb0d5bd10146,train,original,categorized_audio\background_noise\SS00505_44acca39.wav
SS00508,SS00508_e14050de.wav,background_noise,esc50,3-123224-A-19.wav,e14050de1c0176d92f3dc430bf8d71f41930226649bf355c5cb37b1db0ba25b5,train,original,categorized_audio\background_noise\SS00508_e14050de.wav
SS00509,SS00509_d5c8646f.wav,animal_sound,esc50,3-124376-A-3.wav,d5c8646f91a42c5fdfb6c6cadb7d881456c1a4dd1330f797f3f06ddab6a0c773,train,original,categorized_audio\animal_sound\SS00509_d5c8646f.wav
SS00510,SS00510_6e6b296e.wav,animal_sound,esc50,3-124376-B-3.wav,6e6b296ed924cec17d9126be81143eb34725e1d85c85bb667c65721edc1013aa,train,original,categorized_audio\animal_sound\SS00510_6e6b296e.wav
SS00511,SS00511_f1842cef.wav,background_noise,esc50,3-124600-A-19.wav,f1842cefb0f9f540f4cb0024bf0454e5966e4bcccf39b7a36c149451152b4eeb,train,original,categorized_audio\background_noise\SS00511_f1842cef.wav
SS00512,SS00512_e4f9aa62.wav,animal_sound,esc50,3-124925-A-9.wav,e4f9aa624ee8c8ad38e52bd9dac78f64e5b7f1deb3fd9706817fc2f503e50b07,train,original,categorized_audio\animal_sound\SS00512_e4f9aa62.wav
SS00513,SS00513_d2ce1c12.wav,animal_sound,esc50,3-126358-A-3.wav,d2ce1c128156fdab400dd598489c3a1c9bbce31ea46bc701802d5ee6c3d8e64b,train,original,categorized_audio\animal_sound\SS00513_d2ce1c12.wav
SS00514,SS00514_7319e927.wav,animal_sound,esc50,3-126358-B-3.wav,7319e92718a1fabfbebcabfda01c2c7c549cc1ee6184701fe3e2e1ed505fb666,train,original,categorized_audio\animal_sound\SS00514_7319e927.wav
SS00515,SS00515_8ff35e08.wav,background_noise,esc50,3-127874-A-17.wav,8ff35e0895866b584c9156693116b59583c97ee776d6401622bb4c8ce9928d32,train,original,categorized_audio\background_noise\SS00515_8ff35e08.wav
SS00516,SS00516_b72e1e6a.wav,animal_sound,esc50,3-127890-A-9.wav,b72e1e6af9dfcdb885b65efaefb9a8da3f2a191062edd9c61ee7d11e2952a943,train,original,categorized_audio\animal_sound\SS00516_b72e1e6a.wav
SS00517,SS00517_10fbfd19.wav,animal_sound,esc50,3-127890-B-9.wav,10fbfd19c65da9e55323c8f03cf4ffe663c1a28213223efea743a6c72285c0ef,train,original,categorized_audio\animal_sound\SS00517_10fbfd19.wav
SS00518,SS00518_c4b01135.wav,animal_sound,esc50,3-127890-C-9.wav,c4b011359822d61747927e2da2cd4035355f6817d933e0e04a07d404bba6ed27,train,original,categorized_audio\animal_sound\SS00518_c4b01135.wav
SS00519,SS00519_fa2840c1.wav,machinery_fault,esc50,3-128160-A-44.wav,fa2840c137e70481cf5e99d1ccc168033340fc0639eae052e8bf6e5b4bed0e3c,train,original,categorized_audio\machinery_fault\SS00519_fa2840c1.wav
SS00521,SS00521_2b2bd8a6.wav,animal_sound,esc50,3-129338-A-13.wav,2b2bd8a6bca8ba75fc635a6028e4e906c028f59f818de1bf929aa6eb710b0376,train,original,categorized_audio\animal_sound\SS00521_2b2bd8a6.wav
SS00523,SS00523_1d12a9f2.wav,alarm_siren,esc50,3-131943-A-37.wav,1d12a9f29903f1d8c5ed2cfd86873a768724b818d38f418afd924327c428e539,train,original,categorized_audio\alarm_siren\SS00523_1d12a9f2.wav
SS00525,SS00525_5d496088.wav,background_noise,esc50,3-132852-A-10.wav,5d4960883ceabe28c008721ea3b5f5206a6f0234cacd4c1af81dd7594b4d3503,train,original,categorized_audio\background_noise\SS00525_5d496088.wav
SS00526,SS00526_2ccd8659.wav,animal_sound,esc50,3-134049-A-1.wav,2ccd86599da9a402b116d814d765b0fd1a568ee11923394bfc0a3af4db1581fa,train,original,categorized_audio\animal_sound\SS00526_2ccd8659.wav
SS00527,SS00527_18016391.wav,background_noise,esc50,3-134699-A-16.wav,1801639106154163503cde2fb8544efc6ab5d4e95a09f5b780efb7f44a017fbf,train,original,categorized_audio\background_noise\SS00527_18016391.wav
SS00528,SS00528_4836977a.wav,background_noise,esc50,3-134699-B-16.wav,4836977a0362e609b42dcc47811190268da98d573cecc7a8a4270db979ecea54,train,original,categorized_audio\background_noise\SS00528_4836977a.wav
SS00530,SS00530_1dd6708b.wav,animal_sound,esc50,3-134802-A-13.wav,1dd6708b6f727f3b361367dcad1e50f69b912921699e81de153ec349ba24f5b0,train,original,categorized_audio\animal_sound\SS00530_1dd6708b.wav
SS00533,SS00533_0fb13968.wav,background_noise,esc50,3-136608-A-16.wav,0fb13968566e14200c01ac1aa3f0f878f8e11ba806fb4d5e2b19d34eb4844cc8,train,original,categorized_audio\background_noise\SS00533_0fb13968.wav
SS00534,SS00534_55944b46.wav,animal_sound,esc50,3-137152-A-1.wav,55944b46e8d399218da6b57cc1b3359d58e9da5db30cb377c3c8ae46d692d1fc,train,original,categorized_audio\animal_sound\SS00534_55944b46.wav
SS00535,SS00535_af64f859.wav,alarm_siren,esc50,3-139109-A-46.wav,af64f85921ab2491f4dc060eeada635c2a547d96afb3731e1386661165e96af1,train,original,categorized_audio\alarm_siren\SS00535_af64f859.wav
SS00536,SS00536_b863f411.wav,alarm_siren,esc50,3-139958-A-37.wav,b863f4119feb3ca8b754fa25ce918542b8421947823df89ef53948af726a21f3,train,original,categorized_audio\alarm_siren\SS00536_b863f411.wav
SS00537,SS00537_c116b33a.wav,animal_sound,esc50,3-140199-A-8.wav,c116b33aac826c3bd03f90a5ae8026cb46d8f7c3cf9227b97e699ecfc6c7fe33,train,original,categorized_audio\animal_sound\SS00537_c116b33a.wav
SS00538,SS00538_9f8be8ed.wav,animal_sound,esc50,3-140199-B-8.wav,9f8be8ed939c5152f20743628ac84b6c8b98e90e08d17e8561368423486cbf0f,train,original,categorized_audio\animal_sound\SS00538_9f8be8ed.wav
SS00539,SS00539_1ffeb236.wav,animal_sound,esc50,3-140199-C-8.wav,1ffeb23658a41a029df3c1a8b4b743914b4a5762d21a62f2c550a555c08e0041,train,original,categorized_audio\animal_sound\SS00539_1ffeb236.wav
SS00540,SS00540_782e2334.wav,animal_sound,esc50,3-140199-D-8.wav,782e23348641b0f008b713967316296fcb21f691739e5b33e252336ecd9d1359,train,original,categorized_audio\animal_sound\SS00540_782e2334.wav
SS00541,SS00541_1dd994fb.wav,background_noise,esc50,3-140774-A-10.wav,1dd994fb071b52e4232b0cbd06558dd8d179008be2e4cf1f41d4abdca4f390fe,train,original,categorized_audio\background_noise\SS00541_1dd994fb.wav
SS00542,SS00542_135d63cb.wav,machinery_fault,esc50,3-141240-A-44.wav,135d63cb91ced3e627920812c1b416835dc4ab788fa5db36fe6addb52a8f08ea,train,original,categorized_audio\machinery_fault\SS00542_135d63cb.wav
SS00543,SS00543_a8c613a9.wav,machinery_fault,esc50,3-141240-B-44.wav,a8c613a9547c24892be7fdb605084a71200375febbe291cdf9ae354a438dc07c,train,original,categorized_audio\machinery_fault\SS00543_a8c613a9.wav
SS00544,SS00544_784441f1.wav,background_noise,esc50,3-142005-A-10.wav,784441f1c74be9dc64ec77aa9628df5b4557711b5f1435286dff9ea9317f02e0,train,original,categorized_audio\background_noise\SS00544_784441f1.wav
SS00546,SS00546_0e3b1f62.wav,background_noise,esc50,3-142349-A-17.wav,0e3b1f625c5ef610b4d89e9569b751a491ecf3c2a0b15700afa3824a397dafa6,train,original,categorized_audio\background_noise\SS00546_0e3b1f62.wav
SS00547,SS00547_5510934a.wav,background_noise,esc50,3-143929-A-10.wav,5510934acbb493aee8e975d5b1c1b34b1a39ef0b870e6091778909995fef9004,train,original,categorized_audio\background_noise\SS00547_5510934a.wav
SS00548,SS00548_2828c40f.wav,animal_sound,esc50,3-144028-A-0.wav,2828c40f81b8bdfded734b1ea057444f780d1ada4241a2dc2ab70c646f963b47,train,original,categorized_audio\animal_sound\SS00548_2828c40f.wav
SS00549,SS00549_553ceeb0.wav,background_noise,esc50,3-144827-A-11.wav,553ceeb0be8984ea22e9ae1b4c892e76c19867e9240d5f9367c62b08ee7eba4e,train,original,categorized_audio\background_noise\SS00549_553ceeb0.wav
SS00550,SS00550_977a5b67.wav,background_noise,esc50,3-144827-B-11.wav,977a5b671cb9b57aea049bce2b1c139c039aa745c5c46c1f84964d8098381aa8,train,original,categorized_audio\background_noise\SS00550_977a5b67.wav
SS00551,SS00551_945cc1af.wav,background_noise,esc50,3-144891-A-19.wav,945cc1af1c6a8da8227f9a19a4caa4b8e46900d13ff13162b9f8d588107af4af,train,original,categorized_audio\background_noise\SS00551_945cc1af.wav
SS00552,SS00552_31a199e7.wav,background_noise,esc50,3-144891-B-19.wav,31a199e7042205a1066faca86517a4f7bddfa604d5fa0dc0feca46e62a9dfc48,train,original,categorized_audio\background_noise\SS00552_31a199e7.wav
SS00553,SS00553_20a3a8bb.wav,animal_sound,esc50,3-145382-A-1.wav,20a3a8bbeec30ee012d8241acc02752d5f80877d2d3b58847b23bd5a99f7ee56,train,original,categorized_audio\animal_sound\SS00553_20a3a8bb.wav
SS00554,SS00554_0cfe3103.wav,vehicle_horn,esc50,3-145577-A-43.wav,0cfe3103f197d1f8d23cb7afb5b81468f44a66ca86e7cc1b6051fc2892f9c4e3,train,original,categorized_audio\vehicle_horn\SS00554_0cfe3103.wav
SS00555,SS00555_a57a362d.wav,background_noise,esc50,3-145719-A-17.wav,a57a362da2ccacb77a7f90389ef11de3d7b5e339885f392a4de7b997ae9512db,train,original,categorized_audio\background_noise\SS00555_a57a362d.wav
SS00556,SS00556_126163ee.wav,background_noise,esc50,3-145774-A-12.wav,126163ee53c9cfc620a9963303a56e5e8fb2e1a47da02ac0a8849f35244e0c8e,train,original,categorized_audio\background_noise\SS00556_126163ee.wav
SS00557,SS00557_e667c05e.wav,animal_sound,esc50,3-146033-A-13.wav,e667c05eb2138c3ab9423157979c3e1ec0f9b8b5332d0e214299c7604e16238d,train,original,categorized_audio\animal_sound\SS00557_e667c05e.wav
SS00558,SS00558_a01623d7.wav,machinery_fault,esc50,3-146186-A-44.wav,a01623d754693bd4121d8e3d98410a8d46ee8d708d97fc1a3fcf91c07714b7f3,train,original,categorized_audio\machinery_fault\SS00558_a01623d7.wav
SS00560,SS00560_75cb3eeb.wav,animal_sound,esc50,3-146964-A-5.wav,75cb3eeb2419bd4bbcf43cfa5a94d1c5d2c25f48baf00cdf65bfb9f86d186b14,train,original,categorized_audio\animal_sound\SS00560_75cb3eeb.wav
SS00562,SS00562_0e03619b.wav,animal_sound,esc50,3-146972-A-5.wav,0e03619bb44fbccdd8ea110e90bc6dc4226d32c2718a78bd0e27bd4ab85546d5,train,original,categorized_audio\animal_sound\SS00562_0e03619b.wav
SS00565,SS00565_0ab04272.wav,animal_sound,esc50,3-149189-A-1.wav,0ab042724404b7b43a3f0b31188f57e6acf04f531dc3fa0f1f09ab68ad096d4f,train,original,categorized_audio\animal_sound\SS00565_0ab04272.wav
SS00566,SS00566_3e659284.wav,background_noise,esc50,3-149448-A-17.wav,3e659284e1dde96035bbf91f0dc06804b32f4b1f5677192d1b753eafe2f37add,train,original,categorized_audio\background_noise\SS00566_3e659284.wav
SS00569,SS00569_7ddbf7a3.wav,machinery_fault,esc50,3-152020-A-36.wav,7ddbf7a38dc48773279a392aa8914c313481422b21ccbb221bb2f8321f39f06c,train,original,categorized_audio\machinery_fault\SS00569_7ddbf7a3.wav
SS00570,SS00570_304f09eb.wav,machinery_fault,esc50,3-152020-B-36.wav,304f09ebbd0232d073c29d19903a48d02e442e5a161ec04d1afe9914572acf9d,train,original,categorized_audio\machinery_fault\SS00570_304f09eb.wav
SS00571,SS00571_4ced9cc6.wav,machinery_fault,esc50,3-152020-C-36.wav,4ced9cc682392672f385022463c93959a21916af693324410932b031e5e5d8c8,train,original,categorized_audio\machinery_fault\SS00571_4ced9cc6.wav
SS00573,SS00573_f822c6e9.wav,animal_sound,esc50,3-152039-B-3.wav,f822c6e965342576e5434e5cce0524d3430150b0395ae256557be53454c87af0,train,original,categorized_audio\animal_sound\SS00573_f822c6e9.wav
SS00578,SS00578_3e086824.wav,vehicle_horn,esc50,3-155130-A-43.wav,3e0868245e2f29e1c437f21d9e9da69ca15187c9c54d8339150f677e8ed3c34b,train,original,categorized_audio\vehicle_horn\SS00578_3e086824.wav
SS00579,SS00579_d3dd9ebc.wav,vehicle_horn,esc50,3-155234-A-43.wav,d3dd9ebc885f00e0857e10fc2c42716c078506c88bb4c28b1eceff75dbf21100,train,original,categorized_audio\vehicle_horn\SS00579_d3dd9ebc.wav
SS00582,SS00582_3203e758.wav,animal_sound,esc50,3-155578-A-14.wav,3203e75865f750f362b9c0b8d8265b4a4332631d8b2d48b5d7e5324f79456fdf,train,original,categorized_audio\animal_sound\SS00582_3203e758.wav
SS00583,SS00583_001ac631.wav,animal_sound,esc50,3-155579-A-14.wav,001ac631fb996c35e511a732e758e82c123e5a353a547acb05f81e7223c1540e,train,original,categorized_audio\animal_sound\SS00583_001ac631.wav
SS00584,SS00584_72ba6bac.wav,animal_sound,esc50,3-155583-A-14.wav,72ba6bac187597092a075357be3de44afb1a27761fb6a1e4cbfa088e2e268f2a,train,original,categorized_audio\animal_sound\SS00584_72ba6bac.wav
SS00585,SS00585_f806bf97.wav,animal_sound,esc50,3-155584-A-14.wav,f806bf97ee343fdec1eb56fa9347e3ea9a48143282f4b2f8753beb2717ad69ae,train,original,categorized_audio\animal_sound\SS00585_f806bf97.wav
SS00586,SS00586_2b3168d0.wav,background_noise,esc50,3-155642-A-11.wav,2b3168d0ece00768528c830841cd6edd683367bfb1ae0da1788912713a8a895d,train,original,categorized_audio\background_noise\SS00586_2b3168d0.wav
SS00587,SS00587_76de2c04.wav,background_noise,esc50,3-155642-B-11.wav,76de2c046bd684e4788f852b5c3bc56df90b97660627b197619d156eccd3f306,train,original,categorized_audio\background_noise\SS00587_76de2c04.wav
SS00588,SS00588_2095c94c.wav,animal_sound,esc50,3-155766-A-13.wav,2095c94cb12f8deed814578138c71802c4c090106149aeee536cf2768a70b9c5,train,original,categorized_audio\animal_sound\SS00588_2095c94c.wav
SS00591,SS00591_84dcba1a.wav,animal_sound,esc50,3-156581-A-14.wav,84dcba1ac7493f9b72a7507d92a81b5e8ef680f7f685ba2b7652b0286cefb496,train,original,categorized_audio\animal_sound\SS00591_84dcba1a.wav
SS00592,SS00592_4b12f5ad.wav,animal_sound,esc50,3-156581-B-14.wav,4b12f5ad0034beaac805ebeab9f1fe24e5ca94283deddadf18559481c19b638f,train,original,categorized_audio\animal_sound\SS00592_4b12f5ad.wav
SS00595,SS00595_73237982.wav,background_noise,esc50,3-157187-A-12.wav,732379827a29ef372d098553de376a66adaac8c32b357221295a9bc7ebba84f0,train,original,categorized_audio\background_noise\SS00595_73237982.wav
SS00596,SS00596_2acadf44.wav,background_noise,esc50,3-157487-A-10.wav,2acadf44d110c13b39bf17d6db9afa13bb4db19c8b3147b1a61b4f492caf1e97,train,original,categorized_audio\background_noise\SS00596_2acadf44.wav
SS00598,SS00598_7a6099b6.wav,animal_sound,esc50,3-157695-A-0.wav,7a6099b6ef5f58af8b6f9a9deda41cc0d8efe5a0fd60fdd638a711523674903a,train,original,categorized_audio\animal_sound\SS00598_7a6099b6.wav
SS00599,SS00599_6d5eb5cb.wav,background_noise,esc50,3-158476-A-12.wav,6d5eb5cbb48457fddc3647fa4750e1c5d3c8f5121756182206adfbf9c9eedc50,train,original,categorized_audio\background_noise\SS00599_6d5eb5cb.wav
SS00600,SS00600_5327e757.wav,machinery_fault,esc50,3-159346-A-36.wav,5327e7573883e6dfbcfd2d0ee1106a9fb3a2121e108fe9d7b8c1313c4df73819,train,original,categorized_audio\machinery_fault\SS00600_5327e757.wav
SS00601,SS00601_b65b9b21.wav,machinery_fault,esc50,3-159346-B-36.wav,b65b9b210d3504813c914551618622a005f20a8fd4398fcfa13a10c4eb7233ca,train,original,categorized_audio\machinery_fault\SS00601_b65b9b21.wav
SS00603,SS00603_721091bc.wav,machinery_fault,esc50,3-159347-B-36.wav,721091bccc4982b97642db5feb28bf9e80de3f26751bf1a007d9f3b258043f4b,train,original,categorized_audio\machinery_fault\SS00603_721091bc.wav
SS00604,SS00604_5e2a8507.wav,machinery_fault,esc50,3-159348-A-36.wav,5e2a850746457f0823b26ae31227d340b3dafab392e1b5714bbc63502be6cdc0,train,original,categorized_audio\machinery_fault\SS00604_5e2a8507.wav
SS00605,SS00605_28c8678f.wav,background_noise,esc50,3-160119-A-15.wav,28c8678f97375100236a78fb738110aab8e571400a5c707fdcf5c49e0247e31f,train,original,categorized_audio\background_noise\SS00605_28c8678f.wav
SS00606,SS00606_61ef8f7b.wav,animal_sound,esc50,3-160993-A-3.wav,61ef8f7b6e36aa50fe8e1e10c5d1c4867e7c185e85e2385a71e9090e4801cdbe,train,original,categorized_audio\animal_sound\SS00606_61ef8f7b.wav
SS00607,SS00607_b44f3e2b.wav,vehicle_horn,esc50,3-161010-A-43.wav,b44f3e2b3e75394ab4f475cad59304852c64f5d9c3e3ee7735913cc4de176346,train,original,categorized_audio\vehicle_horn\SS00607_b44f3e2b.wav
SS00608,SS00608_784ac0b1.wav,background_noise,esc50,3-161500-A-17.wav,784ac0b121a0e4cde47c7c146872b20d06744bcc28b85e5fc6ed97509f57f30c,train,original,categorized_audio\background_noise\SS00608_784ac0b1.wav
SS00609,SS00609_b8eb49bd.wav,animal_sound,esc50,3-162786-A-13.wav,b8eb49bd608bd3f525c021689601857a51c1a94f99f75c2e9854e52ff9885c56,train,original,categorized_audio\animal_sound\SS00609_b8eb49bd.wav
SS00610,SS00610_941201c0.wav,animal_sound,esc50,3-163288-A-1.wav,941201c0fc36b34f7b84ed0b89342c7d8a66576a526c68d4992265f4b81646fe,train,original,categorized_audio\animal_sound\SS00610_941201c0.wav
SS00611,SS00611_fede0d9d.wav,animal_sound,esc50,3-163459-A-0.wav,fede0d9dcbf6c0252880acf39d411d62e0060e9c9ff3bda9135b3dc2bccb41fe,train,original,categorized_audio\animal_sound\SS00611_fede0d9d.wav
SS00612,SS00612_84a80968.wav,animal_sound,esc50,3-163607-A-13.wav,84a809683296237fe88f185b856ac8f8bc100f5b6c8450af64cb5fb0066b2940,train,original,categorized_audio\animal_sound\SS00612_84a80968.wav
SS00613,SS00613_8ab92791.wav,animal_sound,esc50,3-163607-B-13.wav,8ab927913468338f081b484410b18ba1f8a82eb438a67234747952a569f89163,train,original,categorized_audio\animal_sound\SS00613_8ab92791.wav
SS00614,SS00614_ac4eeb35.wav,animal_sound,esc50,3-163727-A-3.wav,ac4eeb35319ea2a640ab0469b885ce770d28ce28b26dddbea5c3b8aa6c096496,train,original,categorized_audio\animal_sound\SS00614_ac4eeb35.wav
SS00616,SS00616_f41a1d63.wav,animal_sound,esc50,3-164216-A-6.wav,f41a1d639e47803b31e2d381429bcb575d12d70da6876e3c0242b4e51dcc30be,train,original,categorized_audio\animal_sound\SS00616_f41a1d63.wav
SS00617,SS00617_b3d51f82.wav,animal_sound,esc50,3-164216-B-6.wav,b3d51f822f3035dc50344c9fbe40a1cf629a2a44884a4aadf51a7c01bce97f8c,train,original,categorized_audio\animal_sound\SS00617_b3d51f82.wav
SS00618,SS00618_4e58de95.wav,animal_sound,esc50,3-164216-C-6.wav,4e58de9522e676f6f09480c6037f95535ebb9fe2f7f0e1a5c314a09670910597,train,original,categorized_audio\animal_sound\SS00618_4e58de95.wav
SS00619,SS00619_64260044.wav,background_noise,esc50,3-164592-A-15.wav,642600443ae4f0be042ab271af9a88b834648361059a206118398deec5d53873,train,original,categorized_audio\background_noise\SS00619_64260044.wav
SS00620,SS00620_cb2f3dd4.wav,background_noise,esc50,3-164593-A-15.wav,cb2f3dd439acbba31b4a292f14b12e5d698796235aeab7f857fef3167e463ffd,train,original,categorized_audio\background_noise\SS00620_cb2f3dd4.wav
SS00621,SS00621_3f6652e5.wav,background_noise,esc50,3-164594-A-15.wav,3f6652e5d3289ca0b2f072a6c449e0b92cdb920130b9b50ec66043ff68d974f7,train,original,categorized_audio\background_noise\SS00621_3f6652e5.wav
SS00625,SS00625_1e17ce0d.wav,background_noise,esc50,3-166324-A-15.wav,1e17ce0d83924170a27459c99151e7755ac7a325bc9ffde11383ee75e56f7642,train,original,categorized_audio\background_noise\SS00625_1e17ce0d.wav
SS00626,SS00626_e3c2b5d9.wav,background_noise,esc50,3-166326-A-15.wav,e3c2b5d946738990d8f43dcf6de4beae730a282f8acb5c322a058ec234c1e241,train,original,categorized_audio\background_noise\SS00626_e3c2b5d9.wav
SS00627,SS00627_3ecc909c.wav,background_noise,esc50,3-166422-A-11.wav,3ecc909c603753417b812b66a4846f3159bf854cc22b695f5018948bd1035fc9,train,original,categorized_audio\background_noise\SS00627_3ecc909c.wav
SS00629,SS00629_23dfcb56.wav,animal_sound,esc50,3-171281-A-6.wav,23dfcb563aa880deeeb8e4e8f590c79d1fe7368f7e28b0e79ec266c421c1f9cc,train,original,categorized_audio\animal_sound\SS00629_23dfcb56.wav
SS00630,SS00630_86c2d000.wav,vehicle_horn,esc50,3-174840-A-43.wav,86c2d00015c345e5aef746eedd00068d941c298a8408f01a4b0e7dfccbbafc44,train,original,categorized_audio\vehicle_horn\SS00630_86c2d000.wav
SS00631,SS00631_5511f3b0.wav,animal_sound,esc50,3-178096-A-6.wav,5511f3b07a1c809750bc8671f6cffd2128e205400b4d4a39edb0132be1eb2932,train,original,categorized_audio\animal_sound\SS00631_5511f3b0.wav
SS00633,SS00633_d5d290a1.wav,animal_sound,esc50,3-180977-A-0.wav,d5d290a12f7aac1e5a5cee44e7a4d6033ee9f9999846f84b2278f7fbd6516df2,train,original,categorized_audio\animal_sound\SS00633_d5d290a1.wav
SS00636,SS00636_5dc009b9.wav,machinery_fault,esc50,3-182710-B-35.wav,5dc009b9150c3e6ae02f126869df204e486116739d468c7983e37f56f8a18fb5,train,original,categorized_audio\machinery_fault\SS00636_5dc009b9.wav
SS00637,SS00637_55c86d13.wav,animal_sound,esc50,3-187549-A-6.wav,55c86d138a66780f2e65b0d6410290427506bfa0c7e111a3cd5c052965c70ece,train,original,categorized_audio\animal_sound\SS00637_55c86d13.wav
SS00638,SS00638_5a3a7708.wav,animal_sound,esc50,3-187549-B-6.wav,5a3a7708ff143c1bdc54fe7a8becd0324cd047da4a6421c74692efe32cccb097,train,original,categorized_audio\animal_sound\SS00638_5a3a7708.wav
SS00639,SS00639_97714f53.wav,background_noise,esc50,3-187710-A-11.wav,97714f535ad104a9eac0b85552f37b97e05b1d18f67223d502d201503b02dbaa,train,original,categorized_audio\background_noise\SS00639_97714f53.wav
SS00640,SS00640_904c4bb1.wav,animal_sound,esc50,3-188390-A-6.wav,904c4bb1948ddd19347052c7649dfe1f964eed60c2a47729ac01a77587d9c307,train,original,categorized_audio\animal_sound\SS00640_904c4bb1.wav
SS00641,SS00641_bef59e36.wav,machinery_fault,esc50,3-188726-A-35.wav,bef59e3622bec0845d4158a04757381be86099b100966cd4b3c8954befb61b32,train,original,categorized_audio\machinery_fault\SS00641_bef59e36.wav
SS00642,SS00642_295ed695.wav,animal_sound,esc50,3-197408-A-8.wav,295ed695e2da102916bf51f8ae5871e71f05148cfe15ac88e91605f2d36069d8,train,original,categorized_audio\animal_sound\SS00642_295ed695.wav
SS00643,SS00643_3e6ec65e.wav,animal_sound,esc50,3-197408-B-8.wav,3e6ec65e5700508b6341d43b0cb6b5d5198a963ad3524b4171fbaf6f9ab5741d,train,original,categorized_audio\animal_sound\SS00643_3e6ec65e.wav
SS00644,SS00644_62f19b1b.wav,animal_sound,esc50,3-197408-C-8.wav,62f19b1ba524ef415844bdc72b515d02082111e8c99b22c9e199cb9d55b288e0,train,original,categorized_audio\animal_sound\SS00644_62f19b1b.wav
SS00645,SS00645_60a600ff.wav,glass_breaking,esc50,3-203371-A-39.wav,60a600ff3e1ac00b41c60b0e3979ee8b1b46ebfcbc370523389094e4fbda415b,train,original,categorized_audio\glass_breaking\SS00645_60a600ff.wav
SS00646,SS00646_beb06055.wav,glass_breaking,esc50,3-203373-A-39.wav,beb0605537f3fe20e98b54f19f20842d92b7a95f9408dee41e620a8955b33111,train,original,categorized_audio\glass_breaking\SS00646_beb06055.wav
SS00648,SS00648_b6a987fe.wav,glass_breaking,esc50,3-203375-A-39.wav,b6a987feb4855cf91f55498dcc04bee4fd0f8ed06290d451ce37a07fff230feb,train,original,categorized_audio\glass_breaking\SS00648_b6a987fe.wav
SS00649,SS00649_66c6c338.wav,glass_breaking,esc50,3-203377-A-39.wav,66c6c338f75f509754b454cedae44597f70c97a44f79a3079da0183a63e34562,train,original,categorized_audio\glass_breaking\SS00649_66c6c338.wav
SS00650,SS00650_becad9c6.wav,animal_sound,esc50,3-20861-A-8.wav,becad9c6424e0e7743f11a7c9fa2a6c1fcb8088a667e40a354d725c5c72f0197,train,original,categorized_audio\animal_sound\SS00650_becad9c6.wav
SS00651,SS00651_7469dd85.wav,machinery_fault,esc50,3-208820-A-49.wav,7469dd85a3d413e216a139c0c82cb25956de27c98d21ed6954979ca455655607,train,original,categorized_audio\machinery_fault\SS00651_7469dd85.wav
SS00652,SS00652_2ff2076e.wav,glass_breaking,esc50,3-216280-A-39.wav,2ff2076e898eb818ee6ce5edb615126500b72f6c2fb525ea6bd411d73f8ca580,train,original,categorized_audio\glass_breaking\SS00652_2ff2076e.wav
SS00655,SS00655_bce22c0b.wav,animal_sound,esc50,3-233151-A-2.wav,bce22c0bd615db7dcb5b7b05ac4249647512ac324bf4ea3eb21725c108573c5c,train,original,categorized_audio\animal_sound\SS00655_bce22c0b.wav
SS00656,SS00656_59d89e8d.wav,vehicle_horn,esc50,3-243726-A-43.wav,59d89e8d5ec2897522d4f9ff35dc381f751e3af6253db49ddc7865e75b35121e,train,original,categorized_audio\vehicle_horn\SS00656_59d89e8d.wav
SS00657,SS00657_ea435164.wav,background_noise,esc50,3-246513-A-16.wav,ea4351647ba7f248a404e583e525a83b86118c7e7c5f4544f8b1315e84ff7557,train,original,categorized_audio\background_noise\SS00657_ea435164.wav
SS00659,SS00659_8ed9b723.wav,animal_sound,esc50,3-253081-A-2.wav,8ed9b72315b9f5a755fa23730812367e174bdb435473b543569a3b44f7566f7a,train,original,categorized_audio\animal_sound\SS00659_8ed9b723.wav
SS00660,SS00660_0513f5f2.wav,animal_sound,esc50,3-253084-A-2.wav,0513f5f29947f71b9cace01ce7a82dd309a8753bed388d8361f57c76208f9768,train,original,categorized_audio\animal_sound\SS00660_0513f5f2.wav
SS00661,SS00661_1b37ac40.wav,animal_sound,esc50,3-253084-B-2.wav,1b37ac40059058fabbc9f1ca10a5c8c9a6bc4e09dd32d40c9b7f0a6896258d69,train,original,categorized_audio\animal_sound\SS00661_1b37ac40.wav
SS00662,SS00662_1fb83a06.wav,animal_sound,esc50,3-253084-C-2.wav,1fb83a0697f38bee98694c6d54517ea10401b441bbc15c5b54ee0b0a0e4b8a1d,train,original,categorized_audio\animal_sound\SS00662_1fb83a06.wav
SS00666,SS00666_eb30bc22.wav,machinery_fault,esc50,3-259622-A-44.wav,eb30bc224e09c0462d51c07ce2fbd275088b0b5af9067784cabbb086d1a2ba7a,train,original,categorized_audio\machinery_fault\SS00666_eb30bc22.wav
SS00667,SS00667_de32c52b.wav,alarm_siren,esc50,3-51376-A-42.wav,de32c52b3f928f02ad8dd388f424bbe7c7e22dbe4614cfcd2a271946aec3325a,train,original,categorized_audio\alarm_siren\SS00667_de32c52b.wav
SS00668,SS00668_02683131.wav,alarm_siren,esc50,3-51731-A-42.wav,0268313151d1865b712d5556e6a0fc7fcf87807639c68de23d9951d38474208e,train,original,categorized_audio\alarm_siren\SS00668_02683131.wav
SS00669,SS00669_4918f7e9.wav,alarm_siren,esc50,3-51731-B-42.wav,4918f7e9c5b2056580ea7261db9b13d026c21aa132bcc6ff981e09c2b7d0518e,train,original,categorized_audio\alarm_siren\SS00669_4918f7e9.wav
SS00672,SS00672_b7b50b9b.wav,alarm_siren,esc50,3-58772-A-42.wav,b7b50b9bd964f0026d5d29d9bffd4b7be78171a231d4a190b9addd8ce3390352,train,original,categorized_audio\alarm_siren\SS00672_b7b50b9b.wav
SS00673,SS00673_9a68c6a6.wav,alarm_siren,esc50,3-62878-A-42.wav,9a68c6a6678a7fda587c12dd45064d12093befd4b8b4b10e187ad2248c71e445,train,original,categorized_audio\alarm_siren\SS00673_9a68c6a6.wav
SS00674,SS00674_387866fa.wav,alarm_siren,esc50,3-62878-B-42.wav,387866faea68816ac73cf30fecf94ae886660fbce7e80992d23eaa108ba82990,train,original,categorized_audio\alarm_siren\SS00674_387866fa.wav
SS00676,SS00676_678df375.wav,animal_sound,esc50,3-70962-A-4.wav,678df375c2e35eebad0f251d1ce6240139a93c87c0ec5ca6c4937b7032477145,train,original,categorized_audio\animal_sound\SS00676_678df375.wav
SS00677,SS00677_f102aec2.wav,animal_sound,esc50,3-70962-B-4.wav,f102aec2b3c44ae526519dc8f52124be0e7c9a00d5ab5240b0e67744db3f05c4,train,original,categorized_audio\animal_sound\SS00677_f102aec2.wav
SS00678,SS00678_bcb3b0fe.wav,animal_sound,esc50,3-70962-C-4.wav,bcb3b0fe85defbcf9ba6e2d59f7fe74d558195ab1c2bb498b819087fb683fcfb,train,original,categorized_audio\animal_sound\SS00678_bcb3b0fe.wav
SS00680,SS00680_4adfb457.wav,animal_sound,esc50,3-71964-B-4.wav,4adfb45778a391fbb5e732ec4f816d1fd6c709d81d0a8352e625862981f08507,train,original,categorized_audio\animal_sound\SS00680_4adfb457.wav
SS00681,SS00681_aab6176d.wav,animal_sound,esc50,3-71964-C-4.wav,aab6176d922cc933204cd8798d6bee77c35266e70e9c555d3f98232752dff6a2,train,original,categorized_audio\animal_sound\SS00681_aab6176d.wav
SS00683,SS00683_a6b64ebb.wav,alarm_siren,esc50,3-87936-A-46.wav,a6b64ebbceb2f946ab37609967aedaf8d66a5299f270071a5afff4e220eb01c3,train,original,categorized_audio\alarm_siren\SS00683_a6b64ebb.wav
SS00685,SS00685_ce11374a.wav,animal_sound,esc50,3-95694-A-5.wav,ce11374a1c3a5f2bbe26ffe98f02b3d6c1145787e2588d468f504a6c91560fa5,train,original,categorized_audio\animal_sound\SS00685_ce11374a.wav
SS00686,SS00686_fa2b0481.wav,animal_sound,esc50,3-95695-A-5.wav,fa2b0481cfd6b8988e4d8c4b980e265f271e1e7fcebe627b17f47b8a79db72af,train,original,categorized_audio\animal_sound\SS00686_fa2b0481.wav
SS00688,SS00688_25581b29.wav,animal_sound,esc50,3-95697-A-5.wav,25581b29392dcaffe667101bab712e16a1422e7c98a410c1dd59934b8d175b86,train,original,categorized_audio\animal_sound\SS00688_25581b29.wav
SS00690,SS00690_d0b8ac0b.wav,machinery_fault,esc50,3-96606-A-49.wav,d0b8ac0b838bb26661f6ee2ca3dc723dd3d92f9b658aeaeb5a09adeda04362cc,train,original,categorized_audio\machinery_fault\SS00690_d0b8ac0b.wav
SS00691,SS00691_fbf9db62.wav,machinery_fault,esc50,3-96606-B-49.wav,fbf9db62e5a83340df1106d553ee8099f69b53965fd4001152ceec60ccc14113,train,original,categorized_audio\machinery_fault\SS00691_fbf9db62.wav
SS00692,SS00692_9c538fa8.wav,machinery_fault,esc50,3-97909-A-49.wav,9c538fa8ec448a5679ca97bcd10ab4ecbd442403efe7c2e0a95aba182ad3d7f7,train,original,categorized_audio\machinery_fault\SS00692_9c538fa8.wav
SS00693,SS00693_2a92de60.wav,machinery_fault,esc50,3-97909-B-49.wav,2a92de60ae2df8e6cbb20c4fa8b9af112ad9be18e29cfee2ba51a6d16d5048b9,train,original,categorized_audio\machinery_fault\SS00693_2a92de60.wav
SS00694,SS00694_973df7c6.wav,alarm_siren,esc50,3-98193-A-46.wav,973df7c6b56c4ba23ab3c26b385a64429dc3845693c640e07449207ce32af6f3,train,original,categorized_audio\alarm_siren\SS00694_973df7c6.wav
SS00695,SS00695_b13da802.wav,alarm_siren,esc50,3-98869-A-46.wav,b13da802e507aa019c34b3ec44f8f64aa101ab2a3f16ac6aaba125062faec084,train,original,categorized_audio\alarm_siren\SS00695_b13da802.wav
SS00696,SS00696_88b80957.wav,machinery_fault,esc50,4-102844-A-49.wav,88b8095737537853469f06c3d920fe29b91588e48e5bd687f6938cf1bbb3b438,train,original,categorized_audio\machinery_fault\SS00696_88b80957.wav
SS00697,SS00697_10790b18.wav,machinery_fault,esc50,4-102844-B-49.wav,10790b1820fcae676e76a7c54f6d8378cecdb5087bd60fa49e021b7df920c89d,train,original,categorized_audio\machinery_fault\SS00697_10790b18.wav
SS00698,SS00698_676a4d21.wav,machinery_fault,esc50,4-102844-C-49.wav,676a4d2124e14890136ad1cf24a3c02948c153e0bd731b4d1fb99741a9498fc2,train,original,categorized_audio\machinery_fault\SS00698_676a4d21.wav
SS00700,SS00700_365e4a2a.wav,alarm_siren,esc50,4-111671-A-42.wav,365e4a2a7fcb455894d3b0a7b7ad08ac9725f6565fc4d3ace32876b5afc4c2cd,train,original,categorized_audio\alarm_siren\SS00700_365e4a2a.wav
SS00701,SS00701_7b862bec.wav,alarm_siren,esc50,4-111671-B-42.wav,7b862bec0a634cc342e53fe54fbac85c28801588903e2a35e9eff705b5593b05,train,original,categorized_audio\alarm_siren\SS00701_7b862bec.wav
SS00702,SS00702_5828c062.wav,animal_sound,esc50,4-120160-A-5.wav,5828c0621dddd37ba88c08d99edb9c3860bf2e7f9c3b8adcc02f845bbf6e7211,train,original,categorized_audio\animal_sound\SS00702_5828c062.wav
SS00704,SS00704_61b68a9e.wav,background_noise,esc50,4-125070-A-19.wav,61b68a9eb06ee056826f8ce06e56558bc46301a2f4df43b92d7619cd6b2e8475,train,original,categorized_audio\background_noise\SS00704_61b68a9e.wav
SS00705,SS00705_fe38b9a2.wav,background_noise,esc50,4-125071-A-19.wav,fe38b9a2a0f8ab43fd39cc1dc396218ffb42dfe9ee1e948db37ba036303adcff,train,original,categorized_audio\background_noise\SS00705_fe38b9a2.wav
SS00706,SS00706_5dabae26.wav,background_noise,esc50,4-125072-A-19.wav,5dabae26cf309348043fd04d95c829ea0944397d04b8db66108df28d8b27676e,train,original,categorized_audio\background_noise\SS00706_5dabae26.wav
SS00709,SS00709_c6a4d689.wav,alarm_siren,esc50,4-125825-B-46.wav,c6a4d689547aa3ac03eb683104f00f8be7b6eed00b57c9a7a64e06a935f9d9a4,train,original,categorized_audio\alarm_siren\SS00709_c6a4d689.wav
SS00710,SS00710_e532de79.wav,animal_sound,esc50,4-130584-A-4.wav,e532de799975d8f91e61e7cd5f0bf22138ccd49b43f6973f0d17ac3c1c207a4c,train,original,categorized_audio\animal_sound\SS00710_e532de79.wav
SS00712,SS00712_a1a29bac.wav,animal_sound,esc50,4-132383-A-2.wav,a1a29bac1f9259697b4d58c9f04948c12bfc51a4508f9eddb4dcfc418821df8c,train,original,categorized_audio\animal_sound\SS00712_a1a29bac.wav
SS00713,SS00713_92f93d98.wav,animal_sound,esc50,4-132383-B-2.wav,92f93d980ba878821c57255190f591d3936030cdfeb3ea205524d8d5e5ef24d3,train,original,categorized_audio\animal_sound\SS00713_92f93d98.wav
SS00714,SS00714_28e3fb5e.wav,animal_sound,esc50,4-133047-A-5.wav,28e3fb5e2dbc18984b5e5e82eb85e7301093fa60f46341ae1f682dc111ffedc1,train,original,categorized_audio\animal_sound\SS00714_28e3fb5e.wav
SS00715,SS00715_6cc31e43.wav,animal_sound,esc50,4-133047-B-5.wav,6cc31e43245c50962f68968fc9065fbd990ce48e56f9e8687889db6231e26190,train,original,categorized_audio\animal_sound\SS00715_6cc31e43.wav
SS00717,SS00717_e1d8ea89.wav,animal_sound,esc50,4-133895-A-7.wav,e1d8ea898754bb96ef68854e8f37452019e3fad05a36fe349c4042eec4d25824,train,original,categorized_audio\animal_sound\SS00717_e1d8ea89.wav
SS00718,SS00718_6b0bfda3.wav,animal_sound,esc50,4-136381-A-9.wav,6b0bfda34b4001b23559ef2485eeb56c58e85347b65524da1cd87e6204ea0478,train,original,categorized_audio\animal_sound\SS00718_6b0bfda3.wav
SS00720,SS00720_0f0e831a.wav,alarm_siren,esc50,4-140034-A-46.wav,0f0e831ad6c1df8e9367f1390c35ff464c1df60205d5688eab478e71fecdb0bd,train,original,categorized_audio\alarm_siren\SS00720_0f0e831a.wav
SS00722,SS00722_d49b3d79.wav,animal_sound,esc50,4-143118-B-7.wav,d49b3d79ede70b70d0e01015088a8acadc6c4410973dd133736c4684a326bb0f,train,original,categorized_audio\animal_sound\SS00722_d49b3d79.wav
SS00725,SS00725_942008e6.wav,background_noise,esc50,4-144083-C-16.wav,942008e68f61223b0888964844bed818bd22288cc0fbb993720d6cb641b08f3d,train,original,categorized_audio\background_noise\SS00725_942008e6.wav
SS00726,SS00726_b757e037.wav,background_noise,esc50,4-144085-A-16.wav,b757e037f324d9c0986290237792ae24d2df71988e9c4f972d1252c9de8ac088,train,original,categorized_audio\background_noise\SS00726_b757e037.wav
SS00728,SS00728_41db87e7.wav,machinery_fault,esc50,4-146200-A-36.wav,41db87e753f13f238ba7f8ffca60421d08f8ab3e315c4d79f0557caed80ee9d8,train,original,categorized_audio\machinery_fault\SS00728_41db87e7.wav
SS00730,SS00730_35123a48.wav,animal_sound,esc50,4-147240-B-2.wav,35123a488f0472128b13a633beb12f5cb1308f28c5856724a70f38eb9b1b5a19,train,original,categorized_audio\animal_sound\SS00730_35123a48.wav
SS00731,SS00731_1ccb7137.wav,alarm_siren,esc50,4-147657-A-46.wav,1ccb7137cf0c9ff4226cc7a9d6200af0b1f9cd6b06b8799493f8cfd4be8feb2e,train,original,categorized_audio\alarm_siren\SS00731_1ccb7137.wav
SS00733,SS00733_6f17cda3.wav,machinery_fault,esc50,4-149294-A-41.wav,6f17cda330dc854816ff6fa810a4535882077f1db34f7da8f6a046661164b958,train,original,categorized_audio\machinery_fault\SS00733_6f17cda3.wav
SS00734,SS00734_93988074.wav,machinery_fault,esc50,4-149294-B-41.wav,93988074f02db3b15f57181ee8bf2707a2151190dd7b674d110bd88e32a57506,train,original,categorized_audio\machinery_fault\SS00734_93988074.wav
SS00735,SS00735_0973a174.wav,animal_sound,esc50,4-149940-A-5.wav,0973a174f1af1198b9325283bd0e045ff0632d2550c38c196d31f7078625a7c5,train,original,categorized_audio\animal_sound\SS00735_0973a174.wav
SS00736,SS00736_657d6f04.wav,animal_sound,esc50,4-149940-B-5.wav,657d6f04acc457e97b11ba7e4880fa59bb9b7fcb86ac3462cbd64bd55f8abee7,train,original,categorized_audio\animal_sound\SS00736_657d6f04.wav
SS00737,SS00737_ebb61152.wav,alarm_siren,esc50,4-150364-A-46.wav,ebb611528a40fda78511be8673d194a5c8e1127b924bbe540c5e30044ff8758b,train,original,categorized_audio\alarm_siren\SS00737_ebb61152.wav
SS00739,SS00739_c8378919.wav,alarm_siren,esc50,4-151242-A-37.wav,c83789199d3a2794323f9151cae42fa478b7ae408a624f483399316bd44cf899,train,original,categorized_audio\alarm_siren\SS00739_c8378919.wav
SS00740,SS00740_70848cc5.wav,animal_sound,esc50,4-154793-A-4.wav,70848cc5cfe7f2c5f3ef1266f47901c50463a4887ff6ffa8910cba9b22c89d4f,train,original,categorized_audio\animal_sound\SS00740_70848cc5.wav
SS00741,SS00741_d34e7eb1.wav,animal_sound,esc50,4-156227-A-9.wav,d34e7eb113233542edb49de449196a982d96ea912af90816c37655de30bdf634,train,original,categorized_audio\animal_sound\SS00741_d34e7eb1.wav
SS00744,SS00744_9a71c693.wav,machinery_fault,esc50,4-157611-A-41.wav,9a71c693e78177287023ad26d3192535104f8a5fa45290150a3f4db647ae5226,train,original,categorized_audio\machinery_fault\SS00744_9a71c693.wav
SS00745,SS00745_e2c2b22c.wav,machinery_fault,esc50,4-157611-B-41.wav,e2c2b22cd1b32e80cb5bd0cb5d4e5e3f593fddb609b32ce13e92ee1be0409a7d,train,original,categorized_audio\machinery_fault\SS00745_e2c2b22c.wav
SS00748,SS00748_0f00302e.wav,animal_sound,esc50,4-159609-B-14.wav,0f00302ed01916e1a1c0ed885aae5c96fc4dac3a65cc31a920b3292de016e13f,train,original,categorized_audio\animal_sound\SS00748_0f00302e.wav
SS00749,SS00749_c85ef3d5.wav,background_noise,esc50,4-160999-A-10.wav,c85ef3d5cbd86ba80a7f089277d66f165e36b8dcf8070643ddc7ec73eb4f5dcb,train,original,categorized_audio\background_noise\SS00749_c85ef3d5.wav
SS00752,SS00752_18e48baa.wav,animal_sound,esc50,4-161303-B-5.wav,18e48baaa25d22679917e19d7a46093f22aaeafdf9ed972ca2d068050b404da2,train,original,categorized_audio\animal_sound\SS00752_18e48baa.wav
SS00754,SS00754_c2f5737b.wav,background_noise,esc50,4-163264-A-10.wav,c2f5737bfafb1a3cb2f06a3d97d291e33901051ae4ef5b25c6f19093453c0ead,train,original,categorized_audio\background_noise\SS00754_c2f5737b.wav
SS00755,SS00755_92246658.wav,background_noise,esc50,4-163606-A-16.wav,92246658b7d47b7628efc35da952e4b1ef47322c809542e221037408b69d7de2,train,original,categorized_audio\background_noise\SS00755_92246658.wav
SS00756,SS00756_696f32e8.wav,background_noise,esc50,4-163608-B-16.wav,696f32e8d0e62b5cb5bf388f6045b720bb81f93c887e3b15991b01aeb293b732,train,original,categorized_audio\background_noise\SS00756_696f32e8.wav
SS00758,SS00758_668cc23d.wav,background_noise,esc50,4-163609-B-16.wav,668cc23d97b4c9cc94053bff6b6d03797058e4d941a731d02c5df2cf6633ee51,train,original,categorized_audio\background_noise\SS00758_668cc23d.wav
SS00759,SS00759_8b02f23a.wav,animal_sound,esc50,4-163697-A-13.wav,8b02f23af70a2035464c83a3da2c7d1424cd0af658f4c8c20c40e8abdc1a0444,train,original,categorized_audio\animal_sound\SS00759_8b02f23a.wav
SS00760,SS00760_95b7f782.wav,animal_sound,esc50,4-164021-A-1.wav,95b7f782e42027588c92db9665f009b042c59436dcee563a01d6d71af6e1f0e8,train,original,categorized_audio\animal_sound\SS00760_95b7f782.wav
SS00761,SS00761_08b35648.wav,animal_sound,esc50,4-164064-A-1.wav,08b3564898604da9f5699f4dee35e79ee06c9f7025c85f98b5d35d3efdc42b0d,train,original,categorized_audio\animal_sound\SS00761_08b35648.wav
SS00763,SS00763_34e4f9b7.wav,animal_sound,esc50,4-164064-C-1.wav,34e4f9b7454361e903c43ea59cd69df272c9b308084598a4108c575a41a80113,train,original,categorized_audio\animal_sound\SS00763_34e4f9b7.wav
SS00764,SS00764_75f81596.wav,background_noise,esc50,4-164206-A-10.wav,75f81596617c19cb01f4e0a0422798f100d1bedd796cd13aa59687b2bac13d16,train,original,categorized_audio\background_noise\SS00764_75f81596.wav
SS00765,SS00765_5dba3d36.wav,background_noise,esc50,4-164661-A-12.wav,5dba3d3689ad470168a93c321674fb1d0e152a939bc034dcfe88c7a055e6d5f5,train,original,categorized_audio\background_noise\SS00765_5dba3d36.wav
SS00766,SS00766_e8db8094.wav,background_noise,esc50,4-164661-B-12.wav,e8db809460aaf1d4cad3458762e5b60c31e88efdc00b33a6d6a7c3bd83306ec4,train,original,categorized_audio\background_noise\SS00766_e8db8094.wav
SS00767,SS00767_96f91f5d.wav,animal_sound,esc50,4-164859-A-1.wav,96f91f5dc4b8a14ef17926b0adc7229e2161b4e61e1d079ac45bed2a085a6b08,train,original,categorized_audio\animal_sound\SS00767_96f91f5d.wav
SS00768,SS00768_57e57157.wav,background_noise,esc50,4-165813-A-19.wav,57e571572eb4055f2446b646e83d55e9ed39f598adb02734dafe0efd934e634e,train,original,categorized_audio\background_noise\SS00768_57e57157.wav
SS00769,SS00769_4a89c1dc.wav,background_noise,esc50,4-165813-B-19.wav,4a89c1dcfd418624f14b58811b657815b36317e429d088db99e31e98961a8083,train,original,categorized_audio\background_noise\SS00769_4a89c1dc.wav
SS00770,SS00770_59bb8e0b.wav,machinery_fault,esc50,4-165823-A-41.wav,59bb8e0b1a116bbea7ea48ff6898f37a22a2e875437d480a8ae990fec37ab5ee,train,original,categorized_audio\machinery_fault\SS00770_59bb8e0b.wav
SS00772,SS00772_a958fd56.wav,background_noise,esc50,4-166661-A-10.wav,a958fd56bfff6c34c896c8ca4e5f69705b47a446edcb57060c492f65007d277d,train,original,categorized_audio\background_noise\SS00772_a958fd56.wav
SS00774,SS00774_0dd8330a.wav,background_noise,esc50,4-167063-B-11.wav,0dd8330a8d102d1192dca1e0c43e83602f3f308994aaf8f9f68bb8b1c682cb4a,train,original,categorized_audio\background_noise\SS00774_0dd8330a.wav
SS00777,SS00777_e9d0e25a.wav,background_noise,esc50,4-168868-A-17.wav,e9d0e25a0565a8a9ebe5e26bf2c0dd65bded68eda8268cf24d7cfeb417c7c3e4,train,original,categorized_audio\background_noise\SS00777_e9d0e25a.wav
SS00779,SS00779_6417b5f6.wav,machinery_fault,esc50,4-169127-B-41.wav,6417b5f63d03cd517df89d1bb598b9e991debfd43a64d3b168d76e75866d6a42,train,original,categorized_audio\machinery_fault\SS00779_6417b5f6.wav
SS00780,SS00780_1b78f0e6.wav,alarm_siren,esc50,4-169508-A-37.wav,1b78f0e61352c9d8d4c95987ba852cc3f9e84c3d6a4f3be7424e2704057570a2,train,original,categorized_audio\alarm_siren\SS00780_1b78f0e6.wav
SS00781,SS00781_54247657.wav,animal_sound,esc50,4-170078-A-1.wav,542476574580295ef7a930f25d115cd26e77c7e9a386088908ad5953ea456228,train,original,categorized_audio\animal_sound\SS00781_54247657.wav
SS00784,SS00784_c2b85269.wav,background_noise,esc50,4-171207-A-12.wav,c2b852693789c4d835c9e6e5584788298401fb2cae183353f6388cfc99f30027,train,original,categorized_audio\background_noise\SS00784_c2b85269.wav
SS00785,SS00785_5f0b309e.wav,machinery_fault,esc50,4-171652-A-44.wav,5f0b309e3fa62f6b34763b72f641d7ce1318a1db2fcd7c5ddd27cf380fd58401,train,original,categorized_audio\machinery_fault\SS00785_5f0b309e.wav
SS00786,SS00786_28e90df6.wav,animal_sound,esc50,4-171823-A-13.wav,28e90df696050c77041c2d97c0d7f495440afbe7ed34cf20b9b1969ab1524371,train,original,categorized_audio\animal_sound\SS00786_28e90df6.wav
SS00788,SS00788_b6d260c3.wav,alarm_siren,esc50,4-172366-A-37.wav,b6d260c3b1823bdd45c9d8968b87a9bc6d57c0b99bfef07362cae506ae38b32a,train,original,categorized_audio\alarm_siren\SS00788_b6d260c3.wav
SS00791,SS00791_cb2683c4.wav,machinery_fault,esc50,4-172733-A-36.wav,cb2683c4942cb7e1d85e0d3ff62ab29e47a035b2d78808f5341302914867a0d7,train,original,categorized_audio\machinery_fault\SS00791_cb2683c4.wav
SS00792,SS00792_011ed054.wav,machinery_fault,esc50,4-172734-A-36.wav,011ed0542de4d6069f22eb60442db8247126bc1eb0681e39cb85f25b6ba6c301,train,original,categorized_audio\machinery_fault\SS00792_011ed054.wav
SS00793,SS00793_3a1ee8ca.wav,machinery_fault,esc50,4-172736-A-36.wav,3a1ee8ca78c888284dcf58aa5d2e029862b0ef16352edc8126e232942ca01e29,train,original,categorized_audio\machinery_fault\SS00793_3a1ee8ca.wav
SS00795,SS00795_26ec1e8d.wav,animal_sound,esc50,4-173865-A-9.wav,26ec1e8d912a2c34f895727d1ef4bbe6255b11c76900ea819f681fd754a20832,train,original,categorized_audio\animal_sound\SS00795_26ec1e8d.wav
SS00796,SS00796_0d60307a.wav,animal_sound,esc50,4-173865-B-9.wav,0d60307a21da185856f712a327b56b16ef2444d8455d67d55595d931d3a68af3,train,original,categorized_audio\animal_sound\SS00796_0d60307a.wav
SS00797,SS00797_acdd567a.wav,background_noise,esc50,4-174797-A-15.wav,acdd567a1d75cf635a94d4566916b950b34ca9d153b13b601c659a9b86be69b4,train,original,categorized_audio\background_noise\SS00797_acdd567a.wav
SS00798,SS00798_6aa928dc.wav,animal_sound,esc50,4-174860-A-3.wav,6aa928dc1f18ea6e82845263e70f1799bd4179a31b6a488354a98e3ececcb368,train,original,categorized_audio\animal_sound\SS00798_6aa928dc.wav
SS00800,SS00800_aeaf26bd.wav,vehicle_horn,esc50,4-175845-A-43.wav,aeaf26bd07b54964985f7c5726b2724f57b9912b6e70c0af2f8bf3758ca0f18c,train,original,categorized_audio\vehicle_horn\SS00800_aeaf26bd.wav
SS00801,SS00801_5d8600b8.wav,vehicle_horn,esc50,4-175846-A-43.wav,5d8600b8472cd713a5ab9953a78ab4c47e1d400b91b23dada33fbeb2597a6daf,train,original,categorized_audio\vehicle_horn\SS00801_5d8600b8.wav
SS00803,SS00803_2ef0a166.wav,vehicle_horn,esc50,4-175856-A-43.wav,2ef0a166b66435ecd822f654692dc8e128835fb438bc8a5b061502271176e3d2,train,original,categorized_audio\vehicle_horn\SS00803_2ef0a166.wav
SS00804,SS00804_81a26b47.wav,vehicle_horn,esc50,4-176631-A-43.wav,81a26b475d2206ffc57c1e1bead922dee628bf6ce8f3cc1f7e0d95a1692e384c,train,original,categorized_audio\vehicle_horn\SS00804_81a26b47.wav
SS00807,SS00807_9ec40aa8.wav,vehicle_horn,esc50,4-178402-A-43.wav,9ec40aa83ad3ae9a7a5c2184b7db241f6e288d13e4d6cce1ceac97ddffe2faff,train,original,categorized_audio\vehicle_horn\SS00807_9ec40aa8.wav
SS00808,SS00808_d73fdc45.wav,background_noise,esc50,4-180380-A-10.wav,d73fdc45016ab102ed49683509d93eccb40b985ed9492fe17c3aecf50963a35b,train,original,categorized_audio\background_noise\SS00808_d73fdc45.wav
SS00809,SS00809_50a25a3b.wav,background_noise,esc50,4-180453-A-17.wav,50a25a3b6348ad0000b265cc8d9b27846f41bb14d9784caabe996233dd62cf6a,train,original,categorized_audio\background_noise\SS00809_50a25a3b.wav
SS00810,SS00810_f4adde0e.wav,background_noise,esc50,4-181286-A-10.wav,f4adde0e7a70a466a161325824b020a28ae3aaf76568436116c82b6b25d76fdf,train,original,categorized_audio\background_noise\SS00810_f4adde0e.wav
SS00811,SS00811_7bd3244a.wav,animal_sound,esc50,4-181362-A-13.wav,7bd3244a6d3d997b4ff7d95206504deba716bd32eb6668c49a173e865ed2d683,train,original,categorized_audio\animal_sound\SS00811_7bd3244a.wav
SS00812,SS00812_ddb4f826.wav,background_noise,esc50,4-181563-A-12.wav,ddb4f826b26093badfbec99c52ae78fdf83b8f86a633864f220f7097660d7132,train,original,categorized_audio\background_noise\SS00812_ddb4f826.wav
SS00813,SS00813_817d6398.wav,background_noise,esc50,4-181628-A-17.wav,817d6398f699f30b29d33c7e2038cab451b10a6cf61d2e71dd63d5a44d54a432,train,original,categorized_audio\background_noise\SS00813_817d6398.wav
SS00815,SS00815_4102be53.wav,animal_sound,esc50,4-181955-B-3.wav,4102be53f3c8053fd74a1ae1bd55f96ccb8ada772b8ba8269713f3c8e2ea0c7a,train,original,categorized_audio\animal_sound\SS00815_4102be53.wav
SS00817,SS00817_10fdd12c.wav,machinery_fault,esc50,4-181999-A-36.wav,10fdd12ca0a1d4dde025138f18da53c290e853e652d54691254bbee3f2bd40a5,train,original,categorized_audio\machinery_fault\SS00817_10fdd12c.wav
SS00818,SS00818_cfb0d81b.wav,animal_sound,esc50,4-182314-A-7.wav,cfb0d81b963ed90ea0736b55a1854c89f39e87941a34954fa0c8f27dcf71fc5a,train,original,categorized_audio\animal_sound\SS00818_cfb0d81b.wav
SS00820,SS00820_c3ba5793.wav,background_noise,esc50,4-182368-A-12.wav,c3ba5793bb74cbf7e92b678bc41f7ad4ab925b175c77e8320a755d92e4d1bad8,train,original,categorized_audio\background_noise\SS00820_c3ba5793.wav
SS00821,SS00821_886fca3e.wav,background_noise,esc50,4-182369-A-12.wav,886fca3ecfcbd5fbfb52cb83d4c490f9e865b58f7992282220354e1731a9f2a7,train,original,categorized_audio\background_noise\SS00821_886fca3e.wav
SS00824,SS00824_4cb8e673.wav,background_noise,esc50,4-182613-B-11.wav,4cb8e67374474186ba13ae2f6ee19f748c05d805603240154dd1b658cbbf45d4,train,original,categorized_audio\background_noise\SS00824_4cb8e673.wav
SS00825,SS00825_c9931004.wav,animal_sound,esc50,4-182795-A-14.wav,c993100465e6db9482ce2da4e69420931bb2902cf5809162aec274411813bc6c,train,original,categorized_audio\animal_sound\SS00825_c9931004.wav
SS00826,SS00826_eb3a0e3a.wav,background_noise,esc50,4-182839-A-17.wav,eb3a0e3af0241e52a51cb4607933fd18de32998d8340674f9055e589156ea0db,train,original,categorized_audio\background_noise\SS00826_eb3a0e3a.wav
SS00827,SS00827_0cb40e86.wav,animal_sound,esc50,4-183487-A-1.wav,0cb40e860a07d9ef3843375df34033fcc7a655ffd01f1d693ae58f9ecfa0e1a3,train,original,categorized_audio\animal_sound\SS00827_0cb40e86.wav
SS00829,SS00829_417a9238.wav,animal_sound,esc50,4-184575-A-0.wav,417a923837951edc374447528f1387b6bfb961a9605b165cfcb3d9d63735d179,train,original,categorized_audio\animal_sound\SS00829_417a9238.wav
SS00830,SS00830_717ccdb4.wav,background_noise,esc50,4-186693-A-17.wav,717ccdb41c6aa068f5cd6976b309ec2c2f81041838151892cba281dac90b7092,train,original,categorized_audio\background_noise\SS00830_717ccdb4.wav
SS00831,SS00831_d5fa3e05.wav,machinery_fault,esc50,4-186935-A-44.wav,d5fa3e05bb7222e031cf0fde1866e20aee5f3686d45a69337757930c46769bf4,train,original,categorized_audio\machinery_fault\SS00831_d5fa3e05.wav
SS00834,SS00834_dd0431ec.wav,machinery_fault,esc50,4-186940-A-44.wav,dd0431ec5f8faa5f33063a15bc6be42a6ef3c8424f75ca6d71525158e7cf8e5a,train,original,categorized_audio\machinery_fault\SS00834_dd0431ec.wav
SS00835,SS00835_b6d8887b.wav,machinery_fault,esc50,4-186962-A-44.wav,b6d8887b6913589f56e4d2376a707c82d5c4c80789fc49065461a56899fc82e7,train,original,categorized_audio\machinery_fault\SS00835_b6d8887b.wav
SS00836,SS00836_9cb59f6e.wav,background_noise,esc50,4-187504-A-17.wav,9cb59f6e7930d7a0c2cdf7bc4cebcbc4db3f699922fdb5e4bae3334d7306f888,train,original,categorized_audio\background_noise\SS00836_9cb59f6e.wav
SS00838,SS00838_03884ce6.wav,animal_sound,esc50,4-187769-A-14.wav,03884ce6ca8ef10ced57c11be0066dc190a6349ab403c213b4c7276a254c461a,train,original,categorized_audio\animal_sound\SS00838_03884ce6.wav
SS00840,SS00840_d5c647f2.wav,animal_sound,esc50,4-188287-A-9.wav,d5c647f22d6e62b7ab85e1d096bba70b9ca1bbab0115ef9bf123bce5658f814d,train,original,categorized_audio\animal_sound\SS00840_d5c647f2.wav
SS00842,SS00842_1a03d745.wav,background_noise,esc50,4-188293-B-15.wav,1a03d745bf7369d52b014b17cd9415e5ac7e29546d6468c41e3ba4cba4052985,train,original,categorized_audio\background_noise\SS00842_1a03d745.wav
SS00843,SS00843_f63eb063.wav,animal_sound,esc50,4-188703-A-8.wav,f63eb063826ed5b89d42165dd12490b1a3817588d59ee69bcdfb9b6957b89b70,train,original,categorized_audio\animal_sound\SS00843_f63eb063.wav
SS00844,SS00844_d31b9034.wav,animal_sound,esc50,4-188703-B-8.wav,d31b903428d76fc42a391ee8397957a994a33bc46c411c5b2cfe954cfda36b31,train,original,categorized_audio\animal_sound\SS00844_d31b9034.wav
SS00845,SS00845_2930b52d.wav,animal_sound,esc50,4-188703-C-8.wav,2930b52d2c591978584ecc708f78271e13058fba7928c7de09ee4cf4f72bd245,train,original,categorized_audio\animal_sound\SS00845_2930b52d.wav
SS00847,SS00847_892a04fe.wav,alarm_siren,esc50,4-189332-A-37.wav,892a04fea067db4c75b8d8e835a55d852dfd44f96c85c354ee86f5c63ce52721,train,original,categorized_audio\alarm_siren\SS00847_892a04fe.wav
SS00849,SS00849_18442565.wav,animal_sound,esc50,4-191246-A-7.wav,18442565ed3bbf8c39da5b81b5edaedc103e00ad6cd3c373d26a6e15081c7a03,train,original,categorized_audio\animal_sound\SS00849_18442565.wav
SS00850,SS00850_9f7734cc.wav,animal_sound,esc50,4-191246-B-7.wav,9f7734cc5ddf8e56b218c4106107b8e4f3c6074f925ce2861b12caeff095327a,train,original,categorized_audio\animal_sound\SS00850_9f7734cc.wav
SS00852,SS00852_cea20645.wav,animal_sound,esc50,4-192236-A-0.wav,cea20645e18a4ad56ad53905a6185e891b53f65989e4208f3014aba838096f08,train,original,categorized_audio\animal_sound\SS00852_cea20645.wav
SS00853,SS00853_6f1517ce.wav,animal_sound,esc50,4-194246-A-13.wav,6f1517ceb086279528d9876869ea5149a1cac7cec22554a0863c025e0c029c12,train,original,categorized_audio\animal_sound\SS00853_6f1517ce.wav
SS00856,SS00856_ca02867f.wav,machinery_fault,esc50,4-195451-A-44.wav,ca02867f6995cf11de5d9ed443e842b59e62bfdcdf77910ab9a4daf4242f5e4a,train,original,categorized_audio\machinery_fault\SS00856_ca02867f.wav
SS00857,SS00857_754ff6b1.wav,background_noise,esc50,4-195497-A-11.wav,754ff6b164f369e9bcda1b0d2ea28552a8097f8042a450f4987b79d916872dea,train,original,categorized_audio\background_noise\SS00857_754ff6b1.wav
SS00858,SS00858_e227f80e.wav,background_noise,esc50,4-195497-B-11.wav,e227f80e99d397ec87eeb3d6d773c89238ddd10d6aae8d6cba0cd6988b054099,train,original,categorized_audio\background_noise\SS00858_e227f80e.wav
SS00860,SS00860_e5d8b0ef.wav,animal_sound,esc50,4-195805-A-13.wav,e5d8b0efbdc1b7c828b6abae7376e7cc87c0212af4efde6378a8ab41fa420ef0,train,original,categorized_audio\animal_sound\SS00860_e5d8b0ef.wav
SS00862,SS00862_32227455.wav,animal_sound,esc50,4-196671-B-8.wav,322274553d1033f9dd042106a2cd27ad0570e85001979e01f6859f602958f51f,train,original,categorized_audio\animal_sound\SS00862_32227455.wav
SS00863,SS00863_849744ca.wav,animal_sound,esc50,4-196672-A-8.wav,849744ca9439f71aa7f2091a0b47141260cc14db2e1c5a6ff82dfbfbd75bb24b,train,original,categorized_audio\animal_sound\SS00863_849744ca.wav
SS00864,SS00864_d0c5fbdc.wav,animal_sound,esc50,4-197103-A-6.wav,d0c5fbdc173e229b546b90a48df9b4e200345c8a65cba46d87854c3f06ad8a69,train,original,categorized_audio\animal_sound\SS00864_d0c5fbdc.wav
SS00866,SS00866_da1175ae.wav,machinery_fault,esc50,4-198360-A-49.wav,da1175ae1546391f81a565f0eb22a39772a7d658652974b8c889fb990ac15b21,train,original,categorized_audio\machinery_fault\SS00866_da1175ae.wav
SS00870,SS00870_527a52b5.wav,animal_sound,esc50,4-199261-A-0.wav,527a52b5cd50b5171b45ea0dd3c5efe5d11fb75a0c29cdd777c6f17255ac8262,train,original,categorized_audio\animal_sound\SS00870_527a52b5.wav
SS00872,SS00872_af0d92d0.wav,animal_sound,esc50,4-200330-B-6.wav,af0d92d01bcbc7f5dadd012f05a1f3d52197432ea927e29c084198127c8a0d15,train,original,categorized_audio\animal_sound\SS00872_af0d92d0.wav
SS00873,SS00873_6e42b414.wav,machinery_fault,esc50,4-201988-A-44.wav,6e42b414c1b9a63712d74475f21afefc6553aa446c46b0b03ad8de40e061a3c0,train,original,categorized_audio\machinery_fault\SS00873_6e42b414.wav
SS00875,SS00875_3d4a5201.wav,glass_breaking,esc50,4-204115-A-39.wav,3d4a520122727b384d55738c254f33103e1eee73152f4c45893736089915eff9,train,original,categorized_audio\glass_breaking\SS00875_3d4a5201.wav
SS00876,SS00876_2fbc4acd.wav,glass_breaking,esc50,4-204119-A-39.wav,2fbc4acd76fa931f8461c3370eeef3e417b1ea28da20eff7874d4b4e2177fc41,train,original,categorized_audio\glass_breaking\SS00876_2fbc4acd.wav
SS00877,SS00877_ad42b3c9.wav,glass_breaking,esc50,4-204121-A-39.wav,ad42b3c91dd21d4f3a8238290c20dac179e7a7674320dab7029c5b111116d1d1,train,original,categorized_audio\glass_breaking\SS00877_ad42b3c9.wav
SS00878,SS00878_a35fd222.wav,glass_breaking,esc50,4-204123-A-39.wav,a35fd2223acb65ae87ab1e3ad4c774e8cda44a5482b639f11b6aa0d8065b4a7a,train,original,categorized_audio\glass_breaking\SS00878_a35fd222.wav
SS00882,SS00882_98b930c2.wav,glass_breaking,esc50,4-204777-B-39.wav,98b930c2e4028e80749d82616ccba7640e58650a9ccf7770a77f814e3b2dcd24,train,original,categorized_audio\glass_breaking\SS00882_98b930c2.wav
SS00883,SS00883_88bbd7af.wav,glass_breaking,esc50,4-204777-C-39.wav,88bbd7af8f04d1b46f9e0c13a304223efea777c1dd908564b8eff73b9774477b,train,original,categorized_audio\glass_breaking\SS00883_88bbd7af.wav
SS00885,SS00885_4172efa0.wav,animal_sound,esc50,4-207124-A-0.wav,4172efa07482e36b67f50bc730d9ecaf95da20c81f79242d0439ac6bae21f53c,train,original,categorized_audio\animal_sound\SS00885_4172efa0.wav
SS00886,SS00886_b3daaeac.wav,animal_sound,esc50,4-208021-A-1.wav,b3daaeacca340f005fe7a337c1ab2b22f28c8ea1f477dc5f6aeb06e5a3a1a582,train,original,categorized_audio\animal_sound\SS00886_b3daaeac.wav
SS00887,SS00887_c7d05248.wav,alarm_siren,esc50,4-209536-A-37.wav,c7d052483af976895f91bc5fc48b32467ac8b3968c47b33daff87c5e93527877,train,original,categorized_audio\alarm_siren\SS00887_c7d05248.wav
SS00888,SS00888_b8b67daf.wav,alarm_siren,esc50,4-209698-A-37.wav,b8b67daf8895617ba9f2b6b266e6cdc32845ddcc9153b017d06874a95d780945,train,original,categorized_audio\alarm_siren\SS00888_b8b67daf.wav
SS00889,SS00889_2ec358c5.wav,background_noise,esc50,4-212604-A-15.wav,2ec358c578592ba2f8fa7e8747af7fb3de71413492cab82a868abbd6e972e966,train,original,categorized_audio\background_noise\SS00889_2ec358c5.wav
SS00890,SS00890_f3f97d84.wav,background_noise,esc50,4-212604-B-15.wav,f3f97d8424a14dea09ab0a44e762e83a347d23eb0505ccad0881cd4b67217996,train,original,categorized_audio\background_noise\SS00890_f3f97d84.wav
SS00892,SS00892_4491d08b.wav,glass_breaking,esc50,4-212698-A-39.wav,4491d08becad3c0074b46fbe25eeb7536a458036ecd5eed77f5709ed77313ef8,train,original,categorized_audio\glass_breaking\SS00892_4491d08b.wav
SS00894,SS00894_27c17d35.wav,animal_sound,esc50,4-213915-B-3.wav,27c17d35977a25dbc418035e7772f770ea070ad8fe78099e9c070df67fae4980,train,original,categorized_audio\animal_sound\SS00894_27c17d35.wav
SS00895,SS00895_cb961557.wav,animal_sound,esc50,4-213915-C-3.wav,cb961557c652b3cfadac4acf581494e61994657926ba33656f3b19958e6601fc,train,original,categorized_audio\animal_sound\SS00895_cb961557.wav
SS00897,SS00897_02b6d846.wav,machinery_fault,esc50,4-218199-A-35.wav,02b6d846aff2d55f6372e5cebd1056db799b8a2487953d774d537bfa3bde7ddd,train,original,categorized_audio\machinery_fault\SS00897_02b6d846.wav
SS00898,SS00898_c65067dc.wav,machinery_fault,esc50,4-218199-B-35.wav,c65067dceb056c992f46e7c1c1110085d8d12b43666df2debf5221a450884a6a,train,original,categorized_audio\machinery_fault\SS00898_c65067dc.wav
SS00900,SS00900_505b7c55.wav,machinery_fault,esc50,4-218199-D-35.wav,505b7c559ae955a31ec64194d38104d8ebe6ee379200c7790b7269552516e386,train,original,categorized_audio\machinery_fault\SS00900_505b7c55.wav
SS00901,SS00901_9d577c55.wav,machinery_fault,esc50,4-218199-E-35.wav,9d577c5576cfb70e53efedb55a51a1efe399b7d0305be1c4211366747a42f3e8,train,original,categorized_audio\machinery_fault\SS00901_9d577c55.wav
SS00903,SS00903_5033c2aa.wav,machinery_fault,esc50,4-218199-G-35.wav,5033c2aab12038d238beaf1e3bd7af5a59c3c3dc83492098c79f355ab8bc7e77,train,original,categorized_audio\machinery_fault\SS00903_5033c2aa.wav
SS00904,SS00904_d480528e.wav,machinery_fault,esc50,4-218199-H-35.wav,d480528eab110c1500b4eab72ac5acf08e3c5ec98a2ab2f8cdfed7dcc92332be,train,original,categorized_audio\machinery_fault\SS00904_d480528e.wav
SS00905,SS00905_1eabad37.wav,animal_sound,esc50,4-223125-A-14.wav,1eabad37d03dd47bba20a964479951887d38d96aa83bfca83626216eba8f8d39,train,original,categorized_audio\animal_sound\SS00905_1eabad37.wav
SS00906,SS00906_36f76b6e.wav,animal_sound,esc50,4-223127-A-14.wav,36f76b6e7b928388339f5c620c93999f8b80f1198fbbf8d2a9d032e380038413,train,original,categorized_audio\animal_sound\SS00906_36f76b6e.wav
SS00908,SS00908_f7ec7993.wav,animal_sound,esc50,4-234644-A-2.wav,f7ec799352ca3c3f5c4ee0b395931c33fbfb89034b103452feccace446a94b89,train,original,categorized_audio\animal_sound\SS00908_f7ec7993.wav
SS00909,SS00909_32eb5a7d.wav,animal_sound,esc50,4-234879-A-6.wav,32eb5a7d1f17b3db9740a2e3209daf0c3369f3ae62657b2c2b8b5fee0fce2d6d,train,original,categorized_audio\animal_sound\SS00909_32eb5a7d.wav
SS00910,SS00910_92db3269.wav,animal_sound,esc50,4-244318-A-6.wav,92db3269b6c3b6ced40945121d3c5e57a42adbd2089dd559b2b614cac887ace0,train,original,categorized_audio\animal_sound\SS00910_92db3269.wav
SS00912,SS00912_fb80ab27.wav,animal_sound,esc50,4-250869-A-2.wav,fb80ab27e67733ff25e3832428f5bbf37e92a39da433232e99b39016efbe94e5,train,original,categorized_audio\animal_sound\SS00912_fb80ab27.wav
SS00913,SS00913_2fcd8c5c.wav,animal_sound,esc50,4-250869-B-2.wav,2fcd8c5ccfb3d0f45e2e882a0b111e5cd80b027ff3ecae9030a7d140cb51ff4a,train,original,categorized_audio\animal_sound\SS00913_2fcd8c5c.wav
SS00914,SS00914_a5d240fa.wav,animal_sound,esc50,4-250869-C-2.wav,a5d240fa6712082e48727ad604d78fbe370167190de6a0ade409129eef4e7b17,train,original,categorized_audio\animal_sound\SS00914_a5d240fa.wav
SS00915,SS00915_8dbcd90c.wav,machinery_fault,esc50,4-251645-A-49.wav,8dbcd90c7e987bbf23192019f51a51d47a01270b40fc69fa6a06df7f30d4825b,train,original,categorized_audio\machinery_fault\SS00915_8dbcd90c.wav
SS00918,SS00918_3192ab47.wav,alarm_siren,esc50,4-67358-A-42.wav,3192ab47aff92ef5dcec1ce178e342e24ecadf826dc6c9dd3f0515a4c53c58d2,train,original,categorized_audio\alarm_siren\SS00918_3192ab47.wav
SS00919,SS00919_d1301a63.wav,alarm_siren,esc50,4-80761-A-42.wav,d1301a63a3d7f4429b40244d7a52f11636c3ed28b846f6213bda6e0005b1c072,train,original,categorized_audio\alarm_siren\SS00919_d1301a63.wav
SS00920,SS00920_bbde0117.wav,alarm_siren,esc50,4-90014-A-42.wav,bbde0117f66201fe236b2bedccd231efe8e74b5c3361471a32159bbef5777e9a,train,original,categorized_audio\alarm_siren\SS00920_bbde0117.wav
SS00922,SS00922_c5925554.wav,animal_sound,esc50,4-99193-A-4.wav,c59255545e4251d833ca7ad5b4a9987110e156663a51d14e253db5f7d8ce2945,train,original,categorized_audio\animal_sound\SS00922_c5925554.wav
SS00924,SS00924_d2babf16.wav,animal_sound,esc50,4-99644-A-4.wav,d2babf16b5f6d7b310b19398326b60f6abb13810cf1a137253fe02af7647819e,train,original,categorized_audio\animal_sound\SS00924_d2babf16.wav
SS00925,SS00925_ebae4574.wav,animal_sound,esc50,4-99644-B-4.wav,ebae4574f6260013b4024ca8a4b57337ac562d66e07a73cfa7509cc28d969ed4,train,original,categorized_audio\animal_sound\SS00925_ebae4574.wav
SS00926,SS00926_7f1494d5.wav,animal_sound,esc50,4-99644-C-4.wav,7f1494d57c156afb7f644d7674ce0c8bfba643ae17214c1d6bc443167add56a2,train,original,categorized_audio\animal_sound\SS00926_7f1494d5.wav
SS00927,SS00927_ec538641.wav,animal_sound,esc50,4-99644-D-4.wav,ec538641512c83a1b562d7f22b134bf2a3553dca61a242d4a163b02a6a32bf75,train,original,categorized_audio\animal_sound\SS00927_ec538641.wav
SS00928,SS00928_5922660f.wav,animal_sound,esc50,5-103415-A-2.wav,5922660ff7698b3dce589c2e3e8230cca85a82cd7f396e1b29245c3c50d7d8d7,train,original,categorized_audio\animal_sound\SS00928_5922660f.wav
SS00929,SS00929_5c6603bf.wav,animal_sound,esc50,5-103416-A-2.wav,5c6603bf39c3d397db3ba6b9d985f5a5efde41c7ba67d0cb896aa0c3d8e4e8c7,train,original,categorized_audio\animal_sound\SS00929_5c6603bf.wav
SS00931,SS00931_e62aa6dd.wav,animal_sound,esc50,5-103420-A-2.wav,e62aa6dd6684f8fb7e184331f17b289aaa7e6a01465a588c8f283f74d238d89e,train,original,categorized_audio\animal_sound\SS00931_e62aa6dd.wav
SS00933,SS00933_4c82ac9c.wav,animal_sound,esc50,5-103422-A-2.wav,4c82ac9cbaa3a0e8fd14f6b45fb596727585f4fb7126d22c5b734ea2ee6e60af,train,original,categorized_audio\animal_sound\SS00933_4c82ac9c.wav
SS00934,SS00934_79cbdaf2.wav,alarm_siren,esc50,5-117118-A-42.wav,79cbdaf2156d7af410fe97a5c131ee6f46f2f7a99f4051fadd01e931ad8c9e14,train,original,categorized_audio\alarm_siren\SS00934_79cbdaf2.wav
SS00935,SS00935_b22c04d1.wav,alarm_siren,esc50,5-117120-A-42.wav,b22c04d1ea6841f9a1b79e21f2d44c8f9f446a204d28f5a3e4b4f57071c669aa,train,original,categorized_audio\alarm_siren\SS00935_b22c04d1.wav
SS00936,SS00936_1b1d4849.wav,alarm_siren,esc50,5-117122-A-42.wav,1b1d4849a6a95b40d9ac1ce01ff8f3ba5899bf1dc025da6646c1008e1a7caf65,train,original,categorized_audio\alarm_siren\SS00936_1b1d4849.wav
SS00938,SS00938_d14a1451.wav,background_noise,esc50,5-117773-A-16.wav,d14a14512b9d39a4be54b218136bf188336f7798a193fd20623e4fdafa5fdf18,train,original,categorized_audio\background_noise\SS00938_d14a1451.wav
SS00939,SS00939_afb2e2ad.wav,animal_sound,esc50,5-127990-A-2.wav,afb2e2adacf1b6be7ae08d5cfc19348987111fc8f337a4bd893d910a539e2712,train,original,categorized_audio\animal_sound\SS00939_afb2e2ad.wav
SS00940,SS00940_7521bb9b.wav,alarm_siren,esc50,5-133989-A-42.wav,7521bb9b94ef12283db760cb97338b7c9a3145b8c78ce3931e03953c6d91f08e,train,original,categorized_audio\alarm_siren\SS00940_7521bb9b.wav
SS00942,SS00942_c8ac3baf.wav,machinery_fault,esc50,5-141683-A-35.wav,c8ac3bafa369ff4bcfef515f00060c963f4c19d9275ada75edbc8cdb9c1ad591,train,original,categorized_audio\machinery_fault\SS00942_c8ac3baf.wav
SS00945,SS00945_19ac15e1.wav,animal_sound,esc50,5-156026-B-4.wav,19ac15e1587e6e0d89f37ca13a5b8b4c2522eac5f6887d0b4b67f4d35073ecc6,train,original,categorized_audio\animal_sound\SS00945_19ac15e1.wav
SS00948,SS00948_1c612563.wav,background_noise,esc50,5-156999-A-19.wav,1c612563515cd4cde24c16a25fe1060958a83adb8c0768cc36b901fe78993826,train,original,categorized_audio\background_noise\SS00948_1c612563.wav
SS00949,SS00949_c793c4f1.wav,background_noise,esc50,5-156999-B-19.wav,c793c4f1a0a03d26b5118a93fd8d164136d2f06c3c05c65625ac27fbd2a43a28,train,original,categorized_audio\background_noise\SS00949_c793c4f1.wav
SS00950,SS00950_d14031f8.wav,background_noise,esc50,5-156999-C-19.wav,d14031f85c1b95b992fb0d10e694222bfe9c217dc09f1a5ccf14d33d043447f9,train,original,categorized_audio\background_noise\SS00950_d14031f8.wav
SS00951,SS00951_df28bd79.wav,background_noise,esc50,5-156999-D-19.wav,df28bd7946c13c434f9678830a75b88305c4e6453e9d13f8bb9f156c0bd64755,train,original,categorized_audio\background_noise\SS00951_df28bd79.wav
SS00952,SS00952_740fd58d.wav,background_noise,esc50,5-156999-E-19.wav,740fd58dd7429fe56f17b1322e6e01664c0183db58634abd41871e44e274267d,train,original,categorized_audio\background_noise\SS00952_740fd58d.wav
SS00953,SS00953_5334617e.wav,background_noise,esc50,5-157204-A-16.wav,5334617e6eb886d8dbdb1c19dedeb9a0e033e2d9448ce9ad409061db6f9324f6,train,original,categorized_audio\background_noise\SS00953_5334617e.wav
SS00954,SS00954_9dc13dfb.wav,background_noise,esc50,5-157204-B-16.wav,9dc13dfb211d876dc322e31bc71d24166e1ea59d900d62be80a1d719c923d2bc,train,original,categorized_audio\background_noise\SS00954_9dc13dfb.wav
SS00956,SS00956_a473f44b.wav,animal_sound,esc50,5-169983-A-5.wav,a473f44b79e20f2797d6e69a87c1a97472083b46a0632e65aec1201992c123b8,train,original,categorized_audio\animal_sound\SS00956_a473f44b.wav
SS00957,SS00957_db6e46d3.wav,machinery_fault,esc50,5-170338-A-41.wav,db6e46d327b67ba496c758b58e18dcbef90ab832ed84596985ff84ad5bce8538,train,original,categorized_audio\machinery_fault\SS00957_db6e46d3.wav
SS00958,SS00958_cd356d44.wav,machinery_fault,esc50,5-170338-B-41.wav,cd356d4499a30a75b976d45500bff121d0c13d68fcb3864a76d44731ac87f9aa,train,original,categorized_audio\machinery_fault\SS00958_cd356d44.wav
SS00959,SS00959_2fcbbc97.wav,machinery_fault,esc50,5-171653-A-41.wav,2fcbbc97d0ac376a8219ec709ee6d90ccfca3df7bcbd2abbbf9a60491cddbb5d,train,original,categorized_audio\machinery_fault\SS00959_2fcbbc97.wav
SS00961,SS00961_460633b3.wav,animal_sound,esc50,5-172639-A-5.wav,460633b31921cf05cb37908fb45fe39a698307446a7eb2da6564b58a95e84d1e,train,original,categorized_audio\animal_sound\SS00961_460633b3.wav
SS00962,SS00962_61a6eb0d.wav,animal_sound,esc50,5-177614-A-5.wav,61a6eb0d092a96cff85210340c7a169c0ece373d1dc68da3dbfe340670b4f3d9,train,original,categorized_audio\animal_sound\SS00962_61a6eb0d.wav
SS00963,SS00963_cf3361dd.wav,alarm_siren,esc50,5-179294-A-46.wav,cf3361dd0aa9599293f29f1f5a090fbb58b02dbbc0c8d2f366752c0387ded722,train,original,categorized_audio\alarm_siren\SS00963_cf3361dd.wav
SS00965,SS00965_7113369b.wav,background_noise,esc50,5-179496-B-16.wav,7113369bc05fc966b3ddd86cf3d969ee6697400123282022515c8f9da8d23c2f,train,original,categorized_audio\background_noise\SS00965_7113369b.wav
SS00967,SS00967_9a777c79.wav,vehicle_horn,esc50,5-179863-A-43.wav,9a777c790a2476a3de0efd0318e6fb369ad5af8bee0d007193ce08913dd9ae33,train,original,categorized_audio\vehicle_horn\SS00967_9a777c79.wav
SS00968,SS00968_0a452b37.wav,vehicle_horn,esc50,5-179865-A-43.wav,0a452b37b0c8c89f33babe75c5c6af3d6bb80daf683559130a1716fb1f0c0948,train,original,categorized_audio\vehicle_horn\SS00968_0a452b37.wav
SS00970,SS00970_9bcfe142.wav,vehicle_horn,esc50,5-179868-A-43.wav,9bcfe1420d2d11be38661f2f8099633736f940f1859d49f2d5d6716c0d840ae6,train,original,categorized_audio\vehicle_horn\SS00970_9bcfe142.wav
SS00971,SS00971_cbf7bc43.wav,vehicle_horn,esc50,5-180156-A-43.wav,cbf7bc438e26a813e1317a2dd28232e039b0ce00df0e3f567cafbd2a998b3fa3,train,original,categorized_audio\vehicle_horn\SS00971_cbf7bc43.wav
SS00974,SS00974_608fcc0b.wav,background_noise,esc50,5-181766-A-10.wav,608fcc0bef32512e2a984c7d3d2cac8ea161f6337ec0056850a6d34f07f8db35,train,original,categorized_audio\background_noise\SS00974_608fcc0b.wav
SS00976,SS00976_3da75e2e.wav,machinery_fault,esc50,5-182007-A-36.wav,3da75e2e43452c3d1bc595b46a51e7a04bc6be977fc5b11e7adaa5e8e5877b0f,train,original,categorized_audio\machinery_fault\SS00976_3da75e2e.wav
SS00977,SS00977_0ac4e7dd.wav,machinery_fault,esc50,5-182010-A-36.wav,0ac4e7dd19c4f99e9453c79e0409650b1fb12972f9da4d15f96408788b015a07,train,original,categorized_audio\machinery_fault\SS00977_0ac4e7dd.wav
SS00978,SS00978_8fa37e0b.wav,machinery_fault,esc50,5-182012-A-36.wav,8fa37e0bd01c6e825f68c8a21bb057a25d4a98b5088f16e16de0fdf0d4a42b03,train,original,categorized_audio\machinery_fault\SS00978_8fa37e0b.wav
SS00981,SS00981_853d5ae5.wav,machinery_fault,esc50,5-185579-B-41.wav,853d5ae507977df944cba7775cbdd2a3e262b3f7e99729d5ec465c51dc692a6d,train,original,categorized_audio\machinery_fault\SS00981_853d5ae5.wav
SS00982,SS00982_963758fc.wav,background_noise,esc50,5-186924-A-12.wav,963758fc0a9bb51fbc0659ac0ab75f2aede097519f46b92efecac22baae215cc,train,original,categorized_audio\background_noise\SS00982_963758fc.wav
SS00983,SS00983_485754fb.wav,animal_sound,esc50,5-187201-A-4.wav,485754fb5c7c48355d6d9cbccef00c8d501b42dd9ed658c6cebe634115a45fde,train,original,categorized_audio\animal_sound\SS00983_485754fb.wav
SS00984,SS00984_ce055f61.wav,animal_sound,esc50,5-187201-B-4.wav,ce055f61c4e3024443227caf701f1ea35bed562e22fe14fc8a651280dac189be,train,original,categorized_audio\animal_sound\SS00984_ce055f61.wav
SS00985,SS00985_b18b10fd.wav,machinery_fault,esc50,5-188365-A-36.wav,b18b10fd9ceb79b47445240e36b77651334a69fee351b9a47896f6cd0fd97ab8,train,original,categorized_audio\machinery_fault\SS00985_b18b10fd.wav
SS00987,SS00987_9ed87643.wav,background_noise,esc50,5-188655-A-10.wav,9ed876436c72f36c230c275744818829912a2299bcbd8ccca6eccce9df6f8a57,train,original,categorized_audio\background_noise\SS00987_9ed87643.wav
SS00988,SS00988_db92bfce.wav,alarm_siren,esc50,5-188716-A-46.wav,db92bfce468a286fe4cad679bac89e05bd8ed32e40d9edde5fe0bb157df30d85,train,original,categorized_audio\alarm_siren\SS00988_db92bfce.wav
SS00989,SS00989_bd9983a6.wav,background_noise,esc50,5-189212-A-12.wav,bd9983a6e739ea7df03c9363b17834a71ba0b74cbb59d8766d48ccb0fedd2138,train,original,categorized_audio\background_noise\SS00989_bd9983a6.wav
SS00990,SS00990_41ab28c2.wav,background_noise,esc50,5-189237-A-12.wav,41ab28c22910b7fd2834728fd4819d8a0d4a9268e5d1b8b434a5705473fb373a,train,original,categorized_audio\background_noise\SS00990_41ab28c2.wav
SS00991,SS00991_06dcafb8.wav,animal_sound,esc50,5-189795-A-4.wav,06dcafb84db34a40decacfbc0b40636ca950220719e8546d6a76b68e43129a20,train,original,categorized_audio\animal_sound\SS00991_06dcafb8.wav
SS00993,SS00993_aec7a170.wav,background_noise,esc50,5-193339-A-10.wav,aec7a17013e61faedb111983e0699a8b63c0e1af9569bb4a819ffba86a28f778,train,original,categorized_audio\background_noise\SS00993_aec7a170.wav
SS00994,SS00994_0c34b494.wav,background_noise,esc50,5-193473-A-12.wav,0c34b4945be60984588bf5b3048ff62974eaaf69b0fa8ef4f06408debb0d7fc9,train,original,categorized_audio\background_noise\SS00994_0c34b494.wav
SS00996,SS00996_12df0d99.wav,background_noise,esc50,5-194892-A-10.wav,12df0d996db614fff7148063232490f76413448b6b193034b5f9655ec5172a37,train,original,categorized_audio\background_noise\SS00996_12df0d99.wav
SS00997,SS00997_5250b8ec.wav,animal_sound,esc50,5-194899-A-3.wav,5250b8ec60b7dec29eac9d8ea2edddf111405741bceb6a0efd43d85096421164,train,original,categorized_audio\animal_sound\SS00997_5250b8ec.wav
SS00998,SS00998_f8451570.wav,animal_sound,esc50,5-194899-B-3.wav,f8451570253be99a68e1f6f9b88fad1d2eeb3a94179a833cc65fbb68067384df,train,original,categorized_audio\animal_sound\SS00998_f8451570.wav
SS00999,SS00999_a78edc54.wav,animal_sound,esc50,5-194899-C-3.wav,a78edc545b8c5d4c1f875a3e62929d680f2008de80ae486032af175bc79b6b52,train,original,categorized_audio\animal_sound\SS00999_a78edc54.wav
SS01000,SS01000_1270aa09.wav,animal_sound,esc50,5-194899-D-3.wav,1270aa094784fbe14609a95755938d3186019f4e0852aa32a34ccef8d9acefe1,train,original,categorized_audio\animal_sound\SS01000_1270aa09.wav
SS01001,SS01001_78561579.wav,animal_sound,esc50,5-194930-A-1.wav,785615790c00a2ac8d5f4d579873a8b1bd1f5a77fc990eafbd05725974d63659,train,original,categorized_audio\animal_sound\SS01001_78561579.wav
SS01002,SS01002_b263df73.wav,animal_sound,esc50,5-194930-B-1.wav,b263df738b703f0001765438cd95cdd83c8926b281ce36edce49ee91df5eb82f,train,original,categorized_audio\animal_sound\SS01002_b263df73.wav
SS01003,SS01003_1068b661.wav,animal_sound,esc50,5-194932-A-7.wav,1068b661c90b194c6bb0ad42c77ea65620ec5205e4e256f7fee89717d7a11fdf,train,original,categorized_audio\animal_sound\SS01003_1068b661.wav
SS01005,SS01005_d826d4ce.wav,animal_sound,esc50,5-195518-A-7.wav,d826d4ceb38127fac8fdead53b89274ffe716088acfedd2c5168913ad4564e14,train,original,categorized_audio\animal_sound\SS01005_d826d4ce.wav
SS01007,SS01007_939959e3.wav,background_noise,esc50,5-195710-A-10.wav,939959e3cb6df01e3a67d47cf1b1d0429785a1906562dd143805e8fb8db909c0,train,original,categorized_audio\background_noise\SS01007_939959e3.wav
SS01009,SS01009_7b8aad41.wav,alarm_siren,esc50,5-197988-A-46.wav,7b8aad416b5c8a5e6d240ee7aa4d5e1493ff12bf441925ea43f8edf3702e68de,train,original,categorized_audio\alarm_siren\SS01009_7b8aad41.wav
SS01013,SS01013_a16dbc1f.wav,background_noise,esc50,5-198321-A-10.wav,a16dbc1f4320ade2754c13c9540e4cfdbdfdc44008c3ba699f00476d9a70fe63,train,original,categorized_audio\background_noise\SS01013_a16dbc1f.wav
SS01014,SS01014_8f8f7c9c.wav,alarm_siren,esc50,5-198373-A-46.wav,8f8f7c9c79e6ae65d068c431986e0621e7066512bf3e3f54203542059a5e7c90,train,original,categorized_audio\alarm_siren\SS01014_8f8f7c9c.wav
SS01015,SS01015_6f66eac8.wav,animal_sound,esc50,5-198891-A-8.wav,6f66eac808d2709bace36a2d911c704c66f84099824f249a1ae3d57e5639c4c7,train,original,categorized_audio\animal_sound\SS01015_6f66eac8.wav
SS01016,SS01016_6b487e74.wav,animal_sound,esc50,5-198891-B-8.wav,6b487e7468849dc89506455d796b23b6222cefd29e35a0dad4696fc1325a62bc,train,original,categorized_audio\animal_sound\SS01016_6b487e74.wav
SS01017,SS01017_b6e59d9c.wav,animal_sound,esc50,5-198891-C-8.wav,b6e59d9cb299735d9f2ea6e9c958334148c3cbd32a8f54494d2a572a3e8604a7,train,original,categorized_audio\animal_sound\SS01017_b6e59d9c.wav
SS01018,SS01018_79da5213.wav,animal_sound,esc50,5-198891-D-8.wav,79da52131cb3a0a0d8079d75c2c54007974503392fcbf4855b1ff5bff5c6f7e2,train,original,categorized_audio\animal_sound\SS01018_79da5213.wav
SS01020,SS01020_fd2a038b.wav,animal_sound,esc50,5-200329-B-8.wav,fd2a038be746e0a72ba6638cbaaa55d4d2cd64a060f4a4cdbfb68cb3710a41c5,train,original,categorized_audio\animal_sound\SS01020_fd2a038b.wav
SS01021,SS01021_5bd68391.wav,animal_sound,esc50,5-200329-C-8.wav,5bd68391d0cccec67d32b243f99965c410511268b8b3bdc6d5f0ccca839fe9e4,train,original,categorized_audio\animal_sound\SS01021_5bd68391.wav
SS01023,SS01023_e98e4171.wav,animal_sound,esc50,5-200334-B-1.wav,e98e4171fea916bcf7de6c6803ff7ee518bc0728f49e59d6c04ae0070ddfbbb4,train,original,categorized_audio\animal_sound\SS01023_e98e4171.wav
SS01024,SS01024_a29c86e2.wav,animal_sound,esc50,5-200339-A-1.wav,a29c86e2ebae1084f18a17ff73f6de34a3470a974de6c44f714801fc3eb49fde,train,original,categorized_audio\animal_sound\SS01024_a29c86e2.wav
SS01025,SS01025_f66d4da3.wav,background_noise,esc50,5-200461-A-11.wav,f66d4da342b3ae9096593084915f57d2763bd5e90ff28fbb7c60a446d6c76a6f,train,original,categorized_audio\background_noise\SS01025_f66d4da3.wav
SS01028,SS01028_44316710.wav,alarm_siren,esc50,5-201172-A-46.wav,4431671073f418b236baca9cd8da6c91796fd38eccf1b85e66721e0639992bdf,train,original,categorized_audio\alarm_siren\SS01028_44316710.wav
SS01029,SS01029_94a45615.wav,animal_sound,esc50,5-202795-A-3.wav,94a456150d7f1405fd1efaf8f5bd6e0094f8ebf4f1e123e6b9eb12c662b5892b,train,original,categorized_audio\animal_sound\SS01029_94a45615.wav
SS01030,SS01030_06ba576d.wav,background_noise,esc50,5-202898-A-10.wav,06ba576df5efc793523c7adebfca21094e1d3cbdd924c0655a16ac5aa5785b78,train,original,categorized_audio\background_noise\SS01030_06ba576d.wav
SS01031,SS01031_435e476d.wav,animal_sound,esc50,5-203128-A-0.wav,435e476d5d429aa1cc51c23c9b5e5f8f472faf022846996ade18a457621d0552,train,original,categorized_audio\animal_sound\SS01031_435e476d.wav
SS01034,SS01034_e85d36d6.wav,animal_sound,esc50,5-204352-A-13.wav,e85d36d6ed59b76c774a019ee2e74ca234aedd1cd70d7566ec20d74855d6b3ce,train,original,categorized_audio\animal_sound\SS01034_e85d36d6.wav
SS01035,SS01035_f607788b.wav,animal_sound,esc50,5-204352-B-13.wav,f607788b6fd6b4ff90f3e8e916d13906ceb60620e7b6c767430a9c1f67f94b80,train,original,categorized_audio\animal_sound\SS01035_f607788b.wav
SS01036,SS01036_cb564046.wav,alarm_siren,esc50,5-204741-A-46.wav,cb564046559739c4bea22b6bebf7be5c328769cea83e822044f172a4b6f9ccaf,train,original,categorized_audio\alarm_siren\SS01036_cb564046.wav
SS01037,SS01037_cdaf9207.wav,background_noise,esc50,5-205589-A-17.wav,cdaf920749710c45af9e15dfc9dc87be1b330e4b3299b1cdebb9165b442912a5,train,original,categorized_audio\background_noise\SS01037_cdaf9207.wav
SS01038,SS01038_96b45a43.wav,background_noise,esc50,5-205589-B-17.wav,96b45a43aa51cd31575888323fb5575d331d8882a911bff74cd352e4983eb41e,train,original,categorized_audio\background_noise\SS01038_96b45a43.wav
SS01040,SS01040_6a785ee8.wav,machinery_fault,esc50,5-207811-A-35.wav,6a785ee844c2c1798eb3a0a6fdf32e0ec09df3a3d0fefebe01aa373cdd98ae36,train,original,categorized_audio\machinery_fault\SS01040_6a785ee8.wav
SS01041,SS01041_604878b6.wav,machinery_fault,esc50,5-207811-B-35.wav,604878b6b4d00014e07006f94d9832706de28e9d04a8a95ad1d142925152d151,train,original,categorized_audio\machinery_fault\SS01041_604878b6.wav
SS01042,SS01042_8b3f5052.wav,animal_sound,esc50,5-208030-A-0.wav,8b3f5052dad5383ea171aa8feaead47879bf7b5ae3acaf5a26c5167838a49494,train,original,categorized_audio\animal_sound\SS01042_8b3f5052.wav
SS01044,SS01044_1c0139a6.wav,background_noise,esc50,5-208810-B-11.wav,1c0139a66c9d36e7f6ff0bf8b8d13a03600bd224092c72050b95c89d0ac28c09,train,original,categorized_audio\background_noise\SS01044_1c0139a6.wav
SS01046,SS01046_210d731a.wav,machinery_fault,esc50,5-209992-B-44.wav,210d731a79cc9f328dfa5c7e23908732e56ff420accf60d3d1a43b5aa15207fd,train,original,categorized_audio\machinery_fault\SS01046_210d731a.wav
SS01047,SS01047_fca4028d.wav,animal_sound,esc50,5-210540-A-13.wav,fca4028d5f7dfe996871952a6088867a594ff1eecc57b4dd0233a1f72ed4683e,train,original,categorized_audio\animal_sound\SS01047_fca4028d.wav
SS01048,SS01048_c08a0615.wav,alarm_siren,esc50,5-210612-A-37.wav,c08a0615afcfbe6b30ba536eeb3cc555d4bd25580a36f12f8b32330b83228dfb,train,original,categorized_audio\alarm_siren\SS01048_c08a0615.wav
SS01049,SS01049_c78db93c.wav,alarm_siren,esc50,5-211408-A-37.wav,c78db93c244fafc7d835cc32e64959c93ce3fdfc0ffd5b58067cbc99f845a239,train,original,categorized_audio\alarm_siren\SS01049_c78db93c.wav
SS01050,SS01050_3d4cc6c8.wav,machinery_fault,esc50,5-212054-A-36.wav,3d4cc6c8b7a3960972294b6b90e957d4bd504a7a2674d0afe00f8021c6e1e56a,train,original,categorized_audio\machinery_fault\SS01050_3d4cc6c8.wav
SS01051,SS01051_99df07d9.wav,machinery_fault,esc50,5-212059-A-36.wav,99df07d9b9dce2b58c52389933adaa286e531f422ca51cccb0bb3db6425d8c45,train,original,categorized_audio\machinery_fault\SS01051_99df07d9.wav
SS01052,SS01052_a3f7089d.wav,animal_sound,esc50,5-212454-A-0.wav,a3f7089d31d506d7a5c80f0af79afebfdb8fd61759eab03891b01c809d210e5a,train,original,categorized_audio\animal_sound\SS01052_a3f7089d.wav
SS01053,SS01053_7de2fb2f.wav,background_noise,esc50,5-212730-A-17.wav,7de2fb2f25c30477e9ec21acc1740b752de1a18025293a5524d54345746ccb5c,train,original,categorized_audio\background_noise\SS01053_7de2fb2f.wav
SS01055,SS01055_b88a0aca.wav,background_noise,esc50,5-212736-A-17.wav,b88a0aca4c9e5b764698762453befab693d1b5c6ca8ac6fa63dcb5e54b11d938,train,original,categorized_audio\background_noise\SS01055_b88a0aca.wav
SS01057,SS01057_eb7d0d7b.wav,background_noise,esc50,5-213802-A-12.wav,eb7d0d7bd9ccbfc6134370a8fbe776ea4cde5fcfa2f7b8fbf0959e686f70716b,train,original,categorized_audio\background_noise\SS01057_eb7d0d7b.wav
SS01058,SS01058_087ef97c.wav,animal_sound,esc50,5-213836-A-9.wav,087ef97c732c455272038f5b09c96bc7fcb7d43c3b1c14d5fae4877e57a0a894,train,original,categorized_audio\animal_sound\SS01058_087ef97c.wav
SS01060,SS01060_c5b7355f.wav,animal_sound,esc50,5-213836-C-9.wav,c5b7355f349d9fdc892c7f7d33940f39e8e57afb8b17a04088c42b32818f7908,train,original,categorized_audio\animal_sound\SS01060_c5b7355f.wav
SS01061,SS01061_c447e893.wav,animal_sound,esc50,5-213836-D-9.wav,c447e893f909bef2acda8edb6170c320b2cfef986e26daab38386a84613d8f16,train,original,categorized_audio\animal_sound\SS01061_c447e893.wav
SS01062,SS01062_1013f545.wav,animal_sound,esc50,5-213855-A-0.wav,1013f545442642bd8a7788279d75d131754127a4bdee39dc9c5299c04c4962c8,train,original,categorized_audio\animal_sound\SS01062_1013f545.wav
SS01063,SS01063_13ae83ad.wav,background_noise,esc50,5-214362-A-17.wav,13ae83addc8ce4caa6fcc79dcee48700688f93ca4f94143b4d72dc864779ebc8,train,original,categorized_audio\background_noise\SS01063_13ae83ad.wav
SS01064,SS01064_b477b31b.wav,animal_sound,esc50,5-214759-A-5.wav,b477b31bf7b7e950331497086b721959470e0b7f42369cd8390e74b7615e8e52,train,original,categorized_audio\animal_sound\SS01064_b477b31b.wav
SS01065,SS01065_973117fe.wav,animal_sound,esc50,5-214759-B-5.wav,973117fec97302bc329ba2c1211635f6c979cf6e7234e0e62d1a9552e6e92369,train,original,categorized_audio\animal_sound\SS01065_973117fe.wav
SS01066,SS01066_81758563.wav,animal_sound,esc50,5-214869-A-9.wav,817585632446d6220c94d1b8b75313537c127ab13d4d8d1fd93c4954bb547cce,train,original,categorized_audio\animal_sound\SS01066_81758563.wav
SS01067,SS01067_a3895732.wav,animal_sound,esc50,5-215172-A-13.wav,a38957323d3af6e7f935e53ea83ff91990962021ec2ca2dec49faa8cefd6d862,train,original,categorized_audio\animal_sound\SS01067_a3895732.wav
SS01068,SS01068_881d7467.wav,animal_sound,esc50,5-215179-A-13.wav,881d746721acc929af3e21f344905f30575ec8f2654df20a1e11b467f04e4736,train,original,categorized_audio\animal_sound\SS01068_881d7467.wav
SS01069,SS01069_21304127.wav,background_noise,esc50,5-215634-A-17.wav,213041271287a1d43a1862e5f25a09dc1b59c6937e166b4ea367298ca3c118d5,train,original,categorized_audio\background_noise\SS01069_21304127.wav
SS01070,SS01070_d55ff3e5.wav,background_noise,esc50,5-215658-A-12.wav,d55ff3e5f491a0d5a137632596d89c4db5c4e9b516de9636ec363e83e9b1e518,train,original,categorized_audio\background_noise\SS01070_d55ff3e5.wav
SS01073,SS01073_0a4ebd72.wav,animal_sound,esc50,5-216214-A-13.wav,0a4ebd720ec3dbafc3a60981556a14360d9880e3291f1df119f0e84f6dd86ac6,train,original,categorized_audio\animal_sound\SS01073_0a4ebd72.wav
SS01074,SS01074_9bc5ca9b.wav,animal_sound,esc50,5-216216-A-13.wav,9bc5ca9badccd0611cd96e30d59f5d0224f454cfad55e7dac4defd8a2b12197b,train,original,categorized_audio\animal_sound\SS01074_9bc5ca9b.wav
SS01075,SS01075_42945380.wav,machinery_fault,esc50,5-216370-A-41.wav,429453805c51b7fe554997e8ec90680545ba375eea3d18869ed141be72872dd8,train,original,categorized_audio\machinery_fault\SS01075_42945380.wav
SS01078,SS01078_428743d3.wav,background_noise,esc50,5-217186-A-16.wav,428743d3755e48d1c6f3179f832f47014c37432fe8ac1bec6c0fe30c73f5123e,train,original,categorized_audio\background_noise\SS01078_428743d3.wav
SS01081,SS01081_7dbc0346.wav,alarm_siren,esc50,5-219044-A-46.wav,7dbc0346a35a4e74f4a1c4752df6345de914da1796091d99cd216e89779b891a,train,original,categorized_audio\alarm_siren\SS01081_7dbc0346.wav
SS01082,SS01082_1c5a500b.wav,alarm_siren,esc50,5-219242-A-37.wav,1c5a500bc3c9d8546bf57377724aad24957d8a8c67cba7c0f3f2d4a4ed7ba9d1,train,original,categorized_audio\alarm_siren\SS01082_1c5a500b.wav
SS01083,SS01083_21679508.wav,alarm_siren,esc50,5-219242-B-37.wav,21679508d50f7b025c74d8c9bd332fb835ce51b2768d6e98eb5c118810dfdf8d,train,original,categorized_audio\alarm_siren\SS01083_21679508.wav
SS01084,SS01084_152ec7b6.wav,background_noise,esc50,5-219379-A-11.wav,152ec7b65431ae066b3ed6e19d695febbd641f9186fd7e549526160108b123e7,train,original,categorized_audio\background_noise\SS01084_152ec7b6.wav
SS01085,SS01085_b84df2ce.wav,background_noise,esc50,5-219379-B-11.wav,b84df2ce299ed891276f0c5866dd0b7762cac19ae895ba775e5a89b6a594d63c,train,original,categorized_audio\background_noise\SS01085_b84df2ce.wav
SS01086,SS01086_c9e96bcc.wav,background_noise,esc50,5-219379-C-11.wav,c9e96bcc6a2781e66fed8cc3a7ac9980d3bfc18c55cc1be27a606803843b2399,train,original,categorized_audio\background_noise\SS01086_c9e96bcc.wav
SS01087,SS01087_f4796e4e.wav,glass_breaking,esc50,5-221528-A-39.wav,f4796e4ec53c1dee2257365e58ff5ab75cf37d9a813f07b681927e85ee472cde,train,original,categorized_audio\glass_breaking\SS01087_f4796e4e.wav
SS01088,SS01088_3863f509.wav,glass_breaking,esc50,5-221529-A-39.wav,3863f5097117a5eebbb75ca1a9eddd13fb2cd735542313fe5aa88c940db6a758,train,original,categorized_audio\glass_breaking\SS01088_3863f509.wav
SS01089,SS01089_e862f494.wav,animal_sound,esc50,5-222041-A-9.wav,e862f494715badbcc9d6a8d37ca6203777a18cf89f91046399cc0f348a0aea2d,train,original,categorized_audio\animal_sound\SS01089_e862f494.wav
SS01091,SS01091_5822815c.wav,alarm_siren,esc50,5-223176-A-37.wav,5822815ceb1589bc11f05f26b6972e5ebd9dd1a7f12568645140a82852664db8,train,original,categorized_audio\alarm_siren\SS01091_5822815c.wav
SS01092,SS01092_02e4e66d.wav,machinery_fault,esc50,5-223810-A-35.wav,02e4e66d27a690a3bc994f799fe79c04826d205d7ba100920aacd4b80e283ba4,train,original,categorized_audio\machinery_fault\SS01092_02e4e66d.wav
SS01094,SS01094_cb686222.wav,animal_sound,esc50,5-231762-A-0.wav,cb686222c5eeb07c8c8ee508adce7bedbabb3358aee5c46b051788075835bd96,train,original,categorized_audio\animal_sound\SS01094_cb686222.wav
SS01097,SS01097_ae86e74b.wav,glass_breaking,esc50,5-233605-A-39.wav,ae86e74bf03c69cb2c2962b7327b5524dda7d531e553b9fab91a375de5299bff,train,original,categorized_audio\glass_breaking\SS01097_ae86e74b.wav
SS01099,SS01099_218a6463.wav,alarm_siren,esc50,5-233645-A-37.wav,218a6463e3618d4cb98a725827dc51901682b6ffcf3c15763c73032870f1ac94,train,original,categorized_audio\alarm_siren\SS01099_218a6463.wav
SS01100,SS01100_a7bc8f99.wav,animal_sound,esc50,5-233787-A-7.wav,a7bc8f99317c21defbadea43555db6a77cbfaad9a673c73002364de8d74f362a,train,original,categorized_audio\animal_sound\SS01100_a7bc8f99.wav
SS01102,SS01102_89cfcee1.wav,animal_sound,esc50,5-234879-A-1.wav,89cfcee14646d5f23317afd07c2ef80e590fb12471029a3cd0cfa438a473c7af,train,original,categorized_audio\animal_sound\SS01102_89cfcee1.wav
SS01103,SS01103_8f0a677c.wav,animal_sound,esc50,5-234879-B-1.wav,8f0a677caef84cd230aac3377a8db8a357971816e1943a5ca646289950b54024,train,original,categorized_audio\animal_sound\SS01103_8f0a677c.wav
SS01104,SS01104_352e8a77.wav,machinery_fault,esc50,5-235507-A-44.wav,352e8a771a4f89d333bc5bbfef8610e12dbf274c84d6f1f18e45cec0d6d57da9,train,original,categorized_audio\machinery_fault\SS01104_352e8a77.wav
SS01106,SS01106_5b3fb9d4.wav,machinery_fault,esc50,5-238021-A-35.wav,5b3fb9d4fa999f75e8e7ca37e96304322beb04a73949a64012eabba0834f6fbf,train,original,categorized_audio\machinery_fault\SS01106_5b3fb9d4.wav
SS01107,SS01107_6b318bda.wav,machinery_fault,esc50,5-240671-A-44.wav,6b318bda177d8f8b3e06c11ff493f040092daab80a889606587f4fc43dd45f80,train,original,categorized_audio\machinery_fault\SS01107_6b318bda.wav
SS01108,SS01108_3e9224db.wav,background_noise,esc50,5-241846-A-15.wav,3e9224dba6e244668d5a597c89337a2417680c04ccc8c69132d16457fc9a462d,train,original,categorized_audio\background_noise\SS01108_3e9224db.wav
SS01109,SS01109_101ad1a6.wav,animal_sound,esc50,5-242490-A-14.wav,101ad1a679e4de3a874bc9402d535cfdf56fa79152fac06d2913a98616eb217b,train,original,categorized_audio\animal_sound\SS01109_101ad1a6.wav
SS01111,SS01111_81ddb173.wav,animal_sound,esc50,5-242492-A-3.wav,81ddb173d7801a3ff5e267a27ace8341c394d3e6843ddcfcba049e2f52b1ca98,train,original,categorized_audio\animal_sound\SS01111_81ddb173.wav
SS01113,SS01113_d82ce909.wav,animal_sound,esc50,5-243448-A-14.wav,d82ce9096453626f99fb221af788ef1d1404759a5960761a06eef8ff64defe0d,train,original,categorized_audio\animal_sound\SS01113_d82ce909.wav
SS01115,SS01115_2f72112b.wav,animal_sound,esc50,5-243450-A-14.wav,2f72112be0971db0f1e92ac08ad22129a7d245cae56cc18a09ba732c3b368028,train,original,categorized_audio\animal_sound\SS01115_2f72112b.wav
SS01118,SS01118_9a7a3d91.wav,machinery_fault,esc50,5-243773-A-44.wav,9a7a3d9190bc14437ddbd4cad8a9715ae582247e42704857b6c3b777bd1c156e,train,original,categorized_audio\machinery_fault\SS01118_9a7a3d91.wav
SS01119,SS01119_0e004566.wav,machinery_fault,esc50,5-243773-B-44.wav,0e004566d5a5974d130b1d68363548584adcb058e148e8fd5db29547f10de028,train,original,categorized_audio\machinery_fault\SS01119_0e004566.wav
SS01120,SS01120_07aa41b5.wav,machinery_fault,esc50,5-243783-A-44.wav,07aa41b5f501d8eed5e346b5cc2b4a6efb1f592449a72035588d6f2fbab10f43,train,original,categorized_audio\machinery_fault\SS01120_07aa41b5.wav
SS01121,SS01121_e0ef3282.wav,animal_sound,esc50,5-244315-A-6.wav,e0ef3282ef0723fc48b884cdcb8dd03101cdd4020905658186c2565624ca9555,train,original,categorized_audio\animal_sound\SS01121_e0ef3282.wav
SS01122,SS01122_1f849e38.wav,animal_sound,esc50,5-244315-B-6.wav,1f849e38d13a09796a0089d2b33fcfe08e254e573d707ba7c1c41ffdcf6d27bd,train,original,categorized_audio\animal_sound\SS01122_1f849e38.wav
SS01125,SS01125_26692289.wav,animal_sound,esc50,5-248341-A-6.wav,26692289e155c08beebd7f37c195262d84981db30a9bee3a7bb06c9b400fe679,train,original,categorized_audio\animal_sound\SS01125_26692289.wav
SS01126,SS01126_7e35dc1a.wav,animal_sound,esc50,5-248341-B-6.wav,7e35dc1af29fd71e845cbca87494d5daf7466e394ad2df6aedbf00e9c7dc7f60,train,original,categorized_audio\animal_sound\SS01126_7e35dc1a.wav
SS01127,SS01127_e9861a41.wav,animal_sound,esc50,5-248341-C-6.wav,e9861a419b673fb2118737452cc0f6f0d04a339485fb57b02e8ef621551e968f,train,original,categorized_audio\animal_sound\SS01127_e9861a41.wav
SS01128,SS01128_7885b67a.wav,machinery_fault,esc50,5-250258-A-49.wav,7885b67aab389431fc8b3799d1d6962dce6a6c76f0187a3e98d53f9008a5e7a5,train,original,categorized_audio\machinery_fault\SS01128_7885b67a.wav
SS01129,SS01129_cd9fd493.wav,alarm_siren,esc50,5-250629-A-37.wav,cd9fd493266fcc36b6a89a8427b88c745feaf0b1315ad7fb14f57cd2c08e343e,train,original,categorized_audio\alarm_siren\SS01129_cd9fd493.wav
SS01131,SS01131_58cc284e.wav,animal_sound,esc50,5-253085-B-3.wav,58cc284ee85f5c019f53ffc574a4cd8b254fe27156cb859c3f10aecb266bcd47,train,original,categorized_audio\animal_sound\SS01131_58cc284e.wav
SS01134,SS01134_861f8fdd.wav,machinery_fault,esc50,5-253094-C-49.wav,861f8fdde069c74c184cb2f8a073de0e32434a505ad9fceaaebce29e4980c411,train,original,categorized_audio\machinery_fault\SS01134_861f8fdd.wav
SS01135,SS01135_7175ed48.wav,machinery_fault,esc50,5-253094-D-49.wav,7175ed48d89063508ac6cfd0c75bf597d85815329fbfc87b961cf387f3f6565a,train,original,categorized_audio\machinery_fault\SS01135_7175ed48.wav
SS01137,SS01137_73152d9c.wav,machinery_fault,esc50,5-253101-B-49.wav,73152d9ce343d1b1bc5895f861ab954145296c00929ce6733692e5464a96d7e6,train,original,categorized_audio\machinery_fault\SS01137_73152d9c.wav
SS01140,SS01140_e05488cd.wav,background_noise,esc50,5-254832-B-15.wav,e05488cd28dcfabf6d02e8b719f27a4b586b83aadf81f8d83d72879bbc603f65,train,original,categorized_audio\background_noise\SS01140_e05488cd.wav
SS01143,SS01143_a9374792.wav,glass_breaking,esc50,5-257642-A-39.wav,a93747921a23b090d444c7ecc57adace2d856abbe18c038bd52773a57512613b,train,original,categorized_audio\glass_breaking\SS01143_a9374792.wav
SS01144,SS01144_db73c55a.wav,animal_sound,esc50,5-257839-A-14.wav,db73c55a7bd0d77247e7f865549edaeb0032a47c6ecefedf0896cae352218b3c,train,original,categorized_audio\animal_sound\SS01144_db73c55a.wav
SS01146,SS01146_865631e1.wav,background_noise,esc50,5-259180-A-15.wav,865631e1195ebc9c83cdba3f6d736adb0bac8ba33683fd9bc44981c862a34315,train,original,categorized_audio\background_noise\SS01146_865631e1.wav
SS01147,SS01147_e1da0f73.wav,glass_breaking,esc50,5-260432-A-39.wav,e1da0f73ebaca89112dfd6aff25d154c08961aab7eeea5ed033223d6cabfaef0,train,original,categorized_audio\glass_breaking\SS01147_e1da0f73.wav
SS01149,SS01149_92d7ac3d.wav,glass_breaking,esc50,5-260434-A-39.wav,92d7ac3de371429d81338c1233cadfbcfb3873253c005f2f6aa4be7dce8a014e,train,original,categorized_audio\glass_breaking\SS01149_92d7ac3d.wav
SS01150,SS01150_9f9b3b20.wav,machinery_fault,esc50,5-260875-A-35.wav,9f9b3b202a0a136b8cfe033e1acbc93f646021730df0011d4de774603970a73c,train,original,categorized_audio\machinery_fault\SS01150_9f9b3b20.wav
SS01151,SS01151_b2e3db27.wav,animal_sound,esc50,5-261325-A-9.wav,b2e3db27ca4c2c982ffa838d9369f67263b56ff18bb987ff3b0e6d86a58a132d,train,original,categorized_audio\animal_sound\SS01151_b2e3db27.wav
SS01152,SS01152_23b2d2d6.wav,background_noise,esc50,5-261433-A-15.wav,23b2d2d67f8e119581b496ac95561419282037af57f4685d7680af525e89f224,train,original,categorized_audio\background_noise\SS01152_23b2d2d6.wav
SS01154,SS01154_3e6fec60.wav,background_noise,esc50,5-262641-A-15.wav,3e6fec60c64f15b0ada64f33423feae4ef8ef8889588a0b0a697c64f0a6c0139,train,original,categorized_audio\background_noise\SS01154_3e6fec60.wav
SS01156,SS01156_d244c4d6.wav,animal_sound,esc50,5-263831-B-6.wav,d244c4d680882128eeed127cf3cbfe614450df7bafc264a559cfd94e4c43b518,train,original,categorized_audio\animal_sound\SS01156_d244c4d6.wav
SS01157,SS01157_2548fc88.wav,machinery_fault,esc50,5-263902-A-36.wav,2548fc884ad1cfdbe8de0f6a13297faf674d9e486f3e7fdad8aa95092be39cea,train,original,categorized_audio\machinery_fault\SS01157_2548fc88.wav
SS01158,SS01158_7716b55d.wav,animal_sound,esc50,5-61635-A-8.wav,7716b55d69e6f19808951698b26c612b9ef9969e49438c911da30794d58bede5,train,original,categorized_audio\animal_sound\SS01158_7716b55d.wav
SS01160,SS01160_a7beb7fb.mp3,aggression,mp3:aggression,Aggression_001_327840.mp3,a7beb7fbbae34f6e8f0d822e38227716434408f3d582585d59304ed1a223b816,train,original,categorized_audio\aggression\SS01160_a7beb7fb.mp3
SS01161,SS01161_f5837cc5.mp3,aggression,mp3:aggression,Aggression_002_327837.mp3,f5837cc5ec017919ceb13a5bbeddcdcfe9275c40676a054d1a5d3ff00883f97e,train,original,categorized_audio\aggression\SS01161_f5837cc5.mp3
SS01162,SS01162_5dde119e.mp3,aggression,mp3:aggression,Aggression_003_327838.mp3,5dde119e75ab6ab7d7ff0839c6d5bedd323a68f8282d6dd62c37ab00bd5bf611,train,original,categorized_audio\aggression\SS01162_5dde119e.mp3
SS01163,SS01163_d00dde5b.mp3,aggression,mp3:aggression,Aggression_004_518812.mp3,d00dde5bba80a67fd6da95d3dbd0296c4ac1b2effc4be826341a7a0297216ff0,train,original,categorized_audio\aggression\SS01163_d00dde5b.mp3
SS01164,SS01164_78033846.mp3,aggression,mp3:aggression,Aggression_005_721318.mp3,780338468b0e95cbadac552338fae07280c1eb15d3ed5359284394ddfc4fc872,train,original,categorized_audio\aggression\SS01164_78033846.mp3
SS01165,SS01165_1d265201.mp3,aggression,mp3:aggression,Aggression_006_511257.mp3,1d2652012df9327eafc3d657b7da7fa31c99b4eac17806ae9aea6fe0f0f39dd7,train,original,categorized_audio\aggression\SS01165_1d265201.mp3
SS01166,SS01166_b4a1c9d2.mp3,aggression,mp3:aggression,Aggression_007_564077.mp3,b4a1c9d223309bcc3c8842ac47c5ba863bd8000a46d2a0970c03b3f790891481,train,original,categorized_audio\aggression\SS01166_b4a1c9d2.mp3
SS01167,SS01167_9405392f.mp3,aggression,mp3:aggression,Aggression_008_371175.mp3,9405392f2cc1c8412aef6bdb21c12f2467ec45930fc28f56983ba30739e4e164,train,original,categorized_audio\aggression\SS01167_9405392f.mp3
SS01168,SS01168_96c6e342.mp3,aggression,mp3:aggression,Aggression_009_529861.mp3,96c6e3428f57d862431304cc081bfaf064d7d4aafc360223184160c5823f1bee,train,original,categorized_audio\aggression\SS01168_96c6e342.mp3
SS01169,SS01169_f7962301.mp3,aggression,mp3:aggression,Aggression_010_691916.mp3,f7962301a31511c7eb0fb419e67c0ac048b034aa30fb99b0cee6c260c7d97b35,train,original,categorized_audio\aggression\SS01169_f7962301.mp3
SS01170,SS01170_73ae4d23.mp3,aggression,mp3:aggression,Aggression_011_260157.mp3,73ae4d23d39bc6d7e722a48f6996970a84a3146bcbf7e212480554fd8860b641,train,original,categorized_audio\aggression\SS01170_73ae4d23.mp3
SS01171,SS01171_564ef307.mp3,aggression,mp3:aggression,Aggression_012_260156.mp3,564ef307a483eb4fde82bfee0efffe7488d661edb0eec0abe2f4a29a3988373a,train,original,categorized_audio\aggression\SS01171_564ef307.mp3
SS01172,SS01172_94929ce8.mp3,aggression,mp3:aggression,Aggression_013_260155.mp3,94929ce818d8f0e855018a50de3238c3d1c276fd834e67ad3dde0aeae3b17a75,train,original,categorized_audio\aggression\SS01172_94929ce8.mp3
SS01174,SS01174_28cb5ecf.mp3,aggression,mp3:aggression,Aggression_015_376818.mp3,28cb5ecf92b827b0238c12cea9d699d7ff469cb1ec2bc31ddd7bbe1c03be7f3c,train,original,categorized_audio\aggression\SS01174_28cb5ecf.mp3
SS01176,SS01176_8f55bb98.mp3,aggression,mp3:aggression,Aggression_017_210731.mp3,8f55bb982d88df7493648cb9cab053f594dcb4c508029d47b9caf277644840fa,train,original,categorized_audio\aggression\SS01176_8f55bb98.mp3
SS01178,SS01178_db4ace41.mp3,aggression,mp3:aggression,Aggression_019_156418.mp3,db4ace41b36877183cc6c0560d9132ab888bdb2136e17d386fbe673a6f602d13,train,original,categorized_audio\aggression\SS01178_db4ace41.mp3
SS01179,SS01179_9551f4c3.mp3,aggression,mp3:aggression,Aggression_020_564078.mp3,9551f4c371f2a817db6f15c12b66de672e01e80d14ae8594f70be181a36928b2,train,original,categorized_audio\aggression\SS01179_9551f4c3.mp3
SS01180,SS01180_abdf27b0.mp3,aggression,mp3:aggression,Aggression_021_691915.mp3,abdf27b0cb3f4e93b70558c0cc8c21d0f27e355ff0eb16e613cadbdd4ad5b5a9,train,original,categorized_audio\aggression\SS01180_abdf27b0.mp3
SS01182,SS01182_aac68ec4.mp3,aggression,mp3:aggression,Aggression_023_327839.mp3,aac68ec4cbb6da997fe7b49e1e5ced20506b470a18ee4d663de93dd6fc807d6e,train,original,categorized_audio\aggression\SS01182_aac68ec4.mp3
SS01187,SS01187_253f8045.mp3,aggression,mp3:aggression,Aggression_028_233068.mp3,253f80457e8079e72a970dca25ac9bdc4098a1fe9c1948273f36d568d06ea48f,train,original,categorized_audio\aggression\SS01187_253f8045.mp3
SS01188,SS01188_29e8393d.mp3,aggression,mp3:aggression,Aggression_029_697737.mp3,29e8393d0d42c26dc643e729c3cf6f2a208e5fe9d802b2712b4702736ea166e5,train,original,categorized_audio\aggression\SS01188_29e8393d.mp3
SS01190,SS01190_07b25539.mp3,aggression,mp3:aggression,Aggression_031_160768.mp3,07b255397d48734bbc38e706368924e88f92491872746ca587e9793b49bee9c1,train,original,categorized_audio\aggression\SS01190_07b25539.mp3
SS01192,SS01192_6d7ca485.mp3,aggression,mp3:aggression,Aggression_033_162365.mp3,6d7ca4850d49ba7bf920d38d0176a46122010727689bc2ae5919ca213ae83a94,train,original,categorized_audio\aggression\SS01192_6d7ca485.mp3
SS01194,SS01194_f57cd0af.mp3,aggression,mp3:aggression,Aggression_035_857698.mp3,f57cd0af5866bc84b6e20de9b37199a2883184bc0cd65d3524feabd0ecd10e71,train,original,categorized_audio\aggression\SS01194_f57cd0af.mp3
SS01195,SS01195_cd49ef0f.mp3,aggression,mp3:aggression,Aggression_036_122183.mp3,cd49ef0f47cc5b487727c29863c994824fbbc66e1945d3e4fd3b0979fe2c4687,train,original,categorized_audio\aggression\SS01195_cd49ef0f.mp3
SS01196,SS01196_a102fe43.mp3,aggression,mp3:aggression,Aggression_037_679690.mp3,a102fe43f233a68b5f1949a95eee47a4822e5351f8caa100918819f939fdea14,train,original,categorized_audio\aggression\SS01196_a102fe43.mp3
SS01197,SS01197_e60d5dcd.mp3,aggression,mp3:aggression,Aggression_038_679689.mp3,e60d5dcd070eb2243e8be8092e08470011149d742edce5f3527936b1c1dde895,train,original,categorized_audio\aggression\SS01197_e60d5dcd.mp3
SS01198,SS01198_aada7b20.mp3,aggression,mp3:aggression,Aggression_039_679688.mp3,aada7b20152aa2d89a69c2ea497e9eb699ab8d85fd72fdf32ad5e48d6dcadc29,train,original,categorized_audio\aggression\SS01198_aada7b20.mp3
SS01200,SS01200_b41d43f8.mp3,aggression,mp3:aggression,Aggression_041_679686.mp3,b41d43f89df5c1589ba8d2a9f27d4dbc8eda56aaacf3d744dc4d958fe1b44210,train,original,categorized_audio\aggression\SS01200_b41d43f8.mp3
SS01201,SS01201_14088c3c.mp3,aggression,mp3:aggression,Aggression_042_679685.mp3,14088c3ccf4dee9f4b3a38a72201454747af089b56e5b44b2a0cdf311096a07c,train,original,categorized_audio\aggression\SS01201_14088c3c.mp3
SS01202,SS01202_b0bcab42.mp3,aggression,mp3:aggression,Aggression_043_679684.mp3,b0bcab422cc2b40eb20c5a74be06c62c9fc3e1f25b9b82b03ff8772aee1e5232,train,original,categorized_audio\aggression\SS01202_b0bcab42.mp3
SS01203,SS01203_35ac6fd2.mp3,aggression,mp3:aggression,Aggression_044_679683.mp3,35ac6fd2aea205a46f2f354795226334f844bd6ed636e9d57765f4aa3253e16f,train,original,categorized_audio\aggression\SS01203_35ac6fd2.mp3
SS01204,SS01204_e41238d9.mp3,aggression,mp3:aggression,Aggression_045_679682.mp3,e41238d9999eeb312544810619ee9e49be8869f5772effee13a1a11638bb0dce,train,original,categorized_audio\aggression\SS01204_e41238d9.mp3
SS01205,SS01205_b1a30cc3.mp3,aggression,mp3:aggression,Aggression_046_679681.mp3,b1a30cc3f53b90c075fdb8c1bd6fe42a397f4078615e3917687400e7ff30a55e,train,original,categorized_audio\aggression\SS01205_b1a30cc3.mp3
SS01206,SS01206_d7fbc2af.mp3,aggression,mp3:aggression,Aggression_047_679680.mp3,d7fbc2af8739558e7a9f5fae2599cf4b94500b237056842f21fcb7d445b42de0,train,original,categorized_audio\aggression\SS01206_d7fbc2af.mp3
SS01207,SS01207_a65681bb.mp3,aggression,mp3:aggression,Aggression_048_679679.mp3,a65681bbc661141650cd151d16e7c182bec6fac4cb90e41c7788d9632f083b4f,train,original,categorized_audio\aggression\SS01207_a65681bb.mp3
SS01208,SS01208_3e5b37f4.mp3,aggression,mp3:aggression,Aggression_049_679678.mp3,3e5b37f44bbc405d1e0586c1cd8d187ba7050a52c1281dfc886f7e2c578cbd78,train,original,categorized_audio\aggression\SS01208_3e5b37f4.mp3
SS01209,SS01209_d7611cb5.mp3,aggression,mp3:aggression,Aggression_050_679676.mp3,d7611cb5e5b171a40fa1c2342e1a949d28a0c746464580326e05fd4b6ba02688,train,original,categorized_audio\aggression\SS01209_d7611cb5.mp3
SS01210,SS01210_1f5b0316.mp3,aggression,mp3:aggression,Aggression_051_679675.mp3,1f5b0316791b9192fd6d8aee18d8da546c9411452d6af97675d20e4c8962da5d,train,original,categorized_audio\aggression\SS01210_1f5b0316.mp3
SS01211,SS01211_73875471.mp3,aggression,mp3:aggression,Aggression_052_679674.mp3,7387547110dc550c1231407dec6894da7691eaa61bd90c2821562328f99dda19,train,original,categorized_audio\aggression\SS01211_73875471.mp3
SS01212,SS01212_4f9b2c66.mp3,aggression,mp3:aggression,Aggression_053_679673.mp3,4f9b2c6611877c47a3572126f8be25e8b9e2a6fbed8fb89b35a98581138193cb,train,original,categorized_audio\aggression\SS01212_4f9b2c66.mp3
SS01213,SS01213_848c5a90.mp3,aggression,mp3:aggression,Aggression_054_679672.mp3,848c5a9015ea73ae57ca8ce45cecfd546ba2fbb424fbafd6ddc918d72009247b,train,original,categorized_audio\aggression\SS01213_848c5a90.mp3
SS01216,SS01216_f8b46d3a.mp3,aggression,mp3:aggression,Aggression_113_679669.mp3,f8b46d3ac529f4f5e69c6b2d9e09286379c54af30ce1840ccc2a5b3f25fb5e6a,train,original,categorized_audio\aggression\SS01216_f8b46d3a.mp3
SS01219,SS01219_fc5a578c.mp3,aggression,mp3:aggression,Aggression_116_679666.mp3,fc5a578ca6a0d8dc9f1e837b5dfa2e97165509cf4291fc5ff0eb3a818a845a9f,train,original,categorized_audio\aggression\SS01219_fc5a578c.mp3
SS01220,SS01220_466abbb4.mp3,aggression,mp3:aggression,Aggression_117_679665.mp3,466abbb48d6f7dcba20f08d18bc5511dc1c7abb6097a5d1f000b5f34f11f10d6,train,original,categorized_audio\aggression\SS01220_466abbb4.mp3
SS01221,SS01221_8bbc4953.mp3,aggression,mp3:aggression,Aggression_118_679664.mp3,8bbc4953fa1b6e4da65a3a5921a1ceb246d005a67c96642e25cfd76493c95c9a,train,original,categorized_audio\aggression\SS01221_8bbc4953.mp3
SS01222,SS01222_39a59146.mp3,aggression,mp3:aggression,Aggression_119_679663.mp3,39a5914644a3792e23ef66563e28e4c66f2b6084c85f6c991eb603f2de9ac5ef,train,original,categorized_audio\aggression\SS01222_39a59146.mp3
SS01223,SS01223_a0b546b3.mp3,aggression,mp3:aggression,Aggression_120_679662.mp3,a0b546b3a8149843cb1a212e9f436dff5d511b9ba28ca518f734292789420321,train,original,categorized_audio\aggression\SS01223_a0b546b3.mp3
SS01224,SS01224_8fe122dd.mp3,aggression,mp3:aggression,Aggression_121_679661.mp3,8fe122dd32d9987f3f23518cd41172e38ac094ecaeca8325f7413983ae6b9941,train,original,categorized_audio\aggression\SS01224_8fe122dd.mp3
SS01226,SS01226_7b9e8485.mp3,aggression,mp3:aggression,Aggression_123_679659.mp3,7b9e8485529f0fe9bdcf67663ce7707a35799c800bc3d795c97f4f1f76459fac,train,original,categorized_audio\aggression\SS01226_7b9e8485.mp3
SS01227,SS01227_dfb15e21.mp3,aggression,mp3:aggression,Aggression_124_679658.mp3,dfb15e218351fdb6676353244752262e9290b3cf7346f2c44553525d1bab31ac,train,original,categorized_audio\aggression\SS01227_dfb15e21.mp3
SS01228,SS01228_7dc38956.mp3,aggression,mp3:aggression,Aggression_125_679656.mp3,7dc389560cbd9daa3704ee757ff3894f2bab3a27b6da03fb604a38b6dcf7d718,train,original,categorized_audio\aggression\SS01228_7dc38956.mp3
SS01229,SS01229_20d55fc5.mp3,aggression,mp3:aggression,Aggression_126_679655.mp3,20d55fc5f96a4833f2b83f347edfd628bc6d187efc95721c90e9b040246c5bb8,train,original,categorized_audio\aggression\SS01229_20d55fc5.mp3
SS01230,SS01230_476ad8d4.mp3,aggression,mp3:aggression,Aggression_127_679654.mp3,476ad8d4f0bf36c88bfb7374ea15e6f8d6c217e88820663782f123873b4f030b,train,original,categorized_audio\aggression\SS01230_476ad8d4.mp3
SS01231,SS01231_05e38789.mp3,aggression,mp3:aggression,Aggression_128_679653.mp3,05e38789d66d78e0d202e70c80c2349f9320fc92316e4a2620e6b16fe44071b7,train,original,categorized_audio\aggression\SS01231_05e38789.mp3
SS01232,SS01232_f47c328f.mp3,aggression,mp3:aggression,Aggression_129_679652.mp3,f47c328f67e85286af96be6f721c2b0e2bfc154c6d5f0de5e4b80480d5c22498,train,original,categorized_audio\aggression\SS01232_f47c328f.mp3
SS01234,SS01234_7e219bcc.mp3,aggression,mp3:aggression,Aggression_131_679650.mp3,7e219bcc7816f7cadcfb742b3ef636a13f9e50a35aeefe001ba5bb8c3c7f1dad,train,original,categorized_audio\aggression\SS01234_7e219bcc.mp3
SS01235,SS01235_285aaabb.mp3,aggression,mp3:aggression,Aggression_132_679649.mp3,285aaabb34f243b6e1c56489e34b19f1402f0a4423d8cea3e1633b55990023ea,train,original,categorized_audio\aggression\SS01235_285aaabb.mp3
SS01236,SS01236_a728c7bc.mp3,aggression,mp3:aggression,Aggression_133_679648.mp3,a728c7bc80acae754ee93bd93d4421ce99e504eb21cf9431460ebd3dc7d34974,train,original,categorized_audio\aggression\SS01236_a728c7bc.mp3
SS01237,SS01237_ba8d302d.mp3,aggression,mp3:aggression,Aggression_134_679647.mp3,ba8d302db8895f0620ab2008d83873f2333bde85ef19e9856c312fdb76c3f254,train,original,categorized_audio\aggression\SS01237_ba8d302d.mp3
SS01238,SS01238_117b4985.mp3,aggression,mp3:aggression,Aggression_135_679646.mp3,117b49855f2598400cf51dc151c3e338563c9e0858588c7eab456a0af2db4272,train,original,categorized_audio\aggression\SS01238_117b4985.mp3
SS01241,SS01241_778d0839.mp3,aggression,mp3:aggression,Aggression_138_679643.mp3,778d08390e12b489f8566c1fc46f20c407a0091722e59035a92bc561238f7ed3,train,original,categorized_audio\aggression\SS01241_778d0839.mp3
SS01242,SS01242_2d06a009.mp3,aggression,mp3:aggression,Aggression_139_679642.mp3,2d06a009e18da094fff50a0f557dfd83e980425f016f211ae49c92e39b8034bd,train,original,categorized_audio\aggression\SS01242_2d06a009.mp3
SS01243,SS01243_21f8325c.mp3,aggression,mp3:aggression,Aggression_140_679641.mp3,21f8325c85c6d6fb46398dc02f50e2116cd4739d01f2655ababcdcb038e8df4b,train,original,categorized_audio\aggression\SS01243_21f8325c.mp3
SS01245,SS01245_27fb6b76.mp3,aggression,mp3:aggression,Aggression_142_679639.mp3,27fb6b765611434c6d5da9c7998b2a271b3e441c5c50b841b1b8b8c45d23cfa8,train,original,categorized_audio\aggression\SS01245_27fb6b76.mp3
SS01247,SS01247_a5ce8fe7.mp3,aggression,mp3:aggression,Aggression_144_679637.mp3,a5ce8fe733e42e1a2195b30d21733ecb10d91a91d5001779a44cb8e69286cb11,train,original,categorized_audio\aggression\SS01247_a5ce8fe7.mp3
SS01248,SS01248_acce3701.mp3,aggression,mp3:aggression,Aggression_145_679636.mp3,acce3701fe066c4d7e4f9a528b8345f55e3abe6729d22a11aac1c3463ce37188,train,original,categorized_audio\aggression\SS01248_acce3701.mp3
SS01249,SS01249_e0c34c63.mp3,aggression,mp3:aggression,Aggression_146_679635.mp3,e0c34c634128db76493855309e03aecc32acea9d5733b83011247ffe944a39e4,train,original,categorized_audio\aggression\SS01249_e0c34c63.mp3
SS01251,SS01251_71c2fd79.mp3,aggression,mp3:aggression,Aggression_148_679633.mp3,71c2fd7909859bc72e4e8da51c43f396fcc19f60be034062a9e8731ca008bd7a,train,original,categorized_audio\aggression\SS01251_71c2fd79.mp3
SS01252,SS01252_a2110143.mp3,aggression,mp3:aggression,Aggression_149_679632.mp3,a21101433080d0df3902e2367779ac87edbe403dded1b7c6680d21387fdefd36,train,original,categorized_audio\aggression\SS01252_a2110143.mp3
SS01253,SS01253_5acebb68.mp3,aggression,mp3:aggression,Aggression_150_679631.mp3,5acebb68a918fde08a6de0a0bd2c957ce68dff02c20bb67bda1611d2de5993e6,train,original,categorized_audio\aggression\SS01253_5acebb68.mp3
SS01254,SS01254_f303a508.mp3,aggression,mp3:aggression,Aggression_151_679630.mp3,f303a5088dd34da6dcb1bfc051fa05735e2741763f260ce1f501df2021dd6c78,train,original,categorized_audio\aggression\SS01254_f303a508.mp3
SS01256,SS01256_c618fa71.mp3,aggression,mp3:aggression,Aggression_153_679628.mp3,c618fa71986d77e146c8f5db842a42d3e41c6eb2ff9a62fef1e22ec190c68d80,train,original,categorized_audio\aggression\SS01256_c618fa71.mp3
SS01257,SS01257_485925d7.mp3,aggression,mp3:aggression,Aggression_154_679627.mp3,485925d70e26ec8f9728e65bc084838d2b8def96c1ff6dcfa2a32ebc940e9cd3,train,original,categorized_audio\aggression\SS01257_485925d7.mp3
SS01258,SS01258_acd15406.mp3,aggression,mp3:aggression,Aggression_155_679626.mp3,acd15406f62e234b6bc22419e5afbb601a6a69b01a411629e2234c3505fa6770,train,original,categorized_audio\aggression\SS01258_acd15406.mp3
SS01259,SS01259_ca159bcb.mp3,aggression,mp3:aggression,Aggression_156_679625.mp3,ca159bcbf565266d0b0f6887f66296d399198a7691f495edcce0cd4fd84066e6,train,original,categorized_audio\aggression\SS01259_ca159bcb.mp3
SS01260,SS01260_01a8016b.mp3,aggression,mp3:aggression,Aggression_157_679624.mp3,01a8016b72f2325253edd74b081c82dddf1a2acaaa209d9f1ba529199e60a071,train,original,categorized_audio\aggression\SS01260_01a8016b.mp3
SS01261,SS01261_3e16d915.mp3,aggression,mp3:aggression,Aggression_158_679623.mp3,3e16d9154d934d16a8fb6e735160c47c1d450bb726d355789bb87bf248bd24d2,train,original,categorized_audio\aggression\SS01261_3e16d915.mp3
SS01263,SS01263_bc800c2c.mp3,aggression,mp3:aggression,Aggression_160_679621.mp3,bc800c2c76bcbafee9cdf0d1018e5ac42ab78bea5e3d13d5a79e527645310d60,train,original,categorized_audio\aggression\SS01263_bc800c2c.mp3
SS01264,SS01264_9c13a02e.mp3,aggression,mp3:aggression,Aggression_161_679620.mp3,9c13a02e51434ee3389682c5771ebd86807e286946ea80e2f6f1167e12bd6901,train,original,categorized_audio\aggression\SS01264_9c13a02e.mp3
SS01267,SS01267_05f06d81.mp3,aggression,mp3:aggression,Aggression_164_679617.mp3,05f06d816943d03df62f8fa8719670dd971e54d7ae2bfc2a1a22554853fe3e92,train,original,categorized_audio\aggression\SS01267_05f06d81.mp3
SS01271,SS01271_e8202bb6.mp3,aggression,mp3:aggression,Aggression_168_679613.mp3,e8202bb6e0b25d925cebf34dfe56a43c94aa3c4aaf883bc272cb25c2aa167164,train,original,categorized_audio\aggression\SS01271_e8202bb6.mp3
SS01272,SS01272_c92f1f1f.mp3,aggression,mp3:aggression,Aggression_169_679612.mp3,c92f1f1f1558cbdc8673376dd93886226d742d2f0cb869185ceb77f1ca0e51e0,train,original,categorized_audio\aggression\SS01272_c92f1f1f.mp3
SS01273,SS01273_af784fd4.mp3,aggression,mp3:aggression,Aggression_170_679611.mp3,af784fd497a1c91f3d8da5f31198f2546440669ee49fc7c77107fa478ab1d30c,train,original,categorized_audio\aggression\SS01273_af784fd4.mp3
SS01274,SS01274_9fb6f8cf.mp3,aggression,mp3:aggression,Aggression_171_679610.mp3,9fb6f8cfacdf1d3c9315d629d2d5504dd4dca69f58484427a5d7739c64642b71,train,original,categorized_audio\aggression\SS01274_9fb6f8cf.mp3
SS01277,SS01277_d2a112d6.mp3,aggression,mp3:aggression,Aggression_174_679607.mp3,d2a112d6f20dd7457f99df07d681942a0caa9a3eb628c2beffa55707858f1aa4,train,original,categorized_audio\aggression\SS01277_d2a112d6.mp3
SS01278,SS01278_71fe2851.mp3,aggression,mp3:aggression,Aggression_175_679606.mp3,71fe28518ed0986b0ad5daee4f67cd49a349615fadaf7f09e56cffca0b35a841,train,original,categorized_audio\aggression\SS01278_71fe2851.mp3
SS01279,SS01279_e6973b9c.mp3,aggression,mp3:aggression,Aggression_176_679605.mp3,e6973b9ca4b9f1ea7cedad4e6f67e33d442cd51fde32485a0657859ee5cba3e2,train,original,categorized_audio\aggression\SS01279_e6973b9c.mp3
SS01280,SS01280_1353c21f.mp3,aggression,mp3:aggression,Aggression_177_679604.mp3,1353c21fcab933b3ecd97af2ebf5a22e8771dc94d591f584d33ce36f78c0539c,train,original,categorized_audio\aggression\SS01280_1353c21f.mp3
SS01282,SS01282_4d650198.mp3,aggression,mp3:aggression,Aggression_179_679602.mp3,4d650198b43ab2fa6c2be4c117082437ad7787e619e073e4759c3ab93e216a0c,train,original,categorized_audio\aggression\SS01282_4d650198.mp3
SS01284,SS01284_5cc28db0.mp3,aggression,mp3:aggression,Aggression_181_679600.mp3,5cc28db09d8d623b151581eb21f3e953357f1a0611d200c3296869dd21ea18bc,train,original,categorized_audio\aggression\SS01284_5cc28db0.mp3
SS01285,SS01285_ee729ca1.mp3,aggression,mp3:aggression,Aggression_182_679599.mp3,ee729ca1859143f70e5836ebd47320a28783aeba27c7c087ad458fbff4803152,train,original,categorized_audio\aggression\SS01285_ee729ca1.mp3
SS01286,SS01286_dc23900e.mp3,aggression,mp3:aggression,Aggression_183_679598.mp3,dc23900e96a012752cc7c753ffc73bbd88426f97a844e144a56776437e8bf312,train,original,categorized_audio\aggression\SS01286_dc23900e.mp3
SS01287,SS01287_822a3a0e.mp3,aggression,mp3:aggression,Aggression_184_679597.mp3,822a3a0eab4e5fd5d380aafa046b31e35657725cdd3cb9ecca42bb6ff6412e6e,train,original,categorized_audio\aggression\SS01287_822a3a0e.mp3
SS01288,SS01288_1993d6c6.mp3,aggression,mp3:aggression,Aggression_185_679596.mp3,1993d6c62fced79a25569d1d7e499e02b3c0a873507309731cba77cbe64ff43e,train,original,categorized_audio\aggression\SS01288_1993d6c6.mp3
SS01290,SS01290_fe53122f.mp3,aggression,mp3:aggression,Aggression_187_679594.mp3,fe53122fc40c9e2aa1590f1395d59eac9e756f69defb17ef1d3b60343c1d0a82,train,original,categorized_audio\aggression\SS01290_fe53122f.mp3
SS01291,SS01291_95627ff0.mp3,aggression,mp3:aggression,Aggression_188_679593.mp3,95627ff0ced3c66108423bd511d7031da595914f33d466ac979f9d2ebf6b93a2,train,original,categorized_audio\aggression\SS01291_95627ff0.mp3
SS01292,SS01292_056d6f0d.mp3,aggression,mp3:aggression,Aggression_189_679592.mp3,056d6f0d3353d654d8c132411ab78bd61e71f59ad444299b22b8b7614bf2693b,train,original,categorized_audio\aggression\SS01292_056d6f0d.mp3
SS01293,SS01293_78fd420b.mp3,aggression,mp3:aggression,Aggression_190_679591.mp3,78fd420b90e25a9d513f00cfdea92e0517a0a9269670216509dd21d76ebb3ecb,train,original,categorized_audio\aggression\SS01293_78fd420b.mp3
SS01294,SS01294_c4a28559.mp3,aggression,mp3:aggression,Aggression_191_679590.mp3,c4a285592d436a8716fcf99f6e17478d344fcad86e9f4fd9a4e7f49c6fe6ef6d,train,original,categorized_audio\aggression\SS01294_c4a28559.mp3
SS01295,SS01295_cd7c6c62.mp3,aggression,mp3:aggression,Aggression_192_679589.mp3,cd7c6c62be87ac702faa52f40e9215615a072928b4f7229031646a3be0308e7c,train,original,categorized_audio\aggression\SS01295_cd7c6c62.mp3
SS01296,SS01296_f266a31a.mp3,aggression,mp3:aggression,Aggression_193_679588.mp3,f266a31a217ff8d04d75874f7a68db165fd2c2a7af48c96093eb769f8dfbb5b3,train,original,categorized_audio\aggression\SS01296_f266a31a.mp3
SS01297,SS01297_cb9e6a05.mp3,aggression,mp3:aggression,Aggression_194_679587.mp3,cb9e6a05fa1836fe7ca540647c10d22bad7e1cb6939577937eb2664c822f2cf8,train,original,categorized_audio\aggression\SS01297_cb9e6a05.mp3
SS01298,SS01298_beee6682.mp3,aggression,mp3:aggression,Aggression_195_679586.mp3,beee6682e3cd7e53b742c4744c5a6dc57325871344b56bcfaf75cea257182442,train,original,categorized_audio\aggression\SS01298_beee6682.mp3
SS01299,SS01299_634f92f4.mp3,aggression,mp3:aggression,Aggression_196_679585.mp3,634f92f4a2e89f3455f7a05a0fd20aa43d04247a0607fa845868bf36e6bb7a70,train,original,categorized_audio\aggression\SS01299_634f92f4.mp3
SS01300,SS01300_eda037f4.mp3,aggression,mp3:aggression,Aggression_197_679584.mp3,eda037f44e3bf8ed7e8efb0745256bc8fad5abba40aa4946999f7a9387ef6d31,train,original,categorized_audio\aggression\SS01300_eda037f4.mp3
SS01304,SS01304_23998c22.mp3,aggression,mp3:aggression,Aggression_201_679580.mp3,23998c2211268000e313cf6f22712587800c3a5b8e0accdfa9682fc4ecba8300,train,original,categorized_audio\aggression\SS01304_23998c22.mp3
SS01305,SS01305_434efa8e.mp3,aggression,mp3:aggression,Aggression_202_679579.mp3,434efa8e06e1d62936fa4d018d5e30babb5d777965a8fdba5157215b9ff12dc5,train,original,categorized_audio\aggression\SS01305_434efa8e.mp3
SS01306,SS01306_58e846ae.mp3,aggression,mp3:aggression,Aggression_203_679578.mp3,58e846aeec5ddc5e52fa6c02bf82b3278ab535fe0375d8300cef96d75d5d57d9,train,original,categorized_audio\aggression\SS01306_58e846ae.mp3
SS01308,SS01308_4ca4fe7d.mp3,aggression,mp3:aggression,Aggression_205_679576.mp3,4ca4fe7d79fcdb7af4fbbc8caf04df9754aafd5238d46de02b6c06bb6b0697c4,train,original,categorized_audio\aggression\SS01308_4ca4fe7d.mp3
SS01309,SS01309_ada434ca.mp3,aggression,mp3:aggression,Aggression_206_679575.mp3,ada434ca707188658f7b709340685e522f44d4d6f1818cb3470e577e6f1bf994,train,original,categorized_audio\aggression\SS01309_ada434ca.mp3
SS01311,SS01311_4f132dd8.mp3,aggression,mp3:aggression,Aggression_208_679573.mp3,4f132dd8ecce02164bc46016430582232c0b8a81eb71b176b3514b37df33d1de,train,original,categorized_audio\aggression\SS01311_4f132dd8.mp3
SS01312,SS01312_f50d6cc3.mp3,aggression,mp3:aggression,Aggression_209_679572.mp3,f50d6cc31160996e0d388f90299391c9652654aed3fdc551df134127c7c42a5e,train,original,categorized_audio\aggression\SS01312_f50d6cc3.mp3
SS01315,SS01315_695fefa7.mp3,aggression,mp3:aggression,Aggression_212_679569.mp3,695fefa71bab118c593081eb778d5bc6a5f47e00d9f502a3ca344d86064062f2,train,original,categorized_audio\aggression\SS01315_695fefa7.mp3
SS01316,SS01316_6be3f770.mp3,aggression,mp3:aggression,Aggression_213_679568.mp3,6be3f770a48fc13fe1788ba547fdc82431b087df25ba6b41a0b01b37ab713a2b,train,original,categorized_audio\aggression\SS01316_6be3f770.mp3
SS01317,SS01317_36c3c796.mp3,aggression,mp3:aggression,Aggression_214_679567.mp3,36c3c796c84e1fc54f5c26a76e9f70952c05dba77ab17d0ce431164a542ad756,train,original,categorized_audio\aggression\SS01317_36c3c796.mp3
SS01318,SS01318_17a79f61.mp3,aggression,mp3:aggression,Aggression_215_679566.mp3,17a79f61d1ea473818be63518ed26fa67804d616fe134d1f9c6156905c61d516,train,original,categorized_audio\aggression\SS01318_17a79f61.mp3
SS01319,SS01319_4ff4423e.mp3,aggression,mp3:aggression,Aggression_216_679565.mp3,4ff4423e0757944fbb297d0b97ee585af4daef7625a1f76cbbd3305bf5d668d7,train,original,categorized_audio\aggression\SS01319_4ff4423e.mp3
SS01320,SS01320_2d2aa25e.mp3,aggression,mp3:aggression,Aggression_217_679564.mp3,2d2aa25e1664c930aecd4de50be1490feb69f320b23583c6284d3a7d99b32dae,train,original,categorized_audio\aggression\SS01320_2d2aa25e.mp3
SS01321,SS01321_e3966e29.mp3,aggression,mp3:aggression,Aggression_218_679563.mp3,e3966e2925c86fa555909ca30625888417b89e37bcfed19d453cb6314ae587e2,train,original,categorized_audio\aggression\SS01321_e3966e29.mp3
SS01322,SS01322_dc1c84e2.mp3,aggression,mp3:aggression,Aggression_219_679562.mp3,dc1c84e23cb138d6c236171c1c078866b8037234a8056ddf87af21798e642c5f,train,original,categorized_audio\aggression\SS01322_dc1c84e2.mp3
SS01323,SS01323_b940588f.mp3,aggression,mp3:aggression,Aggression_220_679561.mp3,b940588f9500b96f227d34fdddceeb8c847dd25c1330971765a78e35adea603d,train,original,categorized_audio\aggression\SS01323_b940588f.mp3
SS01324,SS01324_b24d4d13.mp3,aggression,mp3:aggression,Aggression_221_679560.mp3,b24d4d1336f04af365a0df442f5dd7d6b9f14aa872374784ebd7d85db103fea4,train,original,categorized_audio\aggression\SS01324_b24d4d13.mp3
SS01325,SS01325_41cd3baa.mp3,aggression,mp3:aggression,Aggression_222_679559.mp3,41cd3baa3be9b7ecb0b200b23f01194d8139e1bb64bb1a51312572f21c385313,train,original,categorized_audio\aggression\SS01325_41cd3baa.mp3
SS01329,SS01329_ef0d0d7d.mp3,aggression,mp3:aggression,Aggression_226_679555.mp3,ef0d0d7d9b10e9afbc4f6ff1f8989d95927de3aeb0ea25a5f7cc62bddc0683b6,train,original,categorized_audio\aggression\SS01329_ef0d0d7d.mp3
SS01332,SS01332_68db2c93.mp3,aggression,mp3:aggression,Aggression_229_679552.mp3,68db2c9326446ff2c27978ca3b12e80260c1841cfb1fc44256bfa133d1eb17e2,train,original,categorized_audio\aggression\SS01332_68db2c93.mp3
SS01333,SS01333_1a7118a0.mp3,aggression,mp3:aggression,Aggression_230_679551.mp3,1a7118a0d0002dd549ab0f9930d08df22651a6a112b5b947a5855f889ccbf441,train,original,categorized_audio\aggression\SS01333_1a7118a0.mp3
SS01334,SS01334_4820a6c1.mp3,aggression,mp3:aggression,Aggression_231_679550.mp3,4820a6c1081aa60807195b957d1a85314ce9068b3cddd56eb6c4371fa506fe15,train,original,categorized_audio\aggression\SS01334_4820a6c1.mp3
SS01336,SS01336_5ed86763.mp3,aggression,mp3:aggression,Aggression_233_679548.mp3,5ed86763db58e9daa5d1a74fefc3aa152f5aae284521a8bb53779a4fae184e25,train,original,categorized_audio\aggression\SS01336_5ed86763.mp3
SS01337,SS01337_737048d5.mp3,aggression,mp3:aggression,Aggression_234_679547.mp3,737048d57fa96b2e2fc897ca6816e25b5e4b1c29bfb424bc92819b081614d690,train,original,categorized_audio\aggression\SS01337_737048d5.mp3
SS01338,SS01338_69dbc975.mp3,aggression,mp3:aggression,Aggression_235_198033.mp3,69dbc975526dc960d12a78a4a359cc4cfbecaca3c8469225dda78a724fae12e0,train,original,categorized_audio\aggression\SS01338_69dbc975.mp3
SS01340,SS01340_51cf6cd1.mp3,aggression,mp3:aggression,Aggression_237_679691.mp3,51cf6cd14efdfce32b08fffbc7fdb2db326851712714e869d0c303eb9d519b08,train,original,categorized_audio\aggression\SS01340_51cf6cd1.mp3
SS01341,SS01341_38f0f54b.mp3,aggression,mp3:aggression,Aggression_238_452043.mp3,38f0f54b04f8eb70909723861449c7cc4d2a8cee2190b9040c8869d0dfcabe72,train,original,categorized_audio\aggression\SS01341_38f0f54b.mp3
SS01342,SS01342_dc3c5194.mp3,aggression,mp3:aggression,Aggression_239_444416.mp3,dc3c5194f62bc857d0bb4ee57149c3d1ec8f3d0ab6e4a6b2290d246fbb6d7239,train,original,categorized_audio\aggression\SS01342_dc3c5194.mp3
SS01343,SS01343_6addc56e.mp3,aggression,mp3:aggression,Aggression_240_838107.mp3,6addc56eadb8c932e1bc8f64c80e08953a5c546e74c2b24fe1b2b1ff6659c13f,train,original,categorized_audio\aggression\SS01343_6addc56e.mp3
SS01345,SS01345_944de377.mp3,aggression,mp3:aggression,Aggression_242_719026.mp3,944de377761ce7d6e6697e35fb971edcaaee711a096dffaa061d120c34a15dc4,train,original,categorized_audio\aggression\SS01345_944de377.mp3
SS01348,SS01348_bcb2ad43.mp3,aggression,mp3:aggression,Aggression_245_705029.mp3,bcb2ad437407362567a85cdc5dae9624b3934855d33024d2569503fe9db6e6e0,train,original,categorized_audio\aggression\SS01348_bcb2ad43.mp3
SS01351,SS01351_a381a815.mp3,aggression,mp3:aggression,Aggression_248_705024.mp3,a381a81520b7a2fa12c1cad74745a07677f629f25a79ad7d0e3ef14d627ede33,train,original,categorized_audio\aggression\SS01351_a381a815.mp3
SS01352,SS01352_081de0cb.mp3,aggression,mp3:aggression,Aggression_249_705023.mp3,081de0cbd884d5ad548ef4f30ce2f5b82107f943ad875719965f633e3a06062b,train,original,categorized_audio\aggression\SS01352_081de0cb.mp3
SS01354,SS01354_31e382d9.mp3,aggression,mp3:aggression,Aggression_251_705021.mp3,31e382d917f0f386d15b709c04bb49b531a6ccb223668f77249ade112ecceaa3,train,original,categorized_audio\aggression\SS01354_31e382d9.mp3
SS01355,SS01355_93a4c7c0.mp3,aggression,mp3:aggression,Aggression_252_583209.mp3,93a4c7c089d6eebff8d97f3521b694cf7b1aafaa9966b25c0d83833280182b36,train,original,categorized_audio\aggression\SS01355_93a4c7c0.mp3
SS01357,SS01357_096dde48.mp3,aggression,mp3:aggression,Aggression_254_386264.mp3,096dde48e9aca5497467866d179f1c5cff7b70a74c7fc184ef910d504f4a63a7,train,original,categorized_audio\aggression\SS01357_096dde48.mp3
SS01358,SS01358_41066ec9.mp3,aggression,mp3:aggression,Aggression_255_815390.mp3,41066ec90449ccbe720cc4a7e0f29c149cc5d0f840c67df2a982739c017df7a5,train,original,categorized_audio\aggression\SS01358_41066ec9.mp3
SS01359,SS01359_c8d66d02.mp3,aggression,mp3:aggression,Aggression_256_809923.mp3,c8d66d02319eced23a27b12568deffc01371787e51dcb64656a323134d08467f,train,original,categorized_audio\aggression\SS01359_c8d66d02.mp3
SS01360,SS01360_64589a88.mp3,aggression,mp3:aggression,Aggression_257_809922.mp3,64589a88d5f84628796ba6f9e9bf35015334af9d057ba129c0ed82821bd03a89,train,original,categorized_audio\aggression\SS01360_64589a88.mp3
SS01361,SS01361_a2ddd778.mp3,aggression,mp3:aggression,Aggression_258_809921.mp3,a2ddd778a0a609d8b7abfdea23cfe0e292c48b6e10897efc2b3a5e189be6235f,train,original,categorized_audio\aggression\SS01361_a2ddd778.mp3
SS01362,SS01362_6bfbb73e.mp3,aggression,mp3:aggression,Aggression_259_809916.mp3,6bfbb73e4d34ccf2914afc6039781a8ccf2435ffa579f0cbfc8e23e1a835d031,train,original,categorized_audio\aggression\SS01362_6bfbb73e.mp3
SS01364,SS01364_e62b23e6.mp3,aggression,mp3:aggression,Aggression_261_479631.mp3,e62b23e64705b09e6a8012cfdf6f5af5f172855bc382c912eae731a904ed06a5,train,original,categorized_audio\aggression\SS01364_e62b23e6.mp3
SS01366,SS01366_b2469bdf.mp3,aggression,mp3:aggression,Aggression_263_377082.mp3,b2469bdfc9df0e56f3e10120b07922114e6c3c8b1783f63dade70e16e8089b87,train,original,categorized_audio\aggression\SS01366_b2469bdf.mp3
SS01367,SS01367_f657a1de.mp3,aggression,mp3:aggression,Aggression_264_179909.mp3,f657a1de5a41265d2c9404453530816bbfd37a4e6778cdf866239218f5f94131,train,original,categorized_audio\aggression\SS01367_f657a1de.mp3
SS01368,SS01368_32f7f3de.mp3,aggression,mp3:aggression,Aggression_265_699722.mp3,32f7f3de8579056e2070dc467d7657ca54854ab3de425b8146f136a98640a6d9,train,original,categorized_audio\aggression\SS01368_32f7f3de.mp3
SS01373,SS01373_6eb257b2.mp3,aggression,mp3:aggression,Aggression_270_619045.mp3,6eb257b23495ffb1f5df99076824bd522bb5aa552c06f782886ecbc240fb06b5,train,original,categorized_audio\aggression\SS01373_6eb257b2.mp3
SS01374,SS01374_eaec7869.mp3,aggression,mp3:aggression,Aggression_271_699949.mp3,eaec78694e555baeea012d4d08b1ac971f0836aa484957c100e1061aed8ec0b2,train,original,categorized_audio\aggression\SS01374_eaec7869.mp3
SS01377,SS01377_b194fdd7.mp3,aggression,mp3:aggression,Aggression_274_743299.mp3,b194fdd7901e0492936b0acdae4bea6850db3855157032be5f38ee8b8533f313,train,original,categorized_audio\aggression\SS01377_b194fdd7.mp3
SS01379,SS01379_3bc3de50.mp3,aggression,mp3:aggression,Aggression_276_343222.mp3,3bc3de508e4bc6f6d5c030aa2b0cb54fef2d9a654dd2ab048e24e4c51f29220b,train,original,categorized_audio\aggression\SS01379_3bc3de50.mp3
SS01380,SS01380_e387fac4.mp3,aggression,mp3:aggression,Aggression_277_583210.mp3,e387fac4615e8ef722a548e7367555a8fa26ad5a353167783dab8182c2036def,train,original,categorized_audio\aggression\SS01380_e387fac4.mp3
SS01382,SS01382_ecc67ae9.mp3,aggression,mp3:aggression,Aggression_279_751979.mp3,ecc67ae94fe62a5fd1c1984e42e2624e3737a7a75eb6cfcf396a414a4dd85937,train,original,categorized_audio\aggression\SS01382_ecc67ae9.mp3
SS01385,SS01385_55f6a18e.mp3,aggression,mp3:aggression,Aggression_282_405060.mp3,55f6a18eedc4787b1c994b2e007a2e82b01e18e297df017030bb419f398e7a45,train,original,categorized_audio\aggression\SS01385_55f6a18e.mp3
SS01387,SS01387_f0de69cc.mp3,aggression,mp3:aggression,Aggression_284_703377.mp3,f0de69cc5db08f07d130b40500d7123469939858323ccd311ecb796898abe1c8,train,original,categorized_audio\aggression\SS01387_f0de69cc.mp3
SS01388,SS01388_64e2c7d8.mp3,aggression,mp3:aggression,Aggression_285_340367.mp3,64e2c7d8b7c1fbd04cd30493624f61a1bc2d63096067cc441fff4a72af8dac6e,train,original,categorized_audio\aggression\SS01388_64e2c7d8.mp3
SS01390,SS01390_902b2686.mp3,aggression,mp3:aggression,Aggression_287_699944.mp3,902b2686f3c2cd10e9b8750271012f7f8b57f3d76480cd82cb5b0a4997b77661,train,original,categorized_audio\aggression\SS01390_902b2686.mp3
SS01391,SS01391_b8cf95a1.mp3,aggression,mp3:aggression,Aggression_288_386280.mp3,b8cf95a13c84f13b76d938101ba4303c8c22a0f7f6f74e11660cbc8cbe034188,train,original,categorized_audio\aggression\SS01391_b8cf95a1.mp3
SS01392,SS01392_662f9d1a.mp3,aggression,mp3:aggression,Aggression_289_44241.mp3,662f9d1ac8bdf2ab946df1a237c086463ba01dcdabd4770c562e37f3c4afa7c9,train,original,categorized_audio\aggression\SS01392_662f9d1a.mp3
SS01393,SS01393_a8209cbe.mp3,aggression,mp3:aggression,Aggression_290_696756.mp3,a8209cbe5a7221e28e25ca545bf8debdea6a8611b97ede69f46298ec9925515c,train,original,categorized_audio\aggression\SS01393_a8209cbe.mp3
SS01394,SS01394_d4dca7ea.mp3,aggression,mp3:aggression,Aggression_291_235252.mp3,d4dca7ea3a6b6b6246c000b54d802d58dd8a3a65f0aff00f4720f8335a7f7a9f,train,original,categorized_audio\aggression\SS01394_d4dca7ea.mp3
SS01395,SS01395_abba5a9a.mp3,aggression,mp3:aggression,Aggression_292_798796.mp3,abba5a9a01a9fe899abccf1071d1dd518e9b3d273eb21a6e077672ed0e39cc0b,train,original,categorized_audio\aggression\SS01395_abba5a9a.mp3
SS01396,SS01396_f97cbeb9.mp3,aggression,mp3:aggression,Aggression_293_798793.mp3,f97cbeb98ee2ffa0a70ac32c7fd13d2d3f897954c02aca07156b8fda6e17437b,train,original,categorized_audio\aggression\SS01396_f97cbeb9.mp3
SS01397,SS01397_af97bd01.mp3,aggression,mp3:aggression,Aggression_294_637919.mp3,af97bd013647fb9753ce2f9e48ef425b03d553ba686bca4ca38841190aa50e01,train,original,categorized_audio\aggression\SS01397_af97bd01.mp3
SS01398,SS01398_b240aa09.mp3,aggression,mp3:aggression,Aggression_295_450821.mp3,b240aa09dc4fd6d7397ce2dad6c030aa82a2fd959512461cea35856091e2b0bf,train,original,categorized_audio\aggression\SS01398_b240aa09.mp3
SS01399,SS01399_818d2afe.mp3,aggression,mp3:aggression,Aggression_296_461695.mp3,818d2afe98fd0557813f3f947751a234a8651134e502f51fb5d99ae63f3826d3,train,original,categorized_audio\aggression\SS01399_818d2afe.mp3
SS01401,SS01401_ccef0135.mp3,aggression,mp3:aggression,Aggression_298_838108.mp3,ccef0135ac167ea0ed8b06a2a3a0df9df4a84e1abf343502c387272e36652f2b,train,original,categorized_audio\aggression\SS01401_ccef0135.mp3
SS01406,SS01406_d360ee01.mp3,glass_breaking,mp3:glassbreak,Glass breaking_003_848284.mp3,d360ee01138f84ebd4a0bf09904f40b4d0ac7b000ec367e64ecac2569317a378,train,original,categorized_audio\glass_breaking\SS01406_d360ee01.mp3
SS01407,SS01407_e5fa0989.mp3,glass_breaking,mp3:glassbreak,Glass breaking_004_848281.mp3,e5fa098996253688ea3abfc83b3f568ce1ed0ceeb6d2edb324449d15b8f24010,train,original,categorized_audio\glass_breaking\SS01407_e5fa0989.mp3
SS01408,SS01408_4cb710a7.mp3,glass_breaking,mp3:glassbreak,Glass breaking_005_853702.mp3,4cb710a7da2d120b4bdfd5713a0f6a47bf2c907a0e48a0e6302ff03c69432931,train,original,categorized_audio\glass_breaking\SS01408_4cb710a7.mp3
SS01409,SS01409_eaced16a.mp3,glass_breaking,mp3:glassbreak,Glass breaking_006_853701.mp3,eaced16a2b6360d41ddc519b0ac27d0e0686d931c7f220c3ee51ec795bdf49cf,train,original,categorized_audio\glass_breaking\SS01409_eaced16a.mp3
SS01411,SS01411_235cc47d.mp3,glass_breaking,mp3:glassbreak,Glass breaking_008_521342.mp3,235cc47d4806797f3b3617b536e38f4f1a3c4e78352e17d628b734cb1b6d3e85,train,original,categorized_audio\glass_breaking\SS01411_235cc47d.mp3
SS01412,SS01412_170c6612.mp3,glass_breaking,mp3:glassbreak,Glass breaking_009_276937.mp3,170c66128c885a323b0353d01e47090371988e32a257753a1d26fe89eacc1654,train,original,categorized_audio\glass_breaking\SS01412_170c6612.mp3
SS01413,SS01413_b4419cf9.mp3,glass_breaking,mp3:glassbreak,Glass breaking_010_853700.mp3,b4419cf9451bb9e4a7ccce1f7aade9593c5c16be2ac764c3f413a4c878d48cce,train,original,categorized_audio\glass_breaking\SS01413_b4419cf9.mp3
SS01416,SS01416_bf3db801.mp3,glass_breaking,mp3:glassbreak,Glass breaking_013_861042.mp3,bf3db8014b06323375d3e5a5d5c0ebce3aed5b6ebbe9d8ee95d40a9b98201bd9,train,original,categorized_audio\glass_breaking\SS01416_bf3db801.mp3
SS01417,SS01417_c20bc271.mp3,glass_breaking,mp3:glassbreak,Glass breaking_014_853697.mp3,c20bc271029380416596abc979373dbfba2d32afb95a7ad1555d84551e239404,train,original,categorized_audio\glass_breaking\SS01417_c20bc271.mp3
SS01418,SS01418_68385e9c.mp3,glass_breaking,mp3:glassbreak,Glass breaking_015_853695.mp3,68385e9c9375b88d345a815660cb5d5da6f80d158a7bca9ddc107b746e914145,train,original,categorized_audio\glass_breaking\SS01418_68385e9c.mp3
SS01419,SS01419_10bb1d7e.mp3,glass_breaking,mp3:glassbreak,Glass breaking_016_521340.mp3,10bb1d7ea244460bbbbbf54bd81d2c3f7babb83e18ab60025ba36e9de099b9a2,train,original,categorized_audio\glass_breaking\SS01419_10bb1d7e.mp3
SS01420,SS01420_29f27d22.mp3,glass_breaking,mp3:glassbreak,Glass breaking_017_276938.mp3,29f27d2204dde7580156a1fc8ebff7087240d4b17e004d9e21d82a0d1b314b28,train,original,categorized_audio\glass_breaking\SS01420_29f27d22.mp3
SS01421,SS01421_0fec1ec0.mp3,glass_breaking,mp3:glassbreak,Glass breaking_018_848289.mp3,0fec1ec0513f9cc751261d306b491b66f2e4db63350bb095a2275b7e4ef460ae,train,original,categorized_audio\glass_breaking\SS01421_0fec1ec0.mp3
SS01422,SS01422_ec367eab.mp3,glass_breaking,mp3:glassbreak,Glass breaking_019_848287.mp3,ec367eab9d5b3fec205dcf45499ef32b14275016f30b6895b447f288ec93da1c,train,original,categorized_audio\glass_breaking\SS01422_ec367eab.mp3
SS01423,SS01423_5532a120.mp3,glass_breaking,mp3:glassbreak,Glass breaking_020_848286.mp3,5532a12056a7845231eb1fcaf27c62dc8665948fc5f9f2bdf26e9f0497863965,train,original,categorized_audio\glass_breaking\SS01423_5532a120.mp3
SS01424,SS01424_97f3260f.mp3,glass_breaking,mp3:glassbreak,Glass breaking_021_848285.mp3,97f3260f1db96815d5845c4fcc8b26b684eb5049fa1a5376613ae54ec8ea1898,train,original,categorized_audio\glass_breaking\SS01424_97f3260f.mp3
SS01425,SS01425_4cf7dfb9.mp3,glass_breaking,mp3:glassbreak,Glass breaking_022_848282.mp3,4cf7dfb9a7d52a03f690fec6d9e1adcae110e707237fafb5222e76c0af121df4,train,original,categorized_audio\glass_breaking\SS01425_4cf7dfb9.mp3
SS01426,SS01426_adb8c2b7.mp3,glass_breaking,mp3:glassbreak,Glass breaking_023_848283.mp3,adb8c2b7a5da19a6b2d58abbfb337cc5c13c0f075adef09ea54773175fee12be,train,original,categorized_audio\glass_breaking\SS01426_adb8c2b7.mp3
SS01427,SS01427_38412672.mp3,glass_breaking,mp3:glassbreak,Glass breaking_024_853699.mp3,384126721f407140065569380c95c5bd44e48512b263f4859a14579bb9f55581,train,original,categorized_audio\glass_breaking\SS01427_38412672.mp3
SS01429,SS01429_fa6624b5.mp3,glass_breaking,mp3:glassbreak,Glass breaking_026_853703.mp3,fa6624b5fdc96d7758de1a498d7378e1a996f7df0a20aab5e63e12bf68f6edd3,train,original,categorized_audio\glass_breaking\SS01429_fa6624b5.mp3
SS01430,SS01430_abab1b81.mp3,glass_breaking,mp3:glassbreak,Glass breaking_027_276939.mp3,abab1b81781d59a25cdbc366714fc84b3a7133c56ea2ec1a39b92daed92bbf79,train,original,categorized_audio\glass_breaking\SS01430_abab1b81.mp3
SS01431,SS01431_a0ab7b8a.mp3,glass_breaking,mp3:glassbreak,Glass breaking_028_861043.mp3,a0ab7b8a71aa735de6e73558160311d31bc5987cf3eb6267c7394658eb1423f0,train,original,categorized_audio\glass_breaking\SS01431_a0ab7b8a.mp3
SS01432,SS01432_ae81164c.mp3,glass_breaking,mp3:glassbreak,Glass breaking_029_521347.mp3,ae81164c0ff07359b5d0e8a1b47d150ce07bb574489de6bfdba7240c53b59bec,train,original,categorized_audio\glass_breaking\SS01432_ae81164c.mp3
SS01433,SS01433_30ef1c5d.mp3,glass_breaking,mp3:glassbreak,Glass breaking_030_521345.mp3,30ef1c5defd3bbdbde80a29105063c0168d6bbbd130400fbb8dba259bcc724fa,train,original,categorized_audio\glass_breaking\SS01433_30ef1c5d.mp3
SS01434,SS01434_a9672363.mp3,glass_breaking,mp3:glassbreak,Glass breaking_031_521344.mp3,a9672363cb97c757e7749357d2952c373d974b6d763edd28088eb765119ca7f4,train,original,categorized_audio\glass_breaking\SS01434_a9672363.mp3
SS01435,SS01435_95a95aef.mp3,glass_breaking,mp3:glassbreak,Glass breaking_032_521343.mp3,95a95aef39daae7f84035ec65492fe0b2b0b11e04cea0f93f115e54ac4f0db6d,train,original,categorized_audio\glass_breaking\SS01435_95a95aef.mp3
SS01436,SS01436_c9d0d252.mp3,glass_breaking,mp3:glassbreak,Glass breaking_033_521339.mp3,c9d0d252599970384ef7062a11017284bbd41bd487bc8ced446f0298e7e34c1c,train,original,categorized_audio\glass_breaking\SS01436_c9d0d252.mp3
SS01439,SS01439_57eac091.mp3,glass_breaking,mp3:glassbreak,Glass breaking_036_519343.mp3,57eac0919c0d7de4212aceb4e1166cc8da5fbd7390d0b917f5581b45836f26a4,train,original,categorized_audio\glass_breaking\SS01439_57eac091.mp3
SS01442,SS01442_000202aa.mp3,glass_breaking,mp3:glassbreak,Glass breaking_039_179242.mp3,000202aaa284378da62634618187e2c649f3098ee116a7797dd641d5165a5aff,train,original,categorized_audio\glass_breaking\SS01442_000202aa.mp3
SS01445,SS01445_d90fcb06.mp3,glass_breaking,mp3:glassbreak,Glass breaking_042_179239.mp3,d90fcb064be6f33339348a46a41ea0aaf5ae6ce8cb43661698b144d130e4f2cd,train,original,categorized_audio\glass_breaking\SS01445_d90fcb06.mp3
SS01446,SS01446_21e5d3c1.mp3,glass_breaking,mp3:glassbreak,Glass breaking_043_179236.mp3,21e5d3c1d73bdcc666c35e8e9d025b9efa838fa9bc59d0a3e65ad84d543f3797,train,original,categorized_audio\glass_breaking\SS01446_21e5d3c1.mp3
SS01447,SS01447_ffbd1b54.mp3,glass_breaking,mp3:glassbreak,Glass breaking_044_179235.mp3,ffbd1b54417a2cdecac60c5e2f7eb9f394f35ace2b78444fc3440a327dedada3,train,original,categorized_audio\glass_breaking\SS01447_ffbd1b54.mp3
SS01448,SS01448_868db13f.mp3,glass_breaking,mp3:glassbreak,Glass breaking_045_179234.mp3,868db13f1ca2b62de88e145d998bec2001298f7f49cc5b63a009276005cc8dd6,train,original,categorized_audio\glass_breaking\SS01448_868db13f.mp3
SS01450,SS01450_1bbe6865.mp3,glass_breaking,mp3:glassbreak,Glass breaking_047_179232.mp3,1bbe6865acf116b4e8d72cea57097b8870a118bc6225e966aa933c8187d29a6c,train,original,categorized_audio\glass_breaking\SS01450_1bbe6865.mp3
SS01454,SS01454_9700b295.mp3,glass_breaking,mp3:glassbreak,Glass breaking_051_179228.mp3,9700b2958ca90b629af213b51a2f4c1fcd293a300e205e3bdc0464f0e0fd9135,train,original,categorized_audio\glass_breaking\SS01454_9700b295.mp3
SS01455,SS01455_420bbb6e.mp3,glass_breaking,mp3:glassbreak,Glass breaking_052_179227.mp3,420bbb6ea620a2007f6ef85c44723f4d56a76c0c49da827d267e735f65915833,train,original,categorized_audio\glass_breaking\SS01455_420bbb6e.mp3
SS01457,SS01457_f0721b40.mp3,glass_breaking,mp3:glassbreak,Glass breaking_054_338691.mp3,f0721b406b67c43d8c1992ab885199c3f60676718543b5655900ea3d9ef98c13,train,original,categorized_audio\glass_breaking\SS01457_f0721b40.mp3
SS01458,SS01458_d833a993.mp3,glass_breaking,mp3:glassbreak,Glass breaking_055_519348.mp3,d833a9930c7a633016fab2889ddbf08815b44cb8ea676f706ce2ae3cc756e3d1,train,original,categorized_audio\glass_breaking\SS01458_d833a993.mp3
SS01459,SS01459_b0e87b20.mp3,glass_breaking,mp3:glassbreak,Glass breaking_056_521348.mp3,b0e87b20c976fadf56684817995a2059d8f8d56343ac485a314e02e6daa9c224,train,original,categorized_audio\glass_breaking\SS01459_b0e87b20.mp3
SS01461,SS01461_99261958.mp3,glass_breaking,mp3:glassbreak,Glass breaking_058_390726.mp3,992619581dbd37e97424736de07feb2c8e299debf56a78d083bd102a5e359436,train,original,categorized_audio\glass_breaking\SS01461_99261958.mp3
SS01463,SS01463_5a489e76.mp3,glass_breaking,mp3:glassbreak,Glass breaking_060_390721.mp3,5a489e76f729c274c7f45f4fb872ab2fa024643f95dce4b5ed535571832c4183,train,original,categorized_audio\glass_breaking\SS01463_5a489e76.mp3
SS01464,SS01464_77fcfa3f.mp3,glass_breaking,mp3:glassbreak,Glass breaking_061_390720.mp3,77fcfa3fa034522868f76627eefb92c28cf2415de467429325762b1438f24c34,train,original,categorized_audio\glass_breaking\SS01464_77fcfa3f.mp3
SS01465,SS01465_26b70fbf.mp3,glass_breaking,mp3:glassbreak,Glass breaking_062_390719.mp3,26b70fbf7afa5076f3940763ac1683f141ddb38ec4d2b759cf1540ef6511ef96,train,original,categorized_audio\glass_breaking\SS01465_26b70fbf.mp3
SS01466,SS01466_7e54184c.mp3,glass_breaking,mp3:glassbreak,Glass breaking_063_390716.mp3,7e54184c9be1926b39b88c03d4133a94cbb236e88d41806f62d6a35c7b00fd35,train,original,categorized_audio\glass_breaking\SS01466_7e54184c.mp3
SS01467,SS01467_d529f5ee.mp3,glass_breaking,mp3:glassbreak,Glass breaking_064_390715.mp3,d529f5ee02e35d14c6efcbf2de9786d845dd3658bf03298332a8eb7e91b1d688,train,original,categorized_audio\glass_breaking\SS01467_d529f5ee.mp3
SS01468,SS01468_ca13adb5.mp3,glass_breaking,mp3:glassbreak,Glass breaking_065_390714.mp3,ca13adb5d047623d0fe1e2a0344dd7e89af3df19b841a72b9a4fb2a2caab6b08,train,original,categorized_audio\glass_breaking\SS01468_ca13adb5.mp3
SS01469,SS01469_86f9676a.mp3,glass_breaking,mp3:glassbreak,Glass breaking_066_390709.mp3,86f9676afde4a8fe2f274ffcd66328f7ae03b617100fecc11d5f6d85bdec9b27,train,original,categorized_audio\glass_breaking\SS01469_86f9676a.mp3
SS01470,SS01470_bc47cfed.mp3,glass_breaking,mp3:glassbreak,Glass breaking_067_390708.mp3,bc47cfed88c6651b0642085d84e35b1ca6fef350f6942802b811224ebf2e810b,train,original,categorized_audio\glass_breaking\SS01470_bc47cfed.mp3
SS01471,SS01471_fe35ae10.mp3,glass_breaking,mp3:glassbreak,Glass breaking_068_390705.mp3,fe35ae102e79ecf95d0a14f031782c9d68f74e822e9d26cb09a5aaad802ddb17,train,original,categorized_audio\glass_breaking\SS01471_fe35ae10.mp3
SS01473,SS01473_341dcbfe.mp3,glass_breaking,mp3:glassbreak,Glass breaking_070_390703.mp3,341dcbfea75131bd7bdfdca090016f2c78fed9694ee579f3f3f1f65eaa8a0bd2,train,original,categorized_audio\glass_breaking\SS01473_341dcbfe.mp3
SS01474,SS01474_0a5ba647.mp3,glass_breaking,mp3:glassbreak,Glass breaking_071_390701.mp3,0a5ba6475268e863313f9bd1b98a3f2683d376d218005fbf794d42acf4f44ef3,train,original,categorized_audio\glass_breaking\SS01474_0a5ba647.mp3
SS01475,SS01475_fa089d6f.mp3,glass_breaking,mp3:glassbreak,Glass breaking_072_390700.mp3,fa089d6f3eb6f9152bfea3e86858c5735801b26fe99ed568240a811ff8bb373c,train,original,categorized_audio\glass_breaking\SS01475_fa089d6f.mp3
SS01476,SS01476_e5ac10d7.mp3,glass_breaking,mp3:glassbreak,Glass breaking_073_390707.mp3,e5ac10d7c4e8bac860432012181deaf2a8adfa72df54a39a82451df0f896fade,train,original,categorized_audio\glass_breaking\SS01476_e5ac10d7.mp3
SS01478,SS01478_a2719863.mp3,glass_breaking,mp3:glassbreak,Glass breaking_075_390718.mp3,a27198633b68e70b9a6a4e9e7fcefd4a24de31e2d9ad5fcf8f7fea9a30334440,train,original,categorized_audio\glass_breaking\SS01478_a2719863.mp3
SS01479,SS01479_8f3470ce.mp3,glass_breaking,mp3:glassbreak,Glass breaking_076_390706.mp3,8f3470ce4c252b6613d5f9d884af411c28fd29c9bc4dbe9a5cdb08c2677964a1,train,original,categorized_audio\glass_breaking\SS01479_8f3470ce.mp3
SS01481,SS01481_33c4d4cd.mp3,glass_breaking,mp3:glassbreak,Glass breaking_078_355340.mp3,33c4d4cd48f7c606ae1325dd0fcf6ce0d5508008c8c642941a58ccb59694dcbf,train,original,categorized_audio\glass_breaking\SS01481_33c4d4cd.mp3
SS01485,SS01485_ffb74821.mp3,glass_breaking,mp3:glassbreak,Glass breaking_082_546669.mp3,ffb74821047fba0a210286aeda9d47c87571d33bc68427ab44549c020f4eae44,train,original,categorized_audio\glass_breaking\SS01485_ffb74821.mp3
SS01488,SS01488_605f0c68.mp3,glass_breaking,mp3:glassbreak,Glass breaking_085_546665.mp3,605f0c688d1e74f52620afd256fad50f68f880299f8bf4867f3164d7299facb4,train,original,categorized_audio\glass_breaking\SS01488_605f0c68.mp3
SS01490,SS01490_80726ed4.mp3,glass_breaking,mp3:glassbreak,Glass breaking_087_546663.mp3,80726ed47a8f6754d7215e781595e17820507d886ce233dbd9b14a483c80ef35,train,original,categorized_audio\glass_breaking\SS01490_80726ed4.mp3
SS01491,SS01491_dc0f6d03.mp3,glass_breaking,mp3:glassbreak,Glass breaking_088_546662.mp3,dc0f6d03d33f23385a87ebe39c6f6c7ffea7687d6eab8bba829ce7285bfe064e,train,original,categorized_audio\glass_breaking\SS01491_dc0f6d03.mp3
SS01492,SS01492_fc334ee6.mp3,glass_breaking,mp3:glassbreak,Glass breaking_089_546661.mp3,fc334ee63dc5c6a5706e15aed0e7b730c9b3cdb86d651d26976d60c5c52a5d8e,train,original,categorized_audio\glass_breaking\SS01492_fc334ee6.mp3
SS01493,SS01493_c0fefd99.mp3,glass_breaking,mp3:glassbreak,Glass breaking_090_530391.mp3,c0fefd99aa16186c3dbdfee76b084b0b8d08478049ba60af3ac0de7fe6b654cf,train,original,categorized_audio\glass_breaking\SS01493_c0fefd99.mp3
SS01495,SS01495_1c019db0.mp3,glass_breaking,mp3:glassbreak,Glass breaking_092_546668.mp3,1c019db04ef756bf093496f94d3531cfd4fd695358c7c104e48f09596d73bd96,train,original,categorized_audio\glass_breaking\SS01495_1c019db0.mp3
SS01496,SS01496_de7ec2e5.mp3,glass_breaking,mp3:glassbreak,Glass breaking_093_778607.mp3,de7ec2e5535f77b162decb8191064c0a273a1ab703585fee45994644079b3d66,train,original,categorized_audio\glass_breaking\SS01496_de7ec2e5.mp3
SS01497,SS01497_db5f2d90.mp3,glass_breaking,mp3:glassbreak,Glass breaking_094_778606.mp3,db5f2d9079c6895fc6a97f8a76c65c43b14f84e0c4a0c960e3ca4bbca23b514d,train,original,categorized_audio\glass_breaking\SS01497_db5f2d90.mp3
SS01498,SS01498_77e5caec.mp3,glass_breaking,mp3:glassbreak,Glass breaking_095_778605.mp3,77e5caecedb988378f99c8d2d7ce2470cabcdb86a4c96f98f13c1854a638da01,train,original,categorized_audio\glass_breaking\SS01498_77e5caec.mp3
SS01500,SS01500_24c23bab.mp3,glass_breaking,mp3:glassbreak,Glass breaking_097_68653.mp3,24c23bab5d3daf03b28e2ef53dc420e2a4a8f54bbae0821e8cf93745aeb0590e,train,original,categorized_audio\glass_breaking\SS01500_24c23bab.mp3
SS01501,SS01501_624a2723.mp3,glass_breaking,mp3:glassbreak,Glass breaking_098_93299.mp3,624a27230278b8d6f53068adc8f6ec8ba984027003f26f3ef3ae55d611f6d0c9,train,original,categorized_audio\glass_breaking\SS01501_624a2723.mp3
SS01502,SS01502_9057f974.mp3,glass_breaking,mp3:glassbreak,Glass breaking_099_250709.mp3,9057f974c0e2bc672e767804aab3c2e09ce7454d1168f497187a9913cb001f1a,train,original,categorized_audio\glass_breaking\SS01502_9057f974.mp3
SS01503,SS01503_e9d822e5.mp3,glass_breaking,mp3:glassbreak,Glass breaking_100_735003.mp3,e9d822e5c438ee20752f386780e9cf3336e01960b50f9e31cc0dc62d4a0a5974,train,original,categorized_audio\glass_breaking\SS01503_e9d822e5.mp3
SS01504,SS01504_78ffd7ac.mp3,glass_breaking,mp3:glassbreak,Glass breaking_101_546670.mp3,78ffd7ac11d97f190771c88ffdb3bd43b599866604a83fd1a4b3e9ab45b8d4e7,train,original,categorized_audio\glass_breaking\SS01504_78ffd7ac.mp3
SS01505,SS01505_f3511438.mp3,glass_breaking,mp3:glassbreak,Glass breaking_102_233605.mp3,f3511438463582aa9df9310e26f2aa11c622c07724a0a23ab5ee41f7da124fc0,train,original,categorized_audio\glass_breaking\SS01505_f3511438.mp3
SS01506,SS01506_0edd0276.mp3,glass_breaking,mp3:glassbreak,Glass breaking_103_530393.mp3,0edd02762cb610193f807a4aa720021572f5893338e7f77c23949e77c909dd09,train,original,categorized_audio\glass_breaking\SS01506_0edd0276.mp3
SS01507,SS01507_36e5584c.mp3,glass_breaking,mp3:glassbreak,Glass breaking_104_540942.mp3,36e5584cbb540d1dd658fa15d1091210dcd626046b21850f8b848891100431fc,train,original,categorized_audio\glass_breaking\SS01507_36e5584c.mp3
SS01508,SS01508_5dd2ec18.mp3,glass_breaking,mp3:glassbreak,Glass breaking_105_560768.mp3,5dd2ec1821ac8a663375c4f53d9030043193005e3652ac6b89c0b4c6d0a779b1,train,original,categorized_audio\glass_breaking\SS01508_5dd2ec18.mp3
SS01509,SS01509_1e6d7681.mp3,glass_breaking,mp3:glassbreak,Glass breaking_106_233607.mp3,1e6d76818ed8ac609aec746f2f6b71923b6d8b38d511fd52f1cc0ccb7cfa9524,train,original,categorized_audio\glass_breaking\SS01509_1e6d7681.mp3
SS01510,SS01510_fc527db0.mp3,glass_breaking,mp3:glassbreak,Glass breaking_107_465946.mp3,fc527db097a4e1b7321d661a25efb2483c6631a57f59b038fbe46ae7d32c9648,train,original,categorized_audio\glass_breaking\SS01510_fc527db0.mp3
SS01512,SS01512_4ba15dae.mp3,glass_breaking,mp3:glassbreak,Glass breaking_109_828101.mp3,4ba15dae81933ed4693054a6b66fac4ffc5a9acc26eb114e1fa50fcba1f4eac1,train,original,categorized_audio\glass_breaking\SS01512_4ba15dae.mp3
SS01513,SS01513_c86dc161.mp3,glass_breaking,mp3:glassbreak,Glass breaking_110_757209.mp3,c86dc1613305bdfccf573b2643142449c9844cafd984312a1ffcf76847003cd1,train,original,categorized_audio\glass_breaking\SS01513_c86dc161.mp3
SS01515,SS01515_8e273ed0.mp3,glass_breaking,mp3:glassbreak,Glass breaking_112_560767.mp3,8e273ed096a414fbac6814d500960c6e419412caa2c42e552c386f05b88081eb,train,original,categorized_audio\glass_breaking\SS01515_8e273ed0.mp3
SS01516,SS01516_f4c64ca0.mp3,glass_breaking,mp3:glassbreak,Glass breaking_113_560766.mp3,f4c64ca0e84be4a5a5ede24df8be92147ff10fe5c738172c80cd7f18075adf98,train,original,categorized_audio\glass_breaking\SS01516_f4c64ca0.mp3
SS01518,SS01518_ed8580ae.mp3,glass_breaking,mp3:glassbreak,Glass breaking_115_491677.mp3,ed8580aebfbf0d4920a0ecc71afdfceb96e7db32f42fdedb119491640039cb1a,train,original,categorized_audio\glass_breaking\SS01518_ed8580ae.mp3
SS01519,SS01519_4a1a4a16.mp3,glass_breaking,mp3:glassbreak,Glass breaking_116_486166.mp3,4a1a4a164b1ee60d50f290407fe45bd7371ea6fa4468a7358b87548a4f7b1ad6,train,original,categorized_audio\glass_breaking\SS01519_4a1a4a16.mp3
SS01520,SS01520_e1bd2f5a.mp3,glass_breaking,mp3:glassbreak,Glass breaking_117_482033.mp3,e1bd2f5a9c58b8511af2f7add7ebe90608a6399d88162b20e4648d20bba3b538,train,original,categorized_audio\glass_breaking\SS01520_e1bd2f5a.mp3
SS01521,SS01521_97ed0f89.mp3,glass_breaking,mp3:glassbreak,Glass breaking_118_593135.mp3,97ed0f8900325b2c8e2f4e10ee04a7818f4a5ddf983a5ab35b915b63f460546a,train,original,categorized_audio\glass_breaking\SS01521_97ed0f89.mp3
SS01522,SS01522_78193b04.mp3,glass_breaking,mp3:glassbreak,Glass breaking_119_530392.mp3,78193b04a720d2907a3144f48caae68459aabb823dd5ec0de363192651f5eda4,train,original,categorized_audio\glass_breaking\SS01522_78193b04.mp3
SS01523,SS01523_0b9a97f3.mp3,glass_breaking,mp3:glassbreak,Glass breaking_120_479449.mp3,0b9a97f3efd66ce7dd1ffcaef4d4b0ed415b37debe994b76a4527f2ff843e514,train,original,categorized_audio\glass_breaking\SS01523_0b9a97f3.mp3
SS01524,SS01524_2edb59b0.mp3,glass_breaking,mp3:glassbreak,Glass breaking_121_347759.mp3,2edb59b08f4fbf7bfb4b7ba1bde59331ebae4597dc93070cf25b0d0c705cb402,train,original,categorized_audio\glass_breaking\SS01524_2edb59b0.mp3
SS01525,SS01525_6ade6ccd.mp3,glass_breaking,mp3:glassbreak,Glass breaking_122_321139.mp3,6ade6ccd58da899f211e0ce41fe9ea41629e468b3f0548d10b42c57e0a1ff5bf,train,original,categorized_audio\glass_breaking\SS01525_6ade6ccd.mp3
SS01529,SS01529_2ec0c915.mp3,glass_breaking,mp3:glassbreak,Glass breaking_126_595440.mp3,2ec0c9155efa59e561bb1a7830026e8f155860486a868538700711ad099499e3,train,original,categorized_audio\glass_breaking\SS01529_2ec0c915.mp3
SS01531,SS01531_7f0461eb.mp3,glass_breaking,mp3:glassbreak,Glass breaking_128_349240.mp3,7f0461eb8fffde873ba204c6915ffbb67266f5eda96784b9259e7d97b308d281,train,original,categorized_audio\glass_breaking\SS01531_7f0461eb.mp3
SS01534,SS01534_16443e95.mp3,glass_breaking,mp3:glassbreak,Glass breaking_131_369987.mp3,16443e95534a88285cdb0dfa78db9e05abea14e0df5a1c43136451801472e94c,train,original,categorized_audio\glass_breaking\SS01534_16443e95.mp3
SS01535,SS01535_2d2afe6e.mp3,glass_breaking,mp3:glassbreak,Glass breaking_132_327591.mp3,2d2afe6e15f8463b1d23f8c03f2d9378d4dac23abc7b616f2491cefe46c06953,train,original,categorized_audio\glass_breaking\SS01535_2d2afe6e.mp3
SS01536,SS01536_ab6a1fc6.mp3,glass_breaking,mp3:glassbreak,Glass breaking_133_321143.mp3,ab6a1fc6dc5c9590b41f57af9f38094bfd8df49938fff2fbcee688de021db697,train,original,categorized_audio\glass_breaking\SS01536_ab6a1fc6.mp3
SS01538,SS01538_b4706607.mp3,glass_breaking,mp3:glassbreak,Glass breaking_135_204185.mp3,b4706607cb4140b420e101f4d494f81e5b6669026eeb66dfe218fc0048ae866b,train,original,categorized_audio\glass_breaking\SS01538_b4706607.mp3
SS01539,SS01539_3cf72505.mp3,glass_breaking,mp3:glassbreak,Glass breaking_136_141563.mp3,3cf725050dd2a3685f0c80b165c22c63615059f3bb10695ae20ba3dd398bc7b4,train,original,categorized_audio\glass_breaking\SS01539_3cf72505.mp3
SS01541,SS01541_4ab2169c.mp3,glass_breaking,mp3:glassbreak,Glass breaking_138_68654.mp3,4ab2169cfe55e71964ca1a32cdf972a08f600c4460cf23d8603ed47b523a1ec7,train,original,categorized_audio\glass_breaking\SS01541_4ab2169c.mp3
SS01542,SS01542_c70d214e.mp3,glass_breaking,mp3:glassbreak,Glass breaking_139_548231.mp3,c70d214e9b1cc1f1729c243d68e180871c258c8f54da1e504ca33ce3c9dbd726,train,original,categorized_audio\glass_breaking\SS01542_c70d214e.mp3
SS01543,SS01543_81dc4c60.mp3,glass_breaking,mp3:glassbreak,Glass breaking_140_221531.mp3,81dc4c60690c988d245ddeaf7ac1f6cea9bf580f77d9bd38076818f3ec793033,train,original,categorized_audio\glass_breaking\SS01543_81dc4c60.mp3
SS01544,SS01544_3cba9f3f.mp3,glass_breaking,mp3:glassbreak,Glass breaking_141_221530.mp3,3cba9f3ff938d7d915a0ba57a96276aacbc5f951ef3971f7cffad58a7f584e5e,train,original,categorized_audio\glass_breaking\SS01544_3cba9f3f.mp3
SS01545,SS01545_9a5379dc.mp3,glass_breaking,mp3:glassbreak,Glass breaking_142_548230.mp3,9a5379dc1cb3e739055aff8dd4299cf53a6b0da4f54ba658cb5174fea7348e64,train,original,categorized_audio\glass_breaking\SS01545_9a5379dc.mp3
SS01546,SS01546_f160df9b.mp3,glass_breaking,mp3:glassbreak,Glass breaking_143_548232.mp3,f160df9b228f70eb07f9bedf084c5f6d8687984fa8a91f85484fe7e53afcfcdc,train,original,categorized_audio\glass_breaking\SS01546_f160df9b.mp3
SS01548,SS01548_09feba0b.mp3,glass_breaking,mp3:glassbreak,Glass breaking_145_221528.mp3,09feba0b93b4be57e9601fc55f72a77ac69735dbd480af941cdc49868bb76e97,train,original,categorized_audio\glass_breaking\SS01548_09feba0b.mp3
SS01549,SS01549_99ea8ee1.mp3,glass_breaking,mp3:glassbreak,Glass breaking_146_127542.mp3,99ea8ee1b841a5ec99f5523cb559dcb6c7363abf540cae66a38023f196422c5a,train,original,categorized_audio\glass_breaking\SS01549_99ea8ee1.mp3
SS01550,SS01550_9f822ced.mp3,glass_breaking,mp3:glassbreak,Glass breaking_147_523062.mp3,9f822ced1354e3f819cec3e06ca5679053a6fa2baceff6f6a0c6ebb9707d6133,train,original,categorized_audio\glass_breaking\SS01550_9f822ced.mp3
SS01551,SS01551_9592c205.mp3,glass_breaking,mp3:glassbreak,Glass breaking_148_523063.mp3,9592c205a069bc4e434c2e887b52d72f3e1fa5b93506e75e0547c8813bad926f,train,original,categorized_audio\glass_breaking\SS01551_9592c205.mp3
SS01552,SS01552_18d2e1f0.mp3,glass_breaking,mp3:glassbreak,Glass breaking_149_158140.mp3,18d2e1f09bd02cfd1433f0bfd4aabd840c8bfffb0d6c0c3ac0d582bce197fd70,train,original,categorized_audio\glass_breaking\SS01552_18d2e1f0.mp3
SS01553,SS01553_4b0068bd.mp3,glass_breaking,mp3:glassbreak,Glass breaking_150_483590.mp3,4b0068bdcef01eb18dc30c4402a7f3e866772d4e5e60c4753202c59bcbd632e7,train,original,categorized_audio\glass_breaking\SS01553_4b0068bd.mp3
SS01554,SS01554_20e33187.mp3,glass_breaking,mp3:glassbreak,Glass breaking_151_161309.mp3,20e33187bdf39a1a329982698a779b059f9ca344def88dc806edb32f5cfa9ded,train,original,categorized_audio\glass_breaking\SS01554_20e33187.mp3
SS01556,SS01556_fbd2590b.mp3,glass_breaking,mp3:glassbreak,Glass breaking_153_127543.mp3,fbd2590ba64fd64e04ed6f32e0ccc626966159a8a26ba39b5c188791794711bb,train,original,categorized_audio\glass_breaking\SS01556_fbd2590b.mp3
SS01562,SS01562_679c6d91.mp3,glass_breaking,mp3:glassbreak,Glass breaking_159_179264.mp3,679c6d9138c2877e042887316b4612d4e3eddedf4075817a52b37ad8031a4a10,train,original,categorized_audio\glass_breaking\SS01562_679c6d91.mp3
SS01563,SS01563_5bc227d6.mp3,glass_breaking,mp3:glassbreak,Glass breaking_160_863261.mp3,5bc227d65312c255eb446b8c8eee89e053ceb5ad549e924de3a6c0059fb96bc9,train,original,categorized_audio\glass_breaking\SS01563_5bc227d6.mp3
SS01564,SS01564_f1855442.mp3,glass_breaking,mp3:glassbreak,Glass breaking_161_847085.mp3,f185544291f73edf2df43429e03f0c744c5be31f08c2239339f9e59168b635d8,train,original,categorized_audio\glass_breaking\SS01564_f1855442.mp3
SS01565,SS01565_663c6c58.mp3,glass_breaking,mp3:glassbreak,Glass breaking_162_686609.mp3,663c6c582e13ac024820c253f3d48809fde7749ab2f9825df182d83418c0e507,train,original,categorized_audio\glass_breaking\SS01565_663c6c58.mp3
SS01566,SS01566_b355485f.mp3,glass_breaking,mp3:glassbreak,Glass breaking_163_680148.mp3,b355485f49c5fe11113aa42bbcc19a09d8ddf13c45ab75e314a579f8c2fabaae,train,original,categorized_audio\glass_breaking\SS01566_b355485f.mp3
SS01568,SS01568_daf56fa9.mp3,glass_breaking,mp3:glassbreak,Glass breaking_165_655657.mp3,daf56fa90773a65e5376f417e268e5100d0f3e231f347b0d190b36ccad98038c,train,original,categorized_audio\glass_breaking\SS01568_daf56fa9.mp3
SS01569,SS01569_7603a6f0.mp3,glass_breaking,mp3:glassbreak,Glass breaking_166_655285.mp3,7603a6f09a59e542eab9b670e2fe209882ab438b0deef9fa624da7247b502e33,train,original,categorized_audio\glass_breaking\SS01569_7603a6f0.mp3
SS01570,SS01570_0f4b24b4.mp3,glass_breaking,mp3:glassbreak,Glass breaking_167_653974.mp3,0f4b24b492ffbb13a9c66fd31e90fc2e2b4e4667d41b6673db7b7f2c8859dc4c,train,original,categorized_audio\glass_breaking\SS01570_0f4b24b4.mp3
SS01571,SS01571_4fa7cf2e.mp3,glass_breaking,mp3:glassbreak,Glass breaking_168_542426.mp3,4fa7cf2eebebbf5013cb353228a700014efeb17c690a47bfbc0713452946facf,train,original,categorized_audio\glass_breaking\SS01571_4fa7cf2e.mp3
SS01572,SS01572_b8a7d8cd.mp3,glass_breaking,mp3:glassbreak,Glass breaking_169_536763.mp3,b8a7d8cdadc7e1af3ec0fd58af81deab1acdaba9d6604059dfe513f196dc5e64,train,original,categorized_audio\glass_breaking\SS01572_b8a7d8cd.mp3
SS01575,SS01575_0ebd701b.mp3,glass_breaking,mp3:glassbreak,Glass breaking_172_434450.mp3,0ebd701b94c86c52f9cf4b02d3e24d0edeadd941a5a62850906eb6e3ac550940,train,original,categorized_audio\glass_breaking\SS01575_0ebd701b.mp3
SS01576,SS01576_a9aa1f7f.mp3,glass_breaking,mp3:glassbreak,Glass breaking_173_434448.mp3,a9aa1f7f50c36104586939b5252fbc57a9afe8c6bdb807a2828519b3081690df,train,original,categorized_audio\glass_breaking\SS01576_a9aa1f7f.mp3
SS01577,SS01577_d97410af.mp3,glass_breaking,mp3:glassbreak,Glass breaking_174_434447.mp3,d97410afe630169d6fafbd0a07a634ea482835e7f08107c75e0a922068e3b2bb,train,original,categorized_audio\glass_breaking\SS01577_d97410af.mp3
SS01578,SS01578_8dab3a37.mp3,glass_breaking,mp3:glassbreak,Glass breaking_175_434446.mp3,8dab3a37bcaea50a875e808e19a7fb512ada3a01e7ad2b5b523bd42fb367fcbd,train,original,categorized_audio\glass_breaking\SS01578_8dab3a37.mp3
SS01579,SS01579_15a55d09.mp3,glass_breaking,mp3:glassbreak,Glass breaking_176_434445.mp3,15a55d094b156c90331c8662dcaef1f3250262e46d7198c93644066d93dfd62b,train,original,categorized_audio\glass_breaking\SS01579_15a55d09.mp3
SS01581,SS01581_05a57723.mp3,glass_breaking,mp3:glassbreak,Glass breaking_178_434440.mp3,05a5772341594a04c14ed992a19ac17b308c1f5a158821ce54e297208e221f24,train,original,categorized_audio\glass_breaking\SS01581_05a57723.mp3
SS01583,SS01583_31f7ddaf.mp3,glass_breaking,mp3:glassbreak,Glass breaking_180_434437.mp3,31f7ddaf697c84fac00329204ab02984da88faf036a309c1b348d3597a9da20a,train,original,categorized_audio\glass_breaking\SS01583_31f7ddaf.mp3
SS01585,SS01585_66e52f96.mp3,glass_breaking,mp3:glassbreak,Glass breaking_182_566450.mp3,66e52f961aa36dda311d8545486e286a7dc6317bd0f4eb323c0761d7c604e130,train,original,categorized_audio\glass_breaking\SS01585_66e52f96.mp3
SS01587,SS01587_7562e3e4.mp3,glass_breaking,mp3:glassbreak,Glass breaking_184_566447.mp3,7562e3e4dc4db67d7302d6e23f3e0ec47ce813b86ad1e715807a77c82735d228,train,original,categorized_audio\glass_breaking\SS01587_7562e3e4.mp3
SS01588,SS01588_e52d4166.mp3,glass_breaking,mp3:glassbreak,Glass breaking_185_566446.mp3,e52d4166255311996f82e6e78c94dd23c19c30ee0f25d78ee85623befaa38fcc,train,original,categorized_audio\glass_breaking\SS01588_e52d4166.mp3
SS01590,SS01590_6d98ceaa.mp3,glass_breaking,mp3:glassbreak,Glass breaking_187_522228.mp3,6d98ceaa7602fc64860f6785563a6c78ced5e48e62c29476810447adf6ce46a1,train,original,categorized_audio\glass_breaking\SS01590_6d98ceaa.mp3
SS01592,SS01592_ab85821f.mp3,glass_breaking,mp3:glassbreak,Glass breaking_189_519345.mp3,ab85821fe1dc76fb1c6a0f1fd02ed31ff74f9e0f137054c5e2434851b07c7359,train,original,categorized_audio\glass_breaking\SS01592_ab85821f.mp3
SS01593,SS01593_206d709d.mp3,glass_breaking,mp3:glassbreak,Glass breaking_190_828100.mp3,206d709d63ebab6e69fa0d44506e37173372ca41dcca6622a947fafe57ba80c9,train,original,categorized_audio\glass_breaking\SS01593_206d709d.mp3
SS01594,SS01594_cb3fbe8c.mp3,glass_breaking,mp3:glassbreak,Glass breaking_191_179251.mp3,cb3fbe8cfed98412ce0e0b69c8f04c34ef90041ba947087d41517137d73885f6,train,original,categorized_audio\glass_breaking\SS01594_cb3fbe8c.mp3
SS01595,SS01595_69d78ffb.mp3,glass_breaking,mp3:glassbreak,Glass breaking_192_434449.mp3,69d78ffbf80664798fd5ebb86d3d2234b76e66ba48b5a0a1b70581b022820ffe,train,original,categorized_audio\glass_breaking\SS01595_69d78ffb.mp3
SS01596,SS01596_29b2c8dd.mp3,glass_breaking,mp3:glassbreak,Glass breaking_193_434444.mp3,29b2c8ddad1421138b0236945edf998d42963bbf66803de09c4b13b165ade067,train,original,categorized_audio\glass_breaking\SS01596_29b2c8dd.mp3
SS01598,SS01598_80a4780a.mp3,glass_breaking,mp3:glassbreak,Glass breaking_195_434442.mp3,80a4780a54564e240724751ce35c25ae9395206a02eefd6ebc04a3367f156e6d,train,original,categorized_audio\glass_breaking\SS01598_80a4780a.mp3
SS01601,SS01601_5488c80a.mp3,glass_breaking,mp3:glassbreak,Glass breaking_198_778590.mp3,5488c80aef03b2a130e73cffbfc42e3d41a0240b525e8ba945d07a4f082b0ea4,train,original,categorized_audio\glass_breaking\SS01601_5488c80a.mp3
SS01603,SS01603_710ab070.mp3,glass_breaking,mp3:glassbreak,Glass breaking_200_778588.mp3,710ab07029752f481c0b257329bfc2d2c6a3ae6bab18996d68220d31dd0c63de,train,original,categorized_audio\glass_breaking\SS01603_710ab070.mp3
SS01607,SS01607_99e13add.mp3,glass_breaking,mp3:glassbreak,Glass breaking_204_344267.mp3,99e13add2f02f5207aef73664bc5daac59489829c59cee791179e682375073f6,train,original,categorized_audio\glass_breaking\SS01607_99e13add.mp3
SS01608,SS01608_db6d659a.mp3,glass_breaking,mp3:glassbreak,Glass breaking_205_344265.mp3,db6d659a66f04dedba428b380b6b2b9174660283d25d55c15c7b8a66294058f4,train,original,categorized_audio\glass_breaking\SS01608_db6d659a.mp3
SS01609,SS01609_119b8513.mp3,glass_breaking,mp3:glassbreak,Glass breaking_206_179263.mp3,119b85132040b5f8915974a5190d34e2b0ac9b39c816d49294cb4233ae39b4a2,train,original,categorized_audio\glass_breaking\SS01609_119b8513.mp3
SS01611,SS01611_243a61bb.mp3,glass_breaking,mp3:glassbreak,Glass breaking_208_179260.mp3,243a61bb047ec2516ea9f2ba83a7ed4471086e4e6e92df1ac50fb79ec5ef2ce8,train,original,categorized_audio\glass_breaking\SS01611_243a61bb.mp3
SS01612,SS01612_9e0c9bb4.mp3,glass_breaking,mp3:glassbreak,Glass breaking_209_179259.mp3,9e0c9bb42bb35c7037ba267341913d2f5f5f6c40edf23d01878908ec3d9a7b63,train,original,categorized_audio\glass_breaking\SS01612_9e0c9bb4.mp3
SS01614,SS01614_ad29593c.mp3,glass_breaking,mp3:glassbreak,Glass breaking_211_179257.mp3,ad29593c7127c5bd5b5d39287d6ebf272896c7efc4b94ad38c23b537092774c8,train,original,categorized_audio\glass_breaking\SS01614_ad29593c.mp3
SS01615,SS01615_7a8e8fcf.mp3,glass_breaking,mp3:glassbreak,Glass breaking_212_179256.mp3,7a8e8fcf97dfa5f50048dc094f1afd14be5ed24eaca320685ec03320ae92dbbb,train,original,categorized_audio\glass_breaking\SS01615_7a8e8fcf.mp3
SS01616,SS01616_28f5dabd.mp3,glass_breaking,mp3:glassbreak,Glass breaking_213_179250.mp3,28f5dabd53e965265cbf17e3a2cc675c8df843b4e6ebc43cab66753a0c1270ef,train,original,categorized_audio\glass_breaking\SS01616_28f5dabd.mp3
SS01619,SS01619_041870ab.mp3,glass_breaking,mp3:glassbreak,Glass breaking_216_179237.mp3,041870ab1ad1d87d9eea34ae6160e9feea466ac32a29d9f3497029eb6a1e4ea3,train,original,categorized_audio\glass_breaking\SS01619_041870ab.mp3
SS01620,SS01620_ea0e6a0a.mp3,glass_breaking,mp3:glassbreak,Glass breaking_217_566452.mp3,ea0e6a0a3e37b9a1d9811b86c9f16acc0cdeabf699ff7df0a35fd3153c55dc60,train,original,categorized_audio\glass_breaking\SS01620_ea0e6a0a.mp3
SS01622,SS01622_1333f726.mp3,glass_breaking,mp3:glassbreak,Glass breaking_219_778591.mp3,1333f7260b60307c9c885f7064e96842d2b71763b6ee0aa44c8dc522d2961d58,train,original,categorized_audio\glass_breaking\SS01622_1333f726.mp3
SS01623,SS01623_fb2650ab.mp3,glass_breaking,mp3:glassbreak,Glass breaking_220_778593.mp3,fb2650ab52f23025e32707f00e44d4499ee85f32dba44166044fb71e263c0012,train,original,categorized_audio\glass_breaking\SS01623_fb2650ab.mp3
SS01624,SS01624_a4dcb687.mp3,glass_breaking,mp3:glassbreak,Glass breaking_221_344271.mp3,a4dcb687b72deb089612eca2c0f4cbb741cfe3c37819274c47cb08ee4e10a3d7,train,original,categorized_audio\glass_breaking\SS01624_a4dcb687.mp3
SS01626,SS01626_8abc281e.mp3,glass_breaking,mp3:glassbreak,Glass breaking_223_344268.mp3,8abc281e14f34681af9eef0f581e2e2874548c94ffe0ca761020190442f4bf06,train,original,categorized_audio\glass_breaking\SS01626_8abc281e.mp3
SS01627,SS01627_3477c4a4.mp3,glass_breaking,mp3:glassbreak,Glass breaking_224_344266.mp3,3477c4a446894dc8a6c9d6d20aeae859de93490c8eb4592152d0883878cc7316,train,original,categorized_audio\glass_breaking\SS01627_3477c4a4.mp3
SS01628,SS01628_01c436f7.mp3,glass_breaking,mp3:glassbreak,Glass breaking_225_369070.mp3,01c436f7ea79abc1156027a7824eda0c11a28d0d57f7ec1cd8d0731eef0d6da0,train,original,categorized_audio\glass_breaking\SS01628_01c436f7.mp3
SS01629,SS01629_765263df.mp3,glass_breaking,mp3:glassbreak,Glass breaking_226_522227.mp3,765263dff237007dbd400f68486a53560f6958afa39694c209f2e023498f4fce,train,original,categorized_audio\glass_breaking\SS01629_765263df.mp3
SS01630,SS01630_6b03bbfd.mp3,glass_breaking,mp3:glassbreak,Glass breaking_227_347648.mp3,6b03bbfde670d65a888e8e500e2b2d9fb96d05baf3db52c9830af28bd9985217,train,original,categorized_audio\glass_breaking\SS01630_6b03bbfd.mp3
SS01631,SS01631_f9376fcc.mp3,glass_breaking,mp3:glassbreak,Glass breaking_228_344272.mp3,f9376fcc36436e5b49d441a0a450f55a44163d8826a4ae613ce78dc954cb3e0a,train,original,categorized_audio\glass_breaking\SS01631_f9376fcc.mp3
SS01632,SS01632_09141aa2.mp3,glass_breaking,mp3:glassbreak,Glass breaking_229_326422.mp3,09141aa2febf4e8d9dd154a592e7263070413f0c9c629f312ede15f9d52770d5,train,original,categorized_audio\glass_breaking\SS01632_09141aa2.mp3
SS01634,SS01634_5e8d3f6a.mp3,glass_breaking,mp3:glassbreak,Glass breaking_231_232176.mp3,5e8d3f6ab706511db1bd5f64434bb3268fbf941227361d52e5f4857bac328638,train,original,categorized_audio\glass_breaking\SS01634_5e8d3f6a.mp3
SS01636,SS01636_5f313d51.mp3,glass_breaking,mp3:glassbreak,Glass breaking_233_176650.mp3,5f313d51b8141f61ee5cdd89d0dc803642c0a1a9bb51f87b58788a4e37f7d541,train,original,categorized_audio\glass_breaking\SS01636_5f313d51.mp3
SS01638,SS01638_79f0ff93.mp3,glass_breaking,mp3:glassbreak,Glass breaking_235_71947.mp3,79f0ff9321becbfb12df853276252035c1e1f43309750133fdd9528b60d2fa74,train,original,categorized_audio\glass_breaking\SS01638_79f0ff93.mp3
SS01639,SS01639_c3f60951.mp3,glass_breaking,mp3:glassbreak,Glass breaking_236_65902.mp3,c3f609511b018f5e30ae021d370d9efdfeff7342c7a9432763c9229dd3cdd6ca,train,original,categorized_audio\glass_breaking\SS01639_c3f60951.mp3
SS01640,SS01640_2ee362b5.mp3,glass_breaking,mp3:glassbreak,Glass breaking_237_378568.mp3,2ee362b527bd16708010c90c5c56a17d3c37d537be296a7659f2940d7afdd8cc,train,original,categorized_audio\glass_breaking\SS01640_2ee362b5.mp3
SS01644,SS01644_e2c361e0.mp3,glass_breaking,mp3:glassbreak,Glass breaking_241_789213.mp3,e2c361e0e3be192031e81aaca2ee69fbb3454e27552bfb55e6a86e976efbb30f,train,original,categorized_audio\glass_breaking\SS01644_e2c361e0.mp3
SS01645,SS01645_ec1bf6a8.mp3,glass_breaking,mp3:glassbreak,Glass breaking_242_765050.mp3,ec1bf6a82e8dab31e0b574779a82e2abcbf80880921f3fdcb860af9cf377b343,train,original,categorized_audio\glass_breaking\SS01645_ec1bf6a8.mp3
SS01647,SS01647_920bdb26.mp3,glass_breaking,mp3:glassbreak,Glass breaking_244_733801.mp3,920bdb2679f18334178b7c7bca800906fdae459da57c150fb78bdae462ce9ef3,train,original,categorized_audio\glass_breaking\SS01647_920bdb26.mp3
SS01648,SS01648_5352f387.mp3,glass_breaking,mp3:glassbreak,Glass breaking_245_733800.mp3,5352f387837d6cca4f8e6e4a180496e473360f5ccdad186306a787608bb2fd54,train,original,categorized_audio\glass_breaking\SS01648_5352f387.mp3
SS01649,SS01649_59a7ce5d.mp3,glass_breaking,mp3:glassbreak,Glass breaking_246_696071.mp3,59a7ce5d7f8f3f48d3b1f95ed2d9be90039cf9e1aee7f2111d24142e278a6bab,train,original,categorized_audio\glass_breaking\SS01649_59a7ce5d.mp3
SS01650,SS01650_8311d3fc.mp3,glass_breaking,mp3:glassbreak,Glass breaking_247_673770.mp3,8311d3fcd397e92529025e7f53dcc5883c3223c83121c1fafb7eabffcb746c21,train,original,categorized_audio\glass_breaking\SS01650_8311d3fc.mp3
SS01651,SS01651_f6c04462.mp3,glass_breaking,mp3:glassbreak,Glass breaking_248_660214.mp3,f6c04462b12722ad69f5b71e0f5cbbd7577a88a38b39a511d647abedd640eb19,train,original,categorized_audio\glass_breaking\SS01651_f6c04462.mp3
SS01653,SS01653_6469b68b.mp3,glass_breaking,mp3:glassbreak,Glass breaking_250_654285.mp3,6469b68b3669875a2ad5389e226a643a749486bdbc6ed37869a64eed9cf9f64b,train,original,categorized_audio\glass_breaking\SS01653_6469b68b.mp3
SS01654,SS01654_4e77321c.mp3,glass_breaking,mp3:glassbreak,Glass breaking_251_607910.mp3,4e77321c531618e1b20fd74aedc4cfdf59d1cc0700227705082339b47df00a23,train,original,categorized_audio\glass_breaking\SS01654_4e77321c.mp3
SS01657,SS01657_858739c0.mp3,glass_breaking,mp3:glassbreak,Glass breaking_254_574812.mp3,858739c0578836a2557fff4bd6033098810164384fcf0885d369ad07c2ac3d89,train,original,categorized_audio\glass_breaking\SS01657_858739c0.mp3
SS01658,SS01658_47dc6a5c.mp3,glass_breaking,mp3:glassbreak,Glass breaking_255_566453.mp3,47dc6a5c4d3523d3324026dbbb4d1a3db297ad8827e461fe442d33608ce059f8,train,original,categorized_audio\glass_breaking\SS01658_47dc6a5c.mp3
SS01660,SS01660_b8ff0baa.mp3,glass_breaking,mp3:glassbreak,Glass breaking_257_540451.mp3,b8ff0baaf2eb2c84a0c5792cb99191523b00f4230e652041508abcf649c4cf8c,train,original,categorized_audio\glass_breaking\SS01660_b8ff0baa.mp3
SS01661,SS01661_a0bead0a.mp3,glass_breaking,mp3:glassbreak,Glass breaking_258_540450.mp3,a0bead0a3ffcf8b5f2e96145b2c6eb594c276da44c625d7cd55c60b3c51b84f0,train,original,categorized_audio\glass_breaking\SS01661_a0bead0a.mp3
SS01662,SS01662_89acecbb.mp3,glass_breaking,mp3:glassbreak,Glass breaking_259_529301.mp3,89acecbb78c5597b314a408ad3d67d6c11e93fea273b00ba8eb5a6ef91cfd9f6,train,original,categorized_audio\glass_breaking\SS01662_89acecbb.mp3
SS01663,SS01663_91ee73f0.mp3,glass_breaking,mp3:glassbreak,Glass breaking_260_522230.mp3,91ee73f059fac41b44878353ed659e891a32796ad66694d37309c3f35eff0f5a,train,original,categorized_audio\glass_breaking\SS01663_91ee73f0.mp3
SS01664,SS01664_4d6a14e2.mp3,glass_breaking,mp3:glassbreak,Glass breaking_261_519350.mp3,4d6a14e2e71d868898d4d5041ec249bedb7dc08f0d143bb3b341d1597871f3d9,train,original,categorized_audio\glass_breaking\SS01664_4d6a14e2.mp3
SS01665,SS01665_42e9cb8f.mp3,glass_breaking,mp3:glassbreak,Glass breaking_262_490078.mp3,42e9cb8f83da8f4c88e4e842ddd60e5375c2363a51b18fbb4c0465e222eb9595,train,original,categorized_audio\glass_breaking\SS01665_42e9cb8f.mp3
SS01667,SS01667_87a8e1d1.mp3,glass_breaking,mp3:glassbreak,Glass breaking_264_437623.mp3,87a8e1d1517935ac9dd53fd2ec917805df5f1915b0cf04a11d1ba3a9a44015b9,train,original,categorized_audio\glass_breaking\SS01667_87a8e1d1.mp3
SS01668,SS01668_b650601e.mp3,glass_breaking,mp3:glassbreak,Glass breaking_265_434451.mp3,b650601ec35676bd83e9495e4048853d711be741f463307ebf41b418e01e39d8,train,original,categorized_audio\glass_breaking\SS01668_b650601e.mp3
SS01669,SS01669_9c842a2b.mp3,glass_breaking,mp3:glassbreak,Glass breaking_266_393160.mp3,9c842a2bb0ac8cc3824705c3c0dac65c67275480e40ed656567182ac4bad8bbb,train,original,categorized_audio\glass_breaking\SS01669_9c842a2b.mp3
SS01670,SS01670_3251fc44.mp3,glass_breaking,mp3:glassbreak,Glass breaking_267_610189.mp3,3251fc44804ff96fa62099e5039bca07e082dfce8e3717da14b3e265e3f590b4,train,original,categorized_audio\glass_breaking\SS01670_3251fc44.mp3
SS01671,SS01671_584bd85a.mp3,glass_breaking,mp3:glassbreak,Glass breaking_268_118515.mp3,584bd85a8e31ec1679e8b3be589933fb2a5dc5776496ab49f41d2ec1a70755ab,train,original,categorized_audio\glass_breaking\SS01671_584bd85a.mp3
SS01672,SS01672_f6814085.mp3,glass_breaking,mp3:glassbreak,Glass breaking_269_385946.mp3,f681408577c8934ed26827724ad28f281fe7706eed51a5d13482faf1060d40f8,train,original,categorized_audio\glass_breaking\SS01672_f6814085.mp3
SS01673,SS01673_df4c2ea8.mp3,glass_breaking,mp3:glassbreak,Glass breaking_270_610188.mp3,df4c2ea828d4164b0af807ecae0eb22d208b1ceed2cdea6e3443443cee50c134,train,original,categorized_audio\glass_breaking\SS01673_df4c2ea8.mp3
SS01675,SS01675_318efdc0.mp3,glass_breaking,mp3:glassbreak,Glass breaking_272_807438.mp3,318efdc088c31df4a261fcfcaae1b615ea4848f59009f186a524103169260ddd,train,original,categorized_audio\glass_breaking\SS01675_318efdc0.mp3
SS01676,SS01676_4bf7257b.mp3,glass_breaking,mp3:glassbreak,Glass breaking_273_216299.mp3,4bf7257b0b1e21241d77e71b950370f576e392ff0de59b21b03191ce18f1b31a,train,original,categorized_audio\glass_breaking\SS01676_4bf7257b.mp3
SS01677,SS01677_d6eb3b79.mp3,glass_breaking,mp3:glassbreak,Glass breaking_274_216298.mp3,d6eb3b793b6b561c7d4c638ac817c9d51f1c2a9f9205d86d25100fd4d52f880d,train,original,categorized_audio\glass_breaking\SS01677_d6eb3b79.mp3
SS01679,SS01679_1642936b.mp3,glass_breaking,mp3:glassbreak,Glass breaking_276_216296.mp3,1642936b0488dd63c9ee51f9ae9dfae9c0b996791d197d40ccd5a0dd021fd3e7,train,original,categorized_audio\glass_breaking\SS01679_1642936b.mp3
SS01681,SS01681_7b126fae.mp3,glass_breaking,mp3:glassbreak,Glass breaking_278_216294.mp3,7b126fae6625e532dfaef72e41f15e4e8d2185de5933e969762892a0a9324273,train,original,categorized_audio\glass_breaking\SS01681_7b126fae.mp3
SS01682,SS01682_b264e0cc.mp3,glass_breaking,mp3:glassbreak,Glass breaking_279_216293.mp3,b264e0cc5e20fc792c2ce28b0f9360eaf096fa35471edee0cd0cef88ce787c71,train,original,categorized_audio\glass_breaking\SS01682_b264e0cc.mp3
SS01683,SS01683_1b970e14.mp3,glass_breaking,mp3:glassbreak,Glass breaking_280_216292.mp3,1b970e140e5e155a96d1e9791f868c5b1341569902c0269106983db1074c2c18,train,original,categorized_audio\glass_breaking\SS01683_1b970e14.mp3
SS01686,SS01686_8988890f.mp3,glass_breaking,mp3:glassbreak,Glass breaking_283_216289.mp3,8988890f537257fb32c95dfeed0166dee14c8777a543c97852d6867334137614,train,original,categorized_audio\glass_breaking\SS01686_8988890f.mp3
SS01688,SS01688_c1678591.mp3,glass_breaking,mp3:glassbreak,Glass breaking_285_216287.mp3,c16785910d42d2b6d310f2232cf62420e52d7901b83db1f7e6636449eac8a656,train,original,categorized_audio\glass_breaking\SS01688_c1678591.mp3
SS01690,SS01690_c7b4ddb4.mp3,glass_breaking,mp3:glassbreak,Glass breaking_287_216285.mp3,c7b4ddb401fbde6d0046580000eb836c2f82847cc50fc2244c0c417998e67c8c,train,original,categorized_audio\glass_breaking\SS01690_c7b4ddb4.mp3
SS01692,SS01692_4bfaf206.mp3,glass_breaking,mp3:glassbreak,Glass breaking_289_216283.mp3,4bfaf2061e3d2f1ef98ee863b94490d39ff686fa52828ab0a8a1b19f579cc52b,train,original,categorized_audio\glass_breaking\SS01692_4bfaf206.mp3
SS01694,SS01694_687d19cf.mp3,glass_breaking,mp3:glassbreak,Glass breaking_291_216281.mp3,687d19cf48680821e3bcfe3b0df2425112577b4ad2e63895b491de3f90762d51,train,original,categorized_audio\glass_breaking\SS01694_687d19cf.mp3
SS01695,SS01695_8c27eac1.mp3,glass_breaking,mp3:glassbreak,Glass breaking_292_216280.mp3,8c27eac12647b3eba9cc64bc754a419842c0c0dbffcfbc98e8cb72e1fad8d23c,train,original,categorized_audio\glass_breaking\SS01695_8c27eac1.mp3
SS01697,SS01697_939df6ff.mp3,glass_breaking,mp3:glassbreak,Glass breaking_294_735853.mp3,939df6ff718729ba89afb7abaf63d17996f759cf0ffde3c1df1caf3c3cbd87d4,train,original,categorized_audio\glass_breaking\SS01697_939df6ff.mp3
SS01698,SS01698_d74dea67.mp3,glass_breaking,mp3:glassbreak,Glass breaking_295_735852.mp3,d74dea67671e1d25c90fb1a0765db35d26f1386dbdc146a9cdc8012a4e70a0a8,train,original,categorized_audio\glass_breaking\SS01698_d74dea67.mp3
SS01699,SS01699_13272cd0.mp3,glass_breaking,mp3:glassbreak,Glass breaking_296_735851.mp3,13272cd0626b403d7275966a7a5aa01b5e028d530d5109632658f835dad0f835,train,original,categorized_audio\glass_breaking\SS01699_13272cd0.mp3
SS01701,SS01701_7728aa76.mp3,glass_breaking,mp3:glassbreak,Glass breaking_298_390738.mp3,7728aa7656d30c874ee62e5cc92e1247958c9448fb9ca0b20b5068399587868f,train,original,categorized_audio\glass_breaking\SS01701_7728aa76.mp3
SS01702,SS01702_8d5e6c63.mp3,glass_breaking,mp3:glassbreak,Glass breaking_299_390737.mp3,8d5e6c635cecf8712a48e8637dbe8871620a592b7915572563bd88ea739da877,train,original,categorized_audio\glass_breaking\SS01702_8d5e6c63.mp3
SS01703,SS01703_605e90ea.mp3,glass_breaking,mp3:glassbreak,Glass breaking_300_127544.mp3,605e90eaed63970cda8c327290ec3009a2cd2aaf7dd71097dc5966709c93e856,train,original,categorized_audio\glass_breaking\SS01703_605e90ea.mp3
SS01704,SS01704_1ab84ab7.mp3,person_asking_for_help,mp3:help,help_001_647542.mp3,1ab84ab795c09cf79f3d2c254e78bdf5baddd99e519d3bcf611d12bcd6ceeec8,train,original,categorized_audio\person_asking_for_help\SS01704_1ab84ab7.mp3
SS01705,SS01705_e8acb2f3.mp3,person_asking_for_help,mp3:help,help_002_331366.mp3,e8acb2f31f83d077f1738fe8fa006564b26adc3be3f7c05c36d9f5d0ea6e4a36,train,original,categorized_audio\person_asking_for_help\SS01705_e8acb2f3.mp3
SS01706,SS01706_f36616d7.mp3,person_asking_for_help,mp3:help,help_003_331367.mp3,f36616d7383f53bf56579a153102289d65418283570acd3ffb4f6b66626cc3da,train,original,categorized_audio\person_asking_for_help\SS01706_f36616d7.mp3
SS01707,SS01707_e8c3c4e7.mp3,person_asking_for_help,mp3:help,help_004_331368.mp3,e8c3c4e7827c945b4ad1b5df3bc839e61d24b6650565a7a50979c7b6cddb4384,train,original,categorized_audio\person_asking_for_help\SS01707_e8c3c4e7.mp3
SS01708,SS01708_6e9af305.mp3,person_asking_for_help,mp3:help,help_005_399126.mp3,6e9af305270b8423e74487f4a7730f442b456c8a9c83d60823f5d35f99a8915d,train,original,categorized_audio\person_asking_for_help\SS01708_6e9af305.mp3
SS01709,SS01709_0e2bef29.mp3,person_asking_for_help,mp3:help,help_006_693427.mp3,0e2bef2974aa52fe85e255036acc96c47c7b6589df1a054a08489f4845b75c5f,train,original,categorized_audio\person_asking_for_help\SS01709_0e2bef29.mp3
SS01710,SS01710_6398437d.mp3,person_asking_for_help,mp3:help,help_007_213283.mp3,6398437d8a2d450ca423096e77c44864bf801cb4a6fba12a221f866c214a40a8,train,original,categorized_audio\person_asking_for_help\SS01710_6398437d.mp3
SS01711,SS01711_2a08f4bc.mp3,person_asking_for_help,mp3:help,help_008_149421.mp3,2a08f4bc7c58c4f1fb6bc6a0e5626cc1d5117cd67f40f3ad49a92948bc9d9f55,train,original,categorized_audio\person_asking_for_help\SS01711_2a08f4bc.mp3
SS01712,SS01712_f9037f42.mp3,person_asking_for_help,mp3:help,help_009_331934.mp3,f9037f42755e36bd0396afa507d7206ef304031893d2760d98727814283595e8,train,original,categorized_audio\person_asking_for_help\SS01712_f9037f42.mp3
SS01713,SS01713_ddefb550.mp3,person_asking_for_help,mp3:help,help_010_87531.mp3,ddefb550920f1c8280139066b07619713f0675756a8547bf1ffb52418d2131e9,train,original,categorized_audio\person_asking_for_help\SS01713_ddefb550.mp3
SS01714,SS01714_035c88cc.mp3,person_asking_for_help,mp3:help,help_011_256030.mp3,035c88ccf09d537057bf888f18e6859f5882a1e42a11b52e1f6fd52bf20b892b,train,original,categorized_audio\person_asking_for_help\SS01714_035c88cc.mp3
SS01715,SS01715_96cc6b8a.mp3,person_asking_for_help,mp3:help,help_012_499630.mp3,96cc6b8a7745aadc1d5d02b56c65d805b8d4cb9b34fc4ce4f4eb535eca2f9c32,train,original,categorized_audio\person_asking_for_help\SS01715_96cc6b8a.mp3
SS01716,SS01716_f6279062.mp3,person_asking_for_help,mp3:help,help_013_217737.mp3,f6279062d9e39484f521c0860a506ff0bbba561f5a5e5c334b8abc2305144a8c,train,original,categorized_audio\person_asking_for_help\SS01716_f6279062.mp3
SS01718,SS01718_4760eb1a.mp3,person_asking_for_help,mp3:help,help_015_436424.mp3,4760eb1a89ffed9fb6cea6644a44c736f45edfdc2a3bfaec959150c9a5e52941,train,original,categorized_audio\person_asking_for_help\SS01718_4760eb1a.mp3
SS01719,SS01719_c78dc264.mp3,person_asking_for_help,mp3:help,help_016_546058.mp3,c78dc2641b1e5a60968f2a2a824cc0c75f29887bf54abeb39319769ce37acfd3,train,original,categorized_audio\person_asking_for_help\SS01719_c78dc264.mp3
SS01721,SS01721_53f215e0.mp3,person_asking_for_help,mp3:help,help_018_135161.mp3,53f215e05b77bc3280a3974320e260712bac7766b15ca4c240ad991080116163,train,original,categorized_audio\person_asking_for_help\SS01721_53f215e0.mp3
SS01722,SS01722_ad9fae83.mp3,person_asking_for_help,mp3:help,help_019_536882.mp3,ad9fae830b79be261aa03d4a73d9857b716b8c9949ea876abbbfe0b334f267d4,train,original,categorized_audio\person_asking_for_help\SS01722_ad9fae83.mp3
SS01726,SS01726_b35e6d5a.mp3,person_asking_for_help,mp3:help,help_023_696683.mp3,b35e6d5a210cc947cd627d055a85a9e011a39c203970faa853c9ba6759d49dc8,train,original,categorized_audio\person_asking_for_help\SS01726_b35e6d5a.mp3
SS01727,SS01727_c1b7e608.mp3,person_asking_for_help,mp3:help,help_024_814235.mp3,c1b7e608ed291f5bd0dc9cedf152a6c335e3f52e1b9b7e9bdd349d5247cde100,train,original,categorized_audio\person_asking_for_help\SS01727_c1b7e608.mp3
SS01729,SS01729_b6b0b49d.mp3,person_asking_for_help,mp3:help,help_026_811266.mp3,b6b0b49dedde3c6de8000a5fbbac0d1e426f870e593d185f49717a0442892d54,train,original,categorized_audio\person_asking_for_help\SS01729_b6b0b49d.mp3
SS01730,SS01730_89e93df1.mp3,person_asking_for_help,mp3:help,help_027_595445.mp3,89e93df1e00c6bbe3081307808b3da482d0ff7f363b7c6cf94fc510e3cb618fa,train,original,categorized_audio\person_asking_for_help\SS01730_89e93df1.mp3
SS01731,SS01731_796815c3.mp3,person_asking_for_help,mp3:help,help_028_351598.mp3,796815c3a654fd33bc9279b9100b6473b8af256927caffe6e2fe17c1e76775bd,train,original,categorized_audio\person_asking_for_help\SS01731_796815c3.mp3
SS01734,SS01734_3b51f5de.mp3,person_asking_for_help,mp3:help,help_031_122058.mp3,3b51f5de007e9d7aab33984f56762602cd2b41222a7727e55fdabee55351e448,train,original,categorized_audio\person_asking_for_help\SS01734_3b51f5de.mp3
SS01736,SS01736_61469236.mp3,person_asking_for_help,mp3:help,help_033_316648.mp3,6146923606194b2300a0248fc1710b1774910731ee47bf6b448c06e5d7f8c962,train,original,categorized_audio\person_asking_for_help\SS01736_61469236.mp3
SS01739,SS01739_a3617744.mp3,person_asking_for_help,mp3:help,help_036_514245.mp3,a3617744bffb51dbb62fce65bac122629ef9a390de9bbdf289e843ab103b1d6f,train,original,categorized_audio\person_asking_for_help\SS01739_a3617744.mp3
SS01744,SS01744_d3c344ca.mp3,person_asking_for_help,mp3:help,help_041_219020.mp3,d3c344ca080763d62725d27ee0a6852a6190d7a85678c23dea076d54b1de01e5,train,original,categorized_audio\person_asking_for_help\SS01744_d3c344ca.mp3
SS01745,SS01745_cf648598.mp3,person_asking_for_help,mp3:help,help_042_663917.mp3,cf648598ed00ac4322dadfa1e5d54ffa0599a00354e99a3ad8c31fb3a9d9716f,train,original,categorized_audio\person_asking_for_help\SS01745_cf648598.mp3
SS01746,SS01746_5e2a06e9.mp3,person_asking_for_help,mp3:help,help_043_151614.mp3,5e2a06e94d857295575573fa3b1bedd4133d9a9c9bc0764439053278be45d303,train,original,categorized_audio\person_asking_for_help\SS01746_5e2a06e9.mp3
SS01748,SS01748_2b2f06f7.mp3,person_asking_for_help,mp3:help,help_045_806074.mp3,2b2f06f7005bc69bbe0a92a1438fb1461107c67527eea28442fd56f8539185d0,train,original,categorized_audio\person_asking_for_help\SS01748_2b2f06f7.mp3
SS01749,SS01749_f68b7625.mp3,person_asking_for_help,mp3:help,help_046_405643.mp3,f68b76254d86238a16cf11d8494a43a925b453cedc85bf3e3da82564a8543ec0,train,original,categorized_audio\person_asking_for_help\SS01749_f68b7625.mp3
SS01751,SS01751_4d7fe6dc.mp3,person_asking_for_help,mp3:help,help_048_403326.mp3,4d7fe6dc4834c37ca6a7fd2a3011b8cfb83133a2e79fe4ebc4877a3097a6c3fa,train,original,categorized_audio\person_asking_for_help\SS01751_4d7fe6dc.mp3
SS01752,SS01752_d275a3bc.mp3,person_asking_for_help,mp3:help,help_049_132275.mp3,d275a3bcb1d4c025001bfe462af36d035ec3a961d27ff2ce6bbdc87ce9ad5551,train,original,categorized_audio\person_asking_for_help\SS01752_d275a3bc.mp3
SS01753,SS01753_338d7657.mp3,person_asking_for_help,mp3:help,help_050_535453.mp3,338d7657f34fef495b13ae8369d08a3a9e9daa9100229ea9cde06b1ae37a15f8,train,original,categorized_audio\person_asking_for_help\SS01753_338d7657.mp3
SS01754,SS01754_0ab3856f.mp3,person_asking_for_help,mp3:help,help_051_615018.mp3,0ab3856f75ba00d3b54580fbe269742deb43ae146a168de9853810e7ad0e12cb,train,original,categorized_audio\person_asking_for_help\SS01754_0ab3856f.mp3
SS01755,SS01755_76168e65.mp3,person_asking_for_help,mp3:help,help_052_240960.mp3,76168e651071c671f34c203088ce2d9e99a61d3634238c1d04c8f47d280a3f54,train,original,categorized_audio\person_asking_for_help\SS01755_76168e65.mp3
SS01757,SS01757_66716c42.mp3,person_asking_for_help,mp3:help,help_054_397124.mp3,66716c429ba77fd97866f43a054e2e05bd2c0cc4ceb57f6644837dd7c11f334c,train,original,categorized_audio\person_asking_for_help\SS01757_66716c42.mp3
SS01758,SS01758_e14ef2bd.mp3,person_asking_for_help,mp3:help,help_055_277510.mp3,e14ef2bd34085445ce1b3b11af0deca10e77a6a371f32681ca6f065a877ad2cf,train,original,categorized_audio\person_asking_for_help\SS01758_e14ef2bd.mp3
SS01759,SS01759_1fe13c03.mp3,person_asking_for_help,mp3:help,help_056_382012.mp3,1fe13c030ff222c5cd7ec48d7ff3e99ecd2b215e6e751662df6c4ee9f77ac402,train,original,categorized_audio\person_asking_for_help\SS01759_1fe13c03.mp3
SS01760,SS01760_7d2636b4.mp3,person_asking_for_help,mp3:help,help_057_315843.mp3,7d2636b40b114d3beea93397075b118708f2820b62c285d776c3d0ebdc7346d0,train,original,categorized_audio\person_asking_for_help\SS01760_7d2636b4.mp3
SS01761,SS01761_f221fa42.mp3,person_asking_for_help,mp3:help,help_058_863370.mp3,f221fa4210a445edb6f60306d2d3ab806b7ddc45d6c433670ff307c68a9e8223,train,original,categorized_audio\person_asking_for_help\SS01761_f221fa42.mp3
SS01762,SS01762_20b47ae3.mp3,person_asking_for_help,mp3:help,help_059_759051.mp3,20b47ae3941c4bf887ee20f7bef5490329df636bfb938e05b5aff7d0517e7b23,train,original,categorized_audio\person_asking_for_help\SS01762_20b47ae3.mp3
SS01763,SS01763_c8b7f012.mp3,person_asking_for_help,mp3:help,help_060_168815.mp3,c8b7f012ad3092853ba6ab250edaa4b22df038fc1e426a25f7324e1fe79a7ad1,train,original,categorized_audio\person_asking_for_help\SS01763_c8b7f012.mp3
SS01764,SS01764_45d8bea5.mp3,person_asking_for_help,mp3:help,help_061_776313.mp3,45d8bea514e431f2f5f32f9263dc3a5b5739ed8cfe694d99e0bbf50b0585ce92,train,original,categorized_audio\person_asking_for_help\SS01764_45d8bea5.mp3
SS01765,SS01765_fbcc248d.mp3,person_asking_for_help,mp3:help,help_062_394605.mp3,fbcc248da49b29c5b02700ca563b7ed165d61cd40f780385c93d926c06d59cbe,train,original,categorized_audio\person_asking_for_help\SS01765_fbcc248d.mp3
SS01766,SS01766_02b837fd.mp3,person_asking_for_help,mp3:help,help_063_394607.mp3,02b837fd40bb97bd9c81a5655bb177eb3263975f90108da6baca73b36e76de10,train,original,categorized_audio\person_asking_for_help\SS01766_02b837fd.mp3
SS01767,SS01767_69dc6f75.mp3,person_asking_for_help,mp3:help,help_064_326893.mp3,69dc6f7548f96c7c7dabcc184df3889630cefd314c936193e9b01695ad66eb48,train,original,categorized_audio\person_asking_for_help\SS01767_69dc6f75.mp3
SS01769,SS01769_804948cc.mp3,person_asking_for_help,mp3:help,help_066_422958.mp3,804948cce25b134b43cb7229f583023a3febdf81d2afd2f7769e267bb553cf93,train,original,categorized_audio\person_asking_for_help\SS01769_804948cc.mp3
SS01770,SS01770_1e8bc804.mp3,person_asking_for_help,mp3:help,help_067_422957.mp3,1e8bc8042fdc3d9520a5061ddc0ffeccac7f84ac77bb9f9a103e336354f57929,train,original,categorized_audio\person_asking_for_help\SS01770_1e8bc804.mp3
SS01771,SS01771_8363dd7e.mp3,person_asking_for_help,mp3:help,help_068_422952.mp3,8363dd7e7a8ec752deba46f9e99e0ce3d8eb91a162c8391e4cc8a95536e82efd,train,original,categorized_audio\person_asking_for_help\SS01771_8363dd7e.mp3
SS01772,SS01772_0c43d1c4.mp3,person_asking_for_help,mp3:help,help_069_418785.mp3,0c43d1c49281c95afc2a8cc829d1d81456f5b7320c1a05469b4d86542a290bb1,train,original,categorized_audio\person_asking_for_help\SS01772_0c43d1c4.mp3
SS01773,SS01773_6a1d0b8b.mp3,person_asking_for_help,mp3:help,help_070_418784.mp3,6a1d0b8b190fe9f1f554b4e9af401f29ab0f01222dc616793009e9081de45d74,train,original,categorized_audio\person_asking_for_help\SS01773_6a1d0b8b.mp3
SS01774,SS01774_0b929aae.mp3,person_asking_for_help,mp3:help,help_071_418783.mp3,0b929aaea80ce975a9faa6f4b2f3c647b218bc771c4c8049876fa44fffec97c4,train,original,categorized_audio\person_asking_for_help\SS01774_0b929aae.mp3
SS01775,SS01775_02de692b.mp3,person_asking_for_help,mp3:help,help_072_418782.mp3,02de692b51bccac71351d66ed30d494986dc57f70913be87b7910e9a809b0432,train,original,categorized_audio\person_asking_for_help\SS01775_02de692b.mp3
SS01777,SS01777_d237916b.mp3,person_asking_for_help,mp3:help,help_074_440643.mp3,d237916b7c1c2bcdd44f58924af386335fb927ce62ea4f9cb277bb5f26a60244,train,original,categorized_audio\person_asking_for_help\SS01777_d237916b.mp3
SS01778,SS01778_f6c0c0c6.mp3,person_asking_for_help,mp3:help,help_075_440642.mp3,f6c0c0c6cedc7bbc137ad1d3a76fc951b741a0f7fc05926cc8ddc0ed9b3d58a6,train,original,categorized_audio\person_asking_for_help\SS01778_f6c0c0c6.mp3
SS01779,SS01779_7f883c65.mp3,person_asking_for_help,mp3:help,help_076_414037.mp3,7f883c653f55857f0245401cde81355054209ae34da18c5a3021684cf7b65149,train,original,categorized_audio\person_asking_for_help\SS01779_7f883c65.mp3
SS01780,SS01780_cabd17bc.mp3,person_asking_for_help,mp3:help,help_077_447243.mp3,cabd17bcd1b94a171cff02340638de31becda33115ef1638649f3ea32ba060fe,train,original,categorized_audio\person_asking_for_help\SS01780_cabd17bc.mp3
SS01782,SS01782_6c1b5048.mp3,person_asking_for_help,mp3:help,help_079_771210.mp3,6c1b5048dad6ae60701b6b9c714d5521ba492ab709cc81463f5c863a363b0ce3,train,original,categorized_audio\person_asking_for_help\SS01782_6c1b5048.mp3
SS01784,SS01784_216d188c.mp3,person_asking_for_help,mp3:help,help_081_568162.mp3,216d188c4102352f14866c4b8f6b0a36b20d3b4be029d1f60d0c29e67f431956,train,original,categorized_audio\person_asking_for_help\SS01784_216d188c.mp3
SS01786,SS01786_2706c233.mp3,person_asking_for_help,mp3:help,help_083_568160.mp3,2706c2339e6315c0fdc168e5356ec88daffd4e5a95f52a6ed3dfd62ef23badff,train,original,categorized_audio\person_asking_for_help\SS01786_2706c233.mp3
SS01787,SS01787_edf03cb0.mp3,person_asking_for_help,mp3:help,help_084_567226.mp3,edf03cb063270296bec67e57e23786ae7ec95c075517140653e82d823c13f76a,train,original,categorized_audio\person_asking_for_help\SS01787_edf03cb0.mp3
SS01791,SS01791_a07c9031.mp3,person_asking_for_help,mp3:help,help_088_567218.mp3,a07c90318c3c1a6ef8afccd78dd8baaf544a7b4ba83001e5cc49abeb1132b8e2,train,original,categorized_audio\person_asking_for_help\SS01791_a07c9031.mp3
SS01794,SS01794_fea418ee.mp3,person_asking_for_help,mp3:help,help_091_615445.mp3,fea418eeda672990743a1fc28950dde1ee44c6c59bc582057f0629cd5c8dee47,train,original,categorized_audio\person_asking_for_help\SS01794_fea418ee.mp3
SS01795,SS01795_d3e1dc87.mp3,person_asking_for_help,mp3:help,help_092_615444.mp3,d3e1dc8766ffbff54f3eea4a0c4ad1ba9d3ad18b43ae84a761fbacb881f79ae9,train,original,categorized_audio\person_asking_for_help\SS01795_d3e1dc87.mp3
SS01796,SS01796_696f9347.mp3,person_asking_for_help,mp3:help,help_093_360852.mp3,696f93478bcfee39cc7c87a7c28172580bba8e224533c6c306efac67b3ba0c54,train,original,categorized_audio\person_asking_for_help\SS01796_696f9347.mp3
SS01797,SS01797_9ea02f1e.mp3,person_asking_for_help,mp3:help,help_094_397297.mp3,9ea02f1eae78640ae68ded1f7bf7cf9e9ce35f93128cb097212071ee70d5f0b6,train,original,categorized_audio\person_asking_for_help\SS01797_9ea02f1e.mp3
SS01798,SS01798_f6321e2d.mp3,person_asking_for_help,mp3:help,help_095_376370.mp3,f6321e2d68d1c1c4bb90b639340f5f07fa1144d53143ee2399a2204dc337086a,train,original,categorized_audio\person_asking_for_help\SS01798_f6321e2d.mp3
SS01799,SS01799_b96e4c73.mp3,person_asking_for_help,mp3:help,help_096_849969.mp3,b96e4c73ada0ecb67eb435e5ff2fadbaba26e08455de483725f468a3493d435b,train,original,categorized_audio\person_asking_for_help\SS01799_b96e4c73.mp3
SS01801,SS01801_2d555563.mp3,person_asking_for_help,mp3:help,help_098_570442.mp3,2d55556381adc52ad5643fa52ec2c97e22390cd664e46adfc3a5f388b7ebb6dc,train,original,categorized_audio\person_asking_for_help\SS01801_2d555563.mp3
SS01805,SS01805_f9d09e91.mp3,person_asking_for_help,mp3:help,help_102_188084.mp3,f9d09e9123ee8b8db0803f7af6a3877da7882ca9f59e8bd91ae0682de8816df4,train,original,categorized_audio\person_asking_for_help\SS01805_f9d09e91.mp3
SS01806,SS01806_6e56a168.mp3,person_asking_for_help,mp3:help,help_103_213287.mp3,6e56a1685aa3760d6e6f2301fd90707a7e2be666c826795f18d1cb2ba0e2a752,train,original,categorized_audio\person_asking_for_help\SS01806_6e56a168.mp3
SS01807,SS01807_50045174.mp3,person_asking_for_help,mp3:help,help_104_213285.mp3,5004517462563e34001e7176e0a34cb3ff25cc57fdfeb919821b4e4af04b2923,train,original,categorized_audio\person_asking_for_help\SS01807_50045174.mp3
SS01809,SS01809_098f3a87.mp3,person_asking_for_help,mp3:help,help_106_565976.mp3,098f3a87d75ed469c8ebee9173524837b97450400dc904712fbfac2d91c1f203,train,original,categorized_audio\person_asking_for_help\SS01809_098f3a87.mp3
SS01810,SS01810_7bd717d3.mp3,person_asking_for_help,mp3:help,help_107_166943.mp3,7bd717d3e15cbdfda8d8d15f9730d99b492a05848fcd0a669c823d242e363324,train,original,categorized_audio\person_asking_for_help\SS01810_7bd717d3.mp3
SS01811,SS01811_26032403.mp3,person_asking_for_help,mp3:help,help_108_397302.mp3,260324038697e8c0972385aa692e0100845c4a7b9540bbe96f359ae0b44f0ed2,train,original,categorized_audio\person_asking_for_help\SS01811_26032403.mp3
SS01812,SS01812_61ea2e08.mp3,person_asking_for_help,mp3:help,help_109_418786.mp3,61ea2e08d176c0f8b1169b3b44fa1978573341607eff40e8b8d99ca47e801d07,train,original,categorized_audio\person_asking_for_help\SS01812_61ea2e08.mp3
SS01813,SS01813_ae9101a1.mp3,person_asking_for_help,mp3:help,help_110_137718.mp3,ae9101a1a1a57cbd04ec061622f380b9c97ed96d7f42f4e8253e5da95f2c7b5d,train,original,categorized_audio\person_asking_for_help\SS01813_ae9101a1.mp3
SS01814,SS01814_e57d2bba.mp3,person_asking_for_help,mp3:help,help_111_256029.mp3,e57d2bbae48e50455f68b2f5cebcaed2c2a39ada8b0761e90f6ede5c2b372fac,train,original,categorized_audio\person_asking_for_help\SS01814_e57d2bba.mp3
SS01815,SS01815_55d25c8d.mp3,person_asking_for_help,mp3:help,help_112_574739.mp3,55d25c8d8030883121106d5f7f38aa0836ea54bf0a4a604e2ea2368e68ed0915,train,original,categorized_audio\person_asking_for_help\SS01815_55d25c8d.mp3
SS01816,SS01816_737974ca.mp3,person_asking_for_help,mp3:help,help_113_624496.mp3,737974ca0c0990b04f8d67f81944bcf9c65836c4315ce186cf294b7414c515a7,train,original,categorized_audio\person_asking_for_help\SS01816_737974ca.mp3
SS01817,SS01817_de12677f.mp3,person_asking_for_help,mp3:help,help_114_568165.mp3,de12677f6f766f460086cabac1b4fa93f3642a093230ee8a3f0cf8efaf335693,train,original,categorized_audio\person_asking_for_help\SS01817_de12677f.mp3
SS01818,SS01818_f1083d5d.mp3,person_asking_for_help,mp3:help,help_115_760787.mp3,f1083d5d5c9bae987d070773d3f7c598d1bd29efeb6bd5cedba2dce5b062c98d,train,original,categorized_audio\person_asking_for_help\SS01818_f1083d5d.mp3
SS01819,SS01819_21553924.mp3,person_asking_for_help,mp3:help,help_116_812423.mp3,21553924810a5a8c19beb42b6deaecb07472f11cd2bce626e629125a05e6ae89,train,original,categorized_audio\person_asking_for_help\SS01819_21553924.mp3
SS01820,SS01820_53051f2e.mp3,person_asking_for_help,mp3:help,help_117_360857.mp3,53051f2ec21c577d568567521721004b7eae7e2363a8f22fd1901d236ed77d24,train,original,categorized_audio\person_asking_for_help\SS01820_53051f2e.mp3
SS01821,SS01821_9630937c.mp3,person_asking_for_help,mp3:help,help_118_687387.mp3,9630937c7a4208f0dea62b6d22358e89f6a4b367f13388eb86ace898c199b51f,train,original,categorized_audio\person_asking_for_help\SS01821_9630937c.mp3
SS01822,SS01822_133a4c34.mp3,person_asking_for_help,mp3:help,help_119_182425.mp3,133a4c34921f71ba261ac23a4767851871c9fb42facc017fd34832d2f60e6780,train,original,categorized_audio\person_asking_for_help\SS01822_133a4c34.mp3
SS01823,SS01823_c96596ce.mp3,person_asking_for_help,mp3:help,help_120_608794.mp3,c96596ce7c6b03b678c242643425231c8f786b640ca0209986d6c35516db6e1d,train,original,categorized_audio\person_asking_for_help\SS01823_c96596ce.mp3
SS01824,SS01824_766e4dc0.mp3,person_asking_for_help,mp3:help,help_121_219104.mp3,766e4dc03dfa9163a2e211b922cc2a7db4a104eb672aede75a507e7d2dfaf118,train,original,categorized_audio\person_asking_for_help\SS01824_766e4dc0.mp3
SS01825,SS01825_9a97f993.mp3,person_asking_for_help,mp3:help,help_122_624554.mp3,9a97f993a94d62c2141a769773f6aba2c35c1ab9f2ddae759f1d54b01003ad83,train,original,categorized_audio\person_asking_for_help\SS01825_9a97f993.mp3
SS01826,SS01826_9c3f5750.mp3,person_asking_for_help,mp3:help,help_123_88469.mp3,9c3f5750da6223e733693d16a3daa6fd3cb433e55496321071c9318766a53718,train,original,categorized_audio\person_asking_for_help\SS01826_9c3f5750.mp3
SS01827,SS01827_60ae79a6.mp3,person_asking_for_help,mp3:help,help_124_687942.mp3,60ae79a6ce1c1529a3c4cbe289d5107ce8f9f4d0e719889781f631f5131ff1d1,train,original,categorized_audio\person_asking_for_help\SS01827_60ae79a6.mp3
SS01828,SS01828_d63b2d31.mp3,person_asking_for_help,mp3:help,help_125_376637.mp3,d63b2d31ac302c0d990aa41c6539ea2d888171f2aa250507ce72efac61285529,train,original,categorized_audio\person_asking_for_help\SS01828_d63b2d31.mp3
SS01829,SS01829_a2871078.mp3,person_asking_for_help,mp3:help,help_126_714710.mp3,a28710786633ba2b25deecaf1db972d08834bd1b8b3d3807831c2bc9ddf0cdfd,train,original,categorized_audio\person_asking_for_help\SS01829_a2871078.mp3
SS01831,SS01831_1a6b8fbd.mp3,person_asking_for_help,mp3:help,help_128_360850.mp3,1a6b8fbd9b2e41f15503c2a3009de985b349bc3019d6bb1e4be004f184116283,train,original,categorized_audio\person_asking_for_help\SS01831_1a6b8fbd.mp3
SS01832,SS01832_d1ab45de.mp3,person_asking_for_help,mp3:help,help_129_364797.mp3,d1ab45deda15d1023f657d34a1ec6bdbd9dde5250e93dc5cf4d1b732936f3387,train,original,categorized_audio\person_asking_for_help\SS01832_d1ab45de.mp3
SS01833,SS01833_587efdd4.mp3,person_asking_for_help,mp3:help,help_130_213288.mp3,587efdd4b0255d36e957cc1cec34d917cf6b5251fb3fb678f5ea55cdfc39166b,train,original,categorized_audio\person_asking_for_help\SS01833_587efdd4.mp3
SS01834,SS01834_f8a852bf.mp3,person_asking_for_help,mp3:help,help_131_560092.mp3,f8a852bf6dbedaf88d4aa8557d02312b74d6aa75b4c19734ceea87cc8559c4e9,train,original,categorized_audio\person_asking_for_help\SS01834_f8a852bf.mp3
SS01835,SS01835_6b985094.mp3,person_asking_for_help,mp3:help,help_132_440645.mp3,6b985094d5727da5ed4f5809b42572688fd3efb8018fda1e19153d16a77ff632,train,original,categorized_audio\person_asking_for_help\SS01835_6b985094.mp3
SS01836,SS01836_a4a2069e.mp3,person_asking_for_help,mp3:help,help_133_520369.mp3,a4a2069ef43b0e11a304dcd82d3bd0a67dcf58b7d820486389a74698cf167deb,train,original,categorized_audio\person_asking_for_help\SS01836_a4a2069e.mp3
SS01837,SS01837_1bdb86f6.mp3,person_asking_for_help,mp3:help,help_134_217811.mp3,1bdb86f614c76f6f8561c6571f2116dc90ce3b781fcda89ce85261c901e9f277,train,original,categorized_audio\person_asking_for_help\SS01837_1bdb86f6.mp3
SS01838,SS01838_e17b5b2c.mp3,person_asking_for_help,mp3:help,help_135_213286.mp3,e17b5b2cb4331da0f05a3e72dc91ab4212f04fd7bd1a8446acfe0e03b717365e,train,original,categorized_audio\person_asking_for_help\SS01838_e17b5b2c.mp3
SS01839,SS01839_9a2551a4.mp3,person_asking_for_help,mp3:help,help_136_156860.mp3,9a2551a4929594dae4f6a97e22d9498fca88ec6bbf35f82a4f478eb727aa4a80,train,original,categorized_audio\person_asking_for_help\SS01839_9a2551a4.mp3
SS01840,SS01840_0ef8dfa2.mp3,person_asking_for_help,mp3:help,help_137_829348.mp3,0ef8dfa2b33c7bd0468e0507e5316daab9890d664b058cd61fcd65f0e0be21d7,train,original,categorized_audio\person_asking_for_help\SS01840_0ef8dfa2.mp3
SS01841,SS01841_08e06adf.mp3,person_asking_for_help,mp3:help,help_138_735338.mp3,08e06adfc8598741fa77dbdb40f89a65acb0033cdc3de4ff46a83edb299214ce,train,original,categorized_audio\person_asking_for_help\SS01841_08e06adf.mp3
SS01842,SS01842_77c22cfe.mp3,person_asking_for_help,mp3:help,help_139_201877.mp3,77c22cfef7a9b897045cf31dc54885f22f7293afaebca9ed9d911007a5f8b044,train,original,categorized_audio\person_asking_for_help\SS01842_77c22cfe.mp3
SS01843,SS01843_dfe5b7bd.mp3,person_asking_for_help,mp3:help,help_140_796501.mp3,dfe5b7bd619d28c7079a47351fadbe175c5166a9e29164070a7608fc1b68c51f,train,original,categorized_audio\person_asking_for_help\SS01843_dfe5b7bd.mp3
SS01845,SS01845_eaae9c3f.mp3,person_asking_for_help,mp3:help,help_142_346214.mp3,eaae9c3f90691f9370e32de2899b256218f762da66183af9ed9d17dd89ca986a,train,original,categorized_audio\person_asking_for_help\SS01845_eaae9c3f.mp3
SS01848,SS01848_daf73f06.mp3,person_asking_for_help,mp3:help,help_145_566162.mp3,daf73f06249bbafc5f1e5416a2155fe11d2ea89bb97cf4da8e9286ffec797dd6,train,original,categorized_audio\person_asking_for_help\SS01848_daf73f06.mp3
SS01849,SS01849_8d39113c.mp3,person_asking_for_help,mp3:help,help_146_440646.mp3,8d39113ceb11523bcc147831e285f24c4f52217eee5d8a15a92a09da70527012,train,original,categorized_audio\person_asking_for_help\SS01849_8d39113c.mp3
SS01851,SS01851_1bdfee07.mp3,person_asking_for_help,mp3:help,help_148_481966.mp3,1bdfee075242060265015057562eb7174f7cc4fa1f38ea1aec5d25cb07f12d78,train,original,categorized_audio\person_asking_for_help\SS01851_1bdfee07.mp3
SS01852,SS01852_4e4a99c2.mp3,person_asking_for_help,mp3:help,help_149_275008.mp3,4e4a99c2ee78e1cb4982451fc036382c92639066ce5be29598c65d4d9c5f9748,train,original,categorized_audio\person_asking_for_help\SS01852_4e4a99c2.mp3
SS01854,SS01854_9848f618.mp3,person_asking_for_help,mp3:help,help_151_387829.mp3,9848f6187523ce6eb92772346c732a28c614dc26dbf458bfd5affa99631dd8f0,train,original,categorized_audio\person_asking_for_help\SS01854_9848f618.mp3
SS01855,SS01855_c3686b18.mp3,person_asking_for_help,mp3:help,help_152_54847.mp3,c3686b18f5bc926620ef67e5aa3d73c565caed8293138e162b8b7112b2b15bdb,train,original,categorized_audio\person_asking_for_help\SS01855_c3686b18.mp3
SS01860,SS01860_7a633c71.mp3,person_asking_for_help,mp3:help,help_157_467967.mp3,7a633c717eaf2a87d4439aa09165df515322746c3a52a3d09893520f87bb3d04,train,original,categorized_audio\person_asking_for_help\SS01860_7a633c71.mp3
SS01861,SS01861_25c68718.mp3,person_asking_for_help,mp3:help,help_158_726194.mp3,25c68718c5e0cc84185e54b973d4b6481b88d0331e0c5cafc140e49be3eafb6d,train,original,categorized_audio\person_asking_for_help\SS01861_25c68718.mp3
SS01863,SS01863_4d5b6d98.mp3,person_asking_for_help,mp3:help,help_160_726055.mp3,4d5b6d983fbf984c8c992b97c91c5d19714cffcdd99a585bbce8f1db168485d5,train,original,categorized_audio\person_asking_for_help\SS01863_4d5b6d98.mp3
SS01864,SS01864_57280b26.mp3,person_asking_for_help,mp3:help,help_161_726035.mp3,57280b267e8bbbb2d2ff5f16728eae152715508604a40df698c2336910b7155d,train,original,categorized_audio\person_asking_for_help\SS01864_57280b26.mp3
SS01866,SS01866_1231c307.mp3,person_asking_for_help,mp3:help,help_163_725970.mp3,1231c307fde0d2e9f5381d687c7dcabab9a5e37653e37d47565c21dc1ccce779,train,original,categorized_audio\person_asking_for_help\SS01866_1231c307.mp3
SS01867,SS01867_361737c6.mp3,person_asking_for_help,mp3:help,help_164_722013.mp3,361737c6e3bb4d12a1766cdbe87801b30dc840ece16731d43d9f958e3b1dff0c,train,original,categorized_audio\person_asking_for_help\SS01867_361737c6.mp3
SS01870,SS01870_8cfd72bf.mp3,person_asking_for_help,mp3:help,help_167_722010.mp3,8cfd72bfeca2a72532c9fc4e0f891734158fce1041eb55b19ac5ec9208001d04,train,original,categorized_audio\person_asking_for_help\SS01870_8cfd72bf.mp3
SS01874,SS01874_1127eeed.mp3,person_asking_for_help,mp3:help,help_171_368679.mp3,1127eeed9482dd14f3dd3494007ba49144fd9c7465292746d4f115ff6adab5fa,train,original,categorized_audio\person_asking_for_help\SS01874_1127eeed.mp3
SS01875,SS01875_9ee8d5f9.mp3,person_asking_for_help,mp3:help,help_172_391361.mp3,9ee8d5f9dfc38e40eb5ce396a035b7d3fa0670d92e5b65c3a7925ff61e597ab3,train,original,categorized_audio\person_asking_for_help\SS01875_9ee8d5f9.mp3
SS01876,SS01876_ca92d5fd.mp3,person_asking_for_help,mp3:help,help_173_353672.mp3,ca92d5fd9be94eab3e0651f3e72086d3dec2e23faf134e082c5a528cfc88afb2,train,original,categorized_audio\person_asking_for_help\SS01876_ca92d5fd.mp3
SS01878,SS01878_c7244d47.mp3,person_asking_for_help,mp3:help,help_175_535586.mp3,c7244d478732250cbf1a55f449ad7cb5ae57f14ade9130f7489703d2383d08cb,train,original,categorized_audio\person_asking_for_help\SS01878_c7244d47.mp3
SS01880,SS01880_411dbbda.mp3,person_asking_for_help,mp3:help,help_177_130629.mp3,411dbbdaa9805f63f459393cb68d8e5d6e8489b44c600d51b30f05c66e264362,train,original,categorized_audio\person_asking_for_help\SS01880_411dbbda.mp3
SS01881,SS01881_92e6653c.mp3,person_asking_for_help,mp3:help,help_178_135411.mp3,92e6653c6f61aee043da2e27f6c645d8eab41dd70708a515783f39c99a755c9a,train,original,categorized_audio\person_asking_for_help\SS01881_92e6653c.mp3
SS01883,SS01883_09313aeb.mp3,person_asking_for_help,mp3:help,help_180_103488.mp3,09313aebe1a742f8839c130067d72c9f20092e206ed7c34721e520bafc475752,train,original,categorized_audio\person_asking_for_help\SS01883_09313aeb.mp3
SS01886,SS01886_5fef3bc4.mp3,person_asking_for_help,mp3:help,help_183_567532.mp3,5fef3bc4a47398dcdc849bafbe5948998788eea44322775b47e5abcd78188f24,train,original,categorized_audio\person_asking_for_help\SS01886_5fef3bc4.mp3
SS01887,SS01887_7c876209.mp3,person_asking_for_help,mp3:help,help_184_50617.mp3,7c87620956345f3445d07bc7388bf8077ca791529f50a1ea458f9060888142e0,train,original,categorized_audio\person_asking_for_help\SS01887_7c876209.mp3
SS01888,SS01888_ef7b87d4.mp3,person_asking_for_help,mp3:help,help_185_130626.mp3,ef7b87d4718b361d55aed4b9c4d1c5f3906ad031de7252c899471ea31c1205de,train,original,categorized_audio\person_asking_for_help\SS01888_ef7b87d4.mp3
SS01891,SS01891_94a5833f.mp3,person_asking_for_help,mp3:help,help_188_855328.mp3,94a5833fddabef392201905a7415ed5334b4968b2e501e51f129464908b73a1d,train,original,categorized_audio\person_asking_for_help\SS01891_94a5833f.mp3
SS01893,SS01893_07310975.mp3,person_asking_for_help,mp3:help,help_190_422689.mp3,073109752696be0c11067edc38fd58323fa65234a14e0144df69ffdf88047f67,train,original,categorized_audio\person_asking_for_help\SS01893_07310975.mp3
SS01895,SS01895_ed8ad440.mp3,person_asking_for_help,mp3:help,help_192_539276.mp3,ed8ad440e4e459259dcb54eab5a42916ba006a4da6e585787cdbb8d8c75bc2f4,train,original,categorized_audio\person_asking_for_help\SS01895_ed8ad440.mp3
SS01896,SS01896_e5bf8295.mp3,person_asking_for_help,mp3:help,help_193_338811.mp3,e5bf8295c6924629c0c7fb07efdb5a2b43768b75eb110b2e9475f5ca92730bb3,train,original,categorized_audio\person_asking_for_help\SS01896_e5bf8295.mp3
SS01897,SS01897_52d3d2e2.mp3,person_asking_for_help,mp3:help,help_194_424663.mp3,52d3d2e2db8def2416f956ef6c0a789d6a5febb087992d10ab679609ce196d1c,train,original,categorized_audio\person_asking_for_help\SS01897_52d3d2e2.mp3
SS01898,SS01898_3989132c.mp3,person_asking_for_help,mp3:help,help_195_424611.mp3,3989132cf4213c3beb94ac247d8df9534e8ccd5ccfdf51a1fa0e6c483058a161,train,original,categorized_audio\person_asking_for_help\SS01898_3989132c.mp3
SS01899,SS01899_d3f72aaf.mp3,person_asking_for_help,mp3:help,help_196_424318.mp3,d3f72aaf3faca4609b3c84b9d4a5d56c0c1d46813145528a7ef3351a1dadc379,train,original,categorized_audio\person_asking_for_help\SS01899_d3f72aaf.mp3
SS01901,SS01901_8b68fa38.mp3,person_asking_for_help,mp3:help,help_198_424087.mp3,8b68fa3853645ccc7aa5ffa1beeb976712e5a66dc53660b387ae88ca500875b2,train,original,categorized_audio\person_asking_for_help\SS01901_8b68fa38.mp3
SS01903,SS01903_d48d2a85.mp3,person_asking_for_help,mp3:help,help_200_423788.mp3,d48d2a85c0d47f0b5d2241754ed9f0530a09b87dec308e639d34c9374ef8005b,train,original,categorized_audio\person_asking_for_help\SS01903_d48d2a85.mp3
SS01904,SS01904_9c5a607e.mp3,person_asking_for_help,mp3:help,help_201_423765.mp3,9c5a607ea7d972c8777dc34559ad9854de623d9c39d94b937ac8f53ff513a33f,train,original,categorized_audio\person_asking_for_help\SS01904_9c5a607e.mp3
SS01905,SS01905_e09b3e2d.mp3,person_asking_for_help,mp3:help,help_202_423520.mp3,e09b3e2dd7403527add3caff9c57947629a3f709bd6ec491ff1321c0490247fa,train,original,categorized_audio\person_asking_for_help\SS01905_e09b3e2d.mp3
SS01907,SS01907_40a50272.mp3,person_asking_for_help,mp3:help,help_204_423138.mp3,40a50272b787afbe214bf382bfce0aac5197832ba3506c36af4138312b947f08,train,original,categorized_audio\person_asking_for_help\SS01907_40a50272.mp3
SS01908,SS01908_d78319f8.mp3,person_asking_for_help,mp3:help,help_205_422984.mp3,d78319f80917b010f5f7ac7985a13a9e091e4ef869b0ab756c7e5b7e0c148367,train,original,categorized_audio\person_asking_for_help\SS01908_d78319f8.mp3
SS01909,SS01909_3b7438a5.mp3,person_asking_for_help,mp3:help,help_206_422821.mp3,3b7438a5e0914c36dec5850a9cd241f4ff6bb6357ef882acb4633c701da77578,train,original,categorized_audio\person_asking_for_help\SS01909_3b7438a5.mp3
SS01910,SS01910_8fc805df.mp3,person_asking_for_help,mp3:help,help_207_422517.mp3,8fc805dffc7aabd65294bcfb7a9ea19202acbb15f4635d3c2ffb32f9a8086728,train,original,categorized_audio\person_asking_for_help\SS01910_8fc805df.mp3
SS01911,SS01911_d3efd190.mp3,person_asking_for_help,mp3:help,help_208_422094.mp3,d3efd1906f3b743cae18ad041385f5220222ffdf72b5e79a988bed9136b04191,train,original,categorized_audio\person_asking_for_help\SS01911_d3efd190.mp3
SS01912,SS01912_e70d7031.mp3,person_asking_for_help,mp3:help,help_209_421917.mp3,e70d7031304a94509ade1075ccdb04188b4f1912770b1d3d53e137120efcef25,train,original,categorized_audio\person_asking_for_help\SS01912_e70d7031.mp3
SS01913,SS01913_be40f001.mp3,person_asking_for_help,mp3:help,help_210_421871.mp3,be40f0016c4d449d5cc39349e621571d749a11883af7f4445d643cb16905f5de,train,original,categorized_audio\person_asking_for_help\SS01913_be40f001.mp3
SS01914,SS01914_50b00e09.mp3,person_asking_for_help,mp3:help,help_211_421807.mp3,50b00e0902d3cdd2549e0fc80b68bf1e3b5fec2ba20ad50920327c2347a15b81,train,original,categorized_audio\person_asking_for_help\SS01914_50b00e09.mp3
SS01915,SS01915_2d08b04c.mp3,person_asking_for_help,mp3:help,help_212_421713.mp3,2d08b04c702d694a12561bae8fe8849b723e3ffda7fd756ea6c288ef9a71d936,train,original,categorized_audio\person_asking_for_help\SS01915_2d08b04c.mp3
SS01916,SS01916_a5cec536.mp3,person_asking_for_help,mp3:help,help_213_421507.mp3,a5cec53696e5f2264073a2e1c25fd18a7d112932676e86fbbc6214539c760637,train,original,categorized_audio\person_asking_for_help\SS01916_a5cec536.mp3
SS01917,SS01917_54bf41d3.mp3,person_asking_for_help,mp3:help,help_214_421104.mp3,54bf41d30fed9ae5fa285c1740e643f3b296df2ead72cad0197050a5d83a18a0,train,original,categorized_audio\person_asking_for_help\SS01917_54bf41d3.mp3
SS01918,SS01918_286109f9.mp3,person_asking_for_help,mp3:help,help_215_421089.mp3,286109f92bc54e95ef2850bc1769ef79a2621aed6e87de916f601cc0dc2ae406,train,original,categorized_audio\person_asking_for_help\SS01918_286109f9.mp3
SS01919,SS01919_9d8ac8b8.mp3,person_asking_for_help,mp3:help,help_216_421088.mp3,9d8ac8b86859cf6007db516188153da8c7439de0c428dcef4ae12f033240aeea,train,original,categorized_audio\person_asking_for_help\SS01919_9d8ac8b8.mp3
SS01920,SS01920_4d169614.mp3,person_asking_for_help,mp3:help,help_217_421087.mp3,4d169614f6b6b001c7fafd15671fea6dd43fc037ff8b8cd90d696cc15ed1d4c5,train,original,categorized_audio\person_asking_for_help\SS01920_4d169614.mp3
SS01921,SS01921_6eb706ea.mp3,person_asking_for_help,mp3:help,help_218_421086.mp3,6eb706eaab12b1c951170d7ff94ec551588c2153909da6f62964e9413f4974f4,train,original,categorized_audio\person_asking_for_help\SS01921_6eb706ea.mp3
SS01923,SS01923_10c37152.mp3,person_asking_for_help,mp3:help,help_220_421084.mp3,10c37152a13a0cddaa53331fc0b26ca5fe95f4b9da66c31074447315a05390f5,train,original,categorized_audio\person_asking_for_help\SS01923_10c37152.mp3
SS01924,SS01924_955ee9ef.mp3,person_asking_for_help,mp3:help,help_221_421083.mp3,955ee9eff7b9fb128801d95c2a51b17a2e15f33d874540fbf7100df6e1f54cca,train,original,categorized_audio\person_asking_for_help\SS01924_955ee9ef.mp3
SS01926,SS01926_4c14525a.mp3,person_asking_for_help,mp3:help,help_223_421081.mp3,4c14525a7fa1ba3aab8416ce17eb44621a9b41dfaf387400158cb4a7238b6e9c,train,original,categorized_audio\person_asking_for_help\SS01926_4c14525a.mp3
SS01931,SS01931_fb5009ff.mp3,person_asking_for_help,mp3:help,help_228_421076.mp3,fb5009ffdcca4253119fbeb0523eaaa238ec46ffc02046bd8a7fcb62164489d8,train,original,categorized_audio\person_asking_for_help\SS01931_fb5009ff.mp3
SS01932,SS01932_5f4e67b6.mp3,person_asking_for_help,mp3:help,help_229_421075.mp3,5f4e67b6f00f74ae28a2b5c5370d132341625f80557b5b514f36417bbc192bb3,train,original,categorized_audio\person_asking_for_help\SS01932_5f4e67b6.mp3
SS01933,SS01933_09aa0fc7.mp3,person_asking_for_help,mp3:help,help_230_421074.mp3,09aa0fc73906e477e73b7a4143c45165363a2796217751c6265726d8cc01a9d8,train,original,categorized_audio\person_asking_for_help\SS01933_09aa0fc7.mp3
SS01936,SS01936_1fed095c.mp3,person_asking_for_help,mp3:help,help_233_421071.mp3,1fed095c128e24a68474cb777f717893acc209002153e54f430c0602b83a3363,train,original,categorized_audio\person_asking_for_help\SS01936_1fed095c.mp3
SS01937,SS01937_5bc8eb30.mp3,person_asking_for_help,mp3:help,help_234_421070.mp3,5bc8eb30a00b4166df491a762e3da509410bab7c76403165bcab47829d4d9915,train,original,categorized_audio\person_asking_for_help\SS01937_5bc8eb30.mp3
SS01939,SS01939_c9a9f15f.mp3,person_asking_for_help,mp3:help,help_236_421068.mp3,c9a9f15f676ed37e33f79969c56b737d3aa2c7da30a085b7edf8bc49d2d2474e,train,original,categorized_audio\person_asking_for_help\SS01939_c9a9f15f.mp3
SS01941,SS01941_12f1a376.mp3,person_asking_for_help,mp3:help,help_238_421066.mp3,12f1a376aeaef317cc1461db50a009f19fecf8693585763421fa0755c26b8512,train,original,categorized_audio\person_asking_for_help\SS01941_12f1a376.mp3
SS01942,SS01942_10999b0f.mp3,person_asking_for_help,mp3:help,help_239_421065.mp3,10999b0fac33dcdd60f057f267c7820f79422ce108088215cadab7ad03e0428c,train,original,categorized_audio\person_asking_for_help\SS01942_10999b0f.mp3
SS01943,SS01943_c4b6df8e.mp3,person_asking_for_help,mp3:help,help_240_421064.mp3,c4b6df8e04fa713c631fa78028271349fbab98b837daf1f7dd680fb41b55abd1,train,original,categorized_audio\person_asking_for_help\SS01943_c4b6df8e.mp3
SS01945,SS01945_7d3033b1.mp3,person_asking_for_help,mp3:help,help_242_421062.mp3,7d3033b12c2d15973cd31a14e200f4926f009c100837c8b90de448d5c79cd578,train,original,categorized_audio\person_asking_for_help\SS01945_7d3033b1.mp3
SS01948,SS01948_22d77b0f.mp3,person_asking_for_help,mp3:help,help_245_421059.mp3,22d77b0fab4576e63ac0c96faa0bc78f8a70f53296d1f010ab182086de670ede,train,original,categorized_audio\person_asking_for_help\SS01948_22d77b0f.mp3
SS01949,SS01949_72e7b12e.mp3,person_asking_for_help,mp3:help,help_246_421058.mp3,72e7b12e6741934c2fcf3b8431170ea514bf965edcaf9d6b65b843a5a1019e5d,train,original,categorized_audio\person_asking_for_help\SS01949_72e7b12e.mp3
SS01950,SS01950_81d85b32.mp3,person_asking_for_help,mp3:help,help_247_421057.mp3,81d85b3201baf252f8a10935dd55c4e23f1bc5881c3a75b9f3248e3a5c098160,train,original,categorized_audio\person_asking_for_help\SS01950_81d85b32.mp3
SS01951,SS01951_53262907.mp3,person_asking_for_help,mp3:help,help_248_421056.mp3,5326290706c06a31c112bd0d0e124043ca353ef568dbd90e125021d505b9c65b,train,original,categorized_audio\person_asking_for_help\SS01951_53262907.mp3
SS01953,SS01953_76da30e7.mp3,person_asking_for_help,mp3:help,help_250_421019.mp3,76da30e7eeca790508936745290a12b9dac1158a498906e1fcef5eb6abbe68b9,train,original,categorized_audio\person_asking_for_help\SS01953_76da30e7.mp3
SS01954,SS01954_c5e2bf21.mp3,person_asking_for_help,mp3:help,help_251_420883.mp3,c5e2bf210d6cd0e58b3e1cb818daad02a2673c3ee9d0cf81aa4b868307fc5b43,train,original,categorized_audio\person_asking_for_help\SS01954_c5e2bf21.mp3
SS01955,SS01955_9eb860c7.mp3,person_asking_for_help,mp3:help,help_252_420882.mp3,9eb860c75050181222bb51100c4de0a567f154509a52f01c040f82d83dda3b0f,train,original,categorized_audio\person_asking_for_help\SS01955_9eb860c7.mp3
SS01956,SS01956_210749cc.mp3,person_asking_for_help,mp3:help,help_253_420881.mp3,210749ccfcbffddef4fd8cf94a9f47c293b616171c6e071f64de3a71fa02509a,train,original,categorized_audio\person_asking_for_help\SS01956_210749cc.mp3
SS01958,SS01958_c48b20b5.mp3,person_asking_for_help,mp3:help,help_255_420876.mp3,c48b20b5c86d035b86eac104e49a1d6e5626455c60c0596a717f5f6832f92a1a,train,original,categorized_audio\person_asking_for_help\SS01958_c48b20b5.mp3
SS01959,SS01959_23941ecf.mp3,person_asking_for_help,mp3:help,help_256_419549.mp3,23941ecf546933e8fef6fb135de3fc0bbfd6afd73f90cca11171916a6ba4df05,train,original,categorized_audio\person_asking_for_help\SS01959_23941ecf.mp3
SS01961,SS01961_a77e636c.mp3,person_asking_for_help,mp3:help,help_258_418737.mp3,a77e636cad896b637f38e3820a7beca6d5d2cc10f0467fde36aad253b58a02ba,train,original,categorized_audio\person_asking_for_help\SS01961_a77e636c.mp3
SS01964,SS01964_08ea0b66.mp3,person_asking_for_help,mp3:help,help_261_441149.mp3,08ea0b66a00c5b77554e0aab45898c31c9384ab9655b53b936cdc868863b285e,train,original,categorized_audio\person_asking_for_help\SS01964_08ea0b66.mp3
SS01966,SS01966_7d3058dc.mp3,person_asking_for_help,mp3:help,help_263_440803.mp3,7d3058dc7ef6fe7fcf6855f04c2e646a791bcb234d976936ef65f51fad3f06c7,train,original,categorized_audio\person_asking_for_help\SS01966_7d3058dc.mp3
SS01968,SS01968_a52d59eb.mp3,person_asking_for_help,mp3:help,help_265_440516.mp3,a52d59ebc497f7794595fe6e4c802ef0f1c5bc2fac43aefb0f74d4b7826f83f6,train,original,categorized_audio\person_asking_for_help\SS01968_a52d59eb.mp3
SS01969,SS01969_b0198e1a.mp3,person_asking_for_help,mp3:help,help_266_440217.mp3,b0198e1a3ba48d30067c121f711afacf825f9f4d78162d759659c6cd1de1178f,train,original,categorized_audio\person_asking_for_help\SS01969_b0198e1a.mp3
SS01970,SS01970_0fa16ed0.mp3,person_asking_for_help,mp3:help,help_267_440115.mp3,0fa16ed00e0599638fd226b73d61c853225a88cadec7a486d0abf1e1cf7d1ba3,train,original,categorized_audio\person_asking_for_help\SS01970_0fa16ed0.mp3
SS01971,SS01971_78275645.mp3,person_asking_for_help,mp3:help,help_268_440114.mp3,78275645ba34f1dcfab31bae31ede6a4f69a750467d608744cb3ea7e8b00642c,train,original,categorized_audio\person_asking_for_help\SS01971_78275645.mp3
SS01972,SS01972_1a36b8c5.mp3,person_asking_for_help,mp3:help,help_269_440112.mp3,1a36b8c53f40cdc95bc992269937f09a7170753e6200250799a46d17ad390207,train,original,categorized_audio\person_asking_for_help\SS01972_1a36b8c5.mp3
SS01973,SS01973_ca50577e.mp3,person_asking_for_help,mp3:help,help_270_440110.mp3,ca50577e50002b890cc072a329f78a9ea2807d9e96c3015f41e2de3810421194,train,original,categorized_audio\person_asking_for_help\SS01973_ca50577e.mp3
SS01974,SS01974_b9bfd39b.mp3,person_asking_for_help,mp3:help,help_271_440107.mp3,b9bfd39b4aeba73c667216ab14fa773f9897557f6b2f6947c352bdeb9e532a86,train,original,categorized_audio\person_asking_for_help\SS01974_b9bfd39b.mp3
SS01975,SS01975_769f671d.mp3,person_asking_for_help,mp3:help,help_272_440106.mp3,769f671d7bd5411d8afb330c254195af21b4250a6baa51c44b4f1a0b85bb1e59,train,original,categorized_audio\person_asking_for_help\SS01975_769f671d.mp3
SS01976,SS01976_37fbfc49.mp3,person_asking_for_help,mp3:help,help_273_440105.mp3,37fbfc49d853e5a0e7cb1b257edf110c5fdce48c482ce7a4cdf93529850ae472,train,original,categorized_audio\person_asking_for_help\SS01976_37fbfc49.mp3
SS01980,SS01980_bae20b13.mp3,person_asking_for_help,mp3:help,help_277_440096.mp3,bae20b13d876831c9a4757e30502a096c7e95dee25f70f4cd474b6a4c6585938,train,original,categorized_audio\person_asking_for_help\SS01980_bae20b13.mp3
SS01981,SS01981_3229c4e5.mp3,person_asking_for_help,mp3:help,help_278_440095.mp3,3229c4e55083e54d4ac4825db4dedbdcea01e117a801a98d15b9392d044de530,train,original,categorized_audio\person_asking_for_help\SS01981_3229c4e5.mp3
SS01983,SS01983_6de5b07d.mp3,person_asking_for_help,mp3:help,help_280_440093.mp3,6de5b07de823b66b13aa2c67f7929b75c1b19359f0c97be5b35c78988199241f,train,original,categorized_audio\person_asking_for_help\SS01983_6de5b07d.mp3
SS01984,SS01984_ebf1ca61.mp3,person_asking_for_help,mp3:help,help_281_440092.mp3,ebf1ca61eca3fd92dbd3d50a79f7bc31d7a2661ce24463a707c85cb323ddd3cd,train,original,categorized_audio\person_asking_for_help\SS01984_ebf1ca61.mp3
SS01985,SS01985_16a967b9.mp3,person_asking_for_help,mp3:help,help_282_440091.mp3,16a967b9191b4ea8083f2504099ff3f5a7535f47552851f22eb696995c8e410f,train,original,categorized_audio\person_asking_for_help\SS01985_16a967b9.mp3
SS01986,SS01986_152b3b43.mp3,person_asking_for_help,mp3:help,help_283_440090.mp3,152b3b4386f166b1b2d83515c1682be76acde0b5146eff95e693e11de0fcd658,train,original,categorized_audio\person_asking_for_help\SS01986_152b3b43.mp3
SS01987,SS01987_3bd71aa6.mp3,person_asking_for_help,mp3:help,help_284_440089.mp3,3bd71aa6fb1911b4129138817609e06b8b48c48f25a8d5796725074711698d00,train,original,categorized_audio\person_asking_for_help\SS01987_3bd71aa6.mp3
SS01988,SS01988_0c9ca2ca.mp3,person_asking_for_help,mp3:help,help_285_440086.mp3,0c9ca2ca1b89a6518c4c488faaa125918e4565a750c9afb7a10f1aa0b7c9c78f,train,original,categorized_audio\person_asking_for_help\SS01988_0c9ca2ca.mp3
SS01989,SS01989_903e7cb2.mp3,person_asking_for_help,mp3:help,help_286_440085.mp3,903e7cb27f73b141475e32e22b9a4843d2cb27dc87b743b8b33a2db1ad53d594,train,original,categorized_audio\person_asking_for_help\SS01989_903e7cb2.mp3
SS01991,SS01991_117649b4.mp3,person_asking_for_help,mp3:help,help_288_440083.mp3,117649b468e5bda47828b5437e786e7d69abbdfa27bd4ae1170e26106b8358ed,train,original,categorized_audio\person_asking_for_help\SS01991_117649b4.mp3
SS01992,SS01992_a6a7a43f.mp3,person_asking_for_help,mp3:help,help_289_440082.mp3,a6a7a43f32676cf35eb45073a4ab9df882e2977206f02edb2cb030d8ea59040f,train,original,categorized_audio\person_asking_for_help\SS01992_a6a7a43f.mp3
SS01994,SS01994_89d6b497.mp3,person_asking_for_help,mp3:help,help_291_440080.mp3,89d6b4972204487fb3e25b6c8513834e5786e7fee7ae34f301dbd70a735a2cfa,train,original,categorized_audio\person_asking_for_help\SS01994_89d6b497.mp3
SS01995,SS01995_d5ed228c.mp3,person_asking_for_help,mp3:help,help_292_440079.mp3,d5ed228c4c41296481da5d5e83b3711f843382f38d75e33f19b3b98a61b65c63,train,original,categorized_audio\person_asking_for_help\SS01995_d5ed228c.mp3
SS01996,SS01996_23a0335d.mp3,person_asking_for_help,mp3:help,help_293_440078.mp3,23a0335de6921a13ee7545ec4e7d724a7f3f7fdac095e6af2f91d2b737fd9a11,train,original,categorized_audio\person_asking_for_help\SS01996_23a0335d.mp3
SS01997,SS01997_c556f604.mp3,person_asking_for_help,mp3:help,help_294_440077.mp3,c556f604e1c21a6a2c7228ae22157c3211c6cfde7a11eaa856c4912cc1b67a79,train,original,categorized_audio\person_asking_for_help\SS01997_c556f604.mp3
SS01998,SS01998_38796f46.mp3,person_asking_for_help,mp3:help,help_295_440076.mp3,38796f4654156d5305e52647027217c75e5a99e25e82adf6b0856af69ceb1379,train,original,categorized_audio\person_asking_for_help\SS01998_38796f46.mp3
SS01999,SS01999_23e0c431.mp3,person_asking_for_help,mp3:help,help_296_440075.mp3,23e0c4310ddc3a8e5dcc8eae65382baee86a0ac272409c12d3863f2ccab2ca43,train,original,categorized_audio\person_asking_for_help\SS01999_23e0c431.mp3
SS02000,SS02000_5d7d6c53.mp3,person_asking_for_help,mp3:help,help_297_440074.mp3,5d7d6c5357c3bfee2f9ce6d747f2be2f580660224359c3fe389acd0089168fc7,train,original,categorized_audio\person_asking_for_help\SS02000_5d7d6c53.mp3
SS02001,SS02001_553974c5.mp3,person_asking_for_help,mp3:help,help_298_440073.mp3,553974c5d7487ab516071ef03a3d499d3423efc01f080bae367ab938dd01153d,train,original,categorized_audio\person_asking_for_help\SS02001_553974c5.mp3
SS02004,SS02004_507d2857.wav,gunshot,mp3:gunshot,synthetic_gunshot_000.wav,507d28575ab62263961fe6a6cafc0f144b6394786cb148db8799b58bf651c84c,train,original,categorized_audio\gunshot\SS02004_507d2857.wav
SS02005,SS02005_9c28bb94.wav,gunshot,mp3:gunshot,synthetic_gunshot_001.wav,9c28bb944dfb259de1027491c7a8ef2e1ac07094212a2be453894eb29fc1ab17,train,original,categorized_audio\gunshot\SS02005_9c28bb94.wav
SS02006,SS02006_d620f248.wav,gunshot,mp3:gunshot,synthetic_gunshot_002.wav,d620f248246e1b53c644f9cf9a30d0a150cbba7212855d1834022f45e30db6b6,train,original,categorized_audio\gunshot\SS02006_d620f248.wav
SS02007,SS02007_432f0db4.wav,gunshot,mp3:gunshot,synthetic_gunshot_003.wav,432f0db4f20fae65e664eb036da68921a263e59c1e78b349bdf5f8bfb7b24a59,train,original,categorized_audio\gunshot\SS02007_432f0db4.wav
SS02009,SS02009_2b15f3a7.wav,gunshot,mp3:gunshot,synthetic_gunshot_005.wav,2b15f3a77d24b516dabdef22432cd779c7c9367cffacc78fdace4cbf4b8dfa7c,train,original,categorized_audio\gunshot\SS02009_2b15f3a7.wav
SS02011,SS02011_ca5eb449.wav,gunshot,mp3:gunshot,synthetic_gunshot_007.wav,ca5eb44900e3f2b58d087106c9be6644bdf7d5131ceb519ee2cb46fc25bda3c0,train,original,categorized_audio\gunshot\SS02011_ca5eb449.wav
SS02012,SS02012_8ce62521.wav,gunshot,mp3:gunshot,synthetic_gunshot_008.wav,8ce625214bdd97a6e1e9eb6ebb65597b112dbe85bbc29f51d7f78a4b4a5e7e54,train,original,categorized_audio\gunshot\SS02012_8ce62521.wav
SS02013,SS02013_485181b2.wav,gunshot,mp3:gunshot,synthetic_gunshot_009.wav,485181b28d576ff07a1c61c9b729c1a31af1fea92ebf88a1dd50659dda4ba09a,train,original,categorized_audio\gunshot\SS02013_485181b2.wav
SS02015,SS02015_1b0be985.wav,gunshot,mp3:gunshot,synthetic_gunshot_011.wav,1b0be9852fe13b536e157efe326751bb9e960bb5c3ccdb0f6f9a4f02867be314,train,original,categorized_audio\gunshot\SS02015_1b0be985.wav
SS02016,SS02016_0b3324c7.wav,gunshot,mp3:gunshot,synthetic_gunshot_012.wav,0b3324c707673a32888eac434f4a64e902f1023a01d2f3c2584fc2baa4ec4474,train,original,categorized_audio\gunshot\SS02016_0b3324c7.wav
SS02017,SS02017_c15fc9b5.wav,gunshot,mp3:gunshot,synthetic_gunshot_013.wav,c15fc9b5572d176758d67ea575bb33914560dec7cd081096f89c3c53cdf78bbc,train,original,categorized_audio\gunshot\SS02017_c15fc9b5.wav
SS02018,SS02018_44d6f2b8.wav,gunshot,mp3:gunshot,synthetic_gunshot_014.wav,44d6f2b892de3f0828812dd5a4e5a07af2f32f262dcefbc2979b7ae48afc6fdc,train,original,categorized_audio\gunshot\SS02018_44d6f2b8.wav
SS02020,SS02020_da1d0535.wav,gunshot,mp3:gunshot,synthetic_gunshot_016.wav,da1d0535b8b4be21165d1bd0628d041d238af8e0ce9b2b115f5c3dfbd4376254,train,original,categorized_audio\gunshot\SS02020_da1d0535.wav
SS02021,SS02021_0e707d16.wav,gunshot,mp3:gunshot,synthetic_gunshot_017.wav,0e707d165d9f8e6fbb24ea590def35e530fea6ee386cf5437ee948e065f6f749,train,original,categorized_audio\gunshot\SS02021_0e707d16.wav
SS02022,SS02022_f8962674.wav,gunshot,mp3:gunshot,synthetic_gunshot_018.wav,f8962674a8f3a0215b3ca3727903252986240a99c84874184d07452380588e7f,train,original,categorized_audio\gunshot\SS02022_f8962674.wav
SS02023,SS02023_c265d27d.wav,gunshot,mp3:gunshot,synthetic_gunshot_019.wav,c265d27d86fefefd5ddec92509e8022deb7ed1e8b48c5a5c3528ec7c8eccd5db,train,original,categorized_audio\gunshot\SS02023_c265d27d.wav
SS02024,SS02024_dc874508.wav,gunshot,mp3:gunshot,synthetic_gunshot_020.wav,dc8745089e0c790f3bc30aea3775f85a8338c796da7a2c737285a1087529e6da,train,original,categorized_audio\gunshot\SS02024_dc874508.wav
SS02025,SS02025_a937d330.wav,gunshot,mp3:gunshot,synthetic_gunshot_021.wav,a937d330f2ff61e03b9a6527eac9e2a61163a07433e1e98eb2864bf31414e852,train,original,categorized_audio\gunshot\SS02025_a937d330.wav
SS02026,SS02026_f5b4b3b7.wav,gunshot,mp3:gunshot,synthetic_gunshot_022.wav,f5b4b3b72effb1416bf1dae0d8284c89bbb7ea0229f329e68514ff0c2dd3c924,train,original,categorized_audio\gunshot\SS02026_f5b4b3b7.wav
SS02029,SS02029_046aed79.wav,gunshot,mp3:gunshot,synthetic_gunshot_025.wav,046aed79d01ef6f569fd5639fe405b54e332668c040f696daa3adb0eb071dfeb,train,original,categorized_audio\gunshot\SS02029_046aed79.wav
SS02030,SS02030_a219bacb.wav,gunshot,mp3:gunshot,synthetic_gunshot_026.wav,a219bacbf06168e85a6348ea43c33d03ed88892aab864880d41ba729f08f6a9b,train,original,categorized_audio\gunshot\SS02030_a219bacb.wav
SS02031,SS02031_794ea6a4.wav,gunshot,mp3:gunshot,synthetic_gunshot_027.wav,794ea6a485211e51d59c315116fa5f19b836b633d48e861f274027577e033e8e,train,original,categorized_audio\gunshot\SS02031_794ea6a4.wav
SS02032,SS02032_9088d2f8.wav,gunshot,mp3:gunshot,synthetic_gunshot_028.wav,9088d2f8bda434bf66ea542682f4b0c70f87f12987bd4b1f8e6443c3d3f5c66e,train,original,categorized_audio\gunshot\SS02032_9088d2f8.wav
SS02033,SS02033_445c0379.wav,gunshot,mp3:gunshot,synthetic_gunshot_029.wav,445c03790afe97357ad7bafab6d4beead264dc2007b18be40ed93522101c3301,train,original,categorized_audio\gunshot\SS02033_445c0379.wav
SS02034,SS02034_dcccc18b.wav,gunshot,mp3:gunshot,synthetic_gunshot_030.wav,dcccc18bad4bc6909b664a2cf4866533300f29e00ac6caf6765490af62a17f79,train,original,categorized_audio\gunshot\SS02034_dcccc18b.wav
SS02035,SS02035_dcccfd4f.wav,gunshot,mp3:gunshot,synthetic_gunshot_031.wav,dcccfd4f49ac4ce1a814e1e9abbd45af172cd6b4e8b11d02d9f63617236f6866,train,original,categorized_audio\gunshot\SS02035_dcccfd4f.wav
SS02037,SS02037_91574358.wav,gunshot,mp3:gunshot,synthetic_gunshot_033.wav,91574358d47e860463c8e62db6db76fce2be55d5c1d174aee995d273c211a8ba,train,original,categorized_audio\gunshot\SS02037_91574358.wav
SS02039,SS02039_461cbe85.wav,gunshot,mp3:gunshot,synthetic_gunshot_035.wav,461cbe85497b138540f77bcc8431645d5b0243e2d28eeffee154e82b00cc907d,train,original,categorized_audio\gunshot\SS02039_461cbe85.wav
SS02041,SS02041_82758a1f.wav,gunshot,mp3:gunshot,synthetic_gunshot_037.wav,82758a1fbcaa6e3617979ba62a88caef4b55ce3752008e23f54d5aeec218891e,train,original,categorized_audio\gunshot\SS02041_82758a1f.wav
SS02042,SS02042_63c20096.wav,gunshot,mp3:gunshot,synthetic_gunshot_038.wav,63c2009686ae7b12b270dc9f5a81fa3e81c541a677ac095430548eb10acd3fec,train,original,categorized_audio\gunshot\SS02042_63c20096.wav
SS02044,SS02044_2cb02536.wav,gunshot,mp3:gunshot,synthetic_gunshot_040.wav,2cb02536be05cd845f8350ede5203e2a064c985b984e73cd680900f7d189a611,train,original,categorized_audio\gunshot\SS02044_2cb02536.wav
SS02045,SS02045_2ec54863.wav,gunshot,mp3:gunshot,synthetic_gunshot_041.wav,2ec5486325edde23adf6441f90a23b886eefaac047ff0be98ecb69eccc2254cd,train,original,categorized_audio\gunshot\SS02045_2ec54863.wav
SS02048,SS02048_7b6c6c00.wav,gunshot,mp3:gunshot,synthetic_gunshot_044.wav,7b6c6c0005dd905dd60ca9780b8e422622c1c0f8160c71fe2257288d27b24a40,train,original,categorized_audio\gunshot\SS02048_7b6c6c00.wav
SS02050,SS02050_ada30542.wav,gunshot,mp3:gunshot,synthetic_gunshot_046.wav,ada305426300c378e45e4bba1421ecfec35544079cba7003718054f5a17413c3,train,original,categorized_audio\gunshot\SS02050_ada30542.wav
SS02052,SS02052_de92c065.wav,gunshot,mp3:gunshot,synthetic_gunshot_048.wav,de92c06502a7a52d86daa4da8bc396bc4152af9b4e13c83ff1d0268227c58d19,train,original,categorized_audio\gunshot\SS02052_de92c065.wav
SS02056,SS02056_1509b97e.wav,gunshot,mp3:gunshot,synthetic_gunshot_052.wav,1509b97e869823cec4eef0c4e2143a1cab2df7c13ee30d37586409fad9518533,train,original,categorized_audio\gunshot\SS02056_1509b97e.wav
SS02057,SS02057_749da316.wav,gunshot,mp3:gunshot,synthetic_gunshot_053.wav,749da3161402d39dc7cd23de4d64fa2f302783807d63940599fd09117530a501,train,original,categorized_audio\gunshot\SS02057_749da316.wav
SS02061,SS02061_58a97b76.wav,gunshot,mp3:gunshot,synthetic_gunshot_057.wav,58a97b7652acddde910f7f50f85023e7d0fa5efca90cecf9ad8e07a27add378d,train,original,categorized_audio\gunshot\SS02061_58a97b76.wav
SS02062,SS02062_0db7d16e.wav,gunshot,mp3:gunshot,synthetic_gunshot_058.wav,0db7d16eec382f559a0f02b340107199da2a615189b01ed22ac6fc0ebd2aa18b,train,original,categorized_audio\gunshot\SS02062_0db7d16e.wav
SS02063,SS02063_f113d330.wav,gunshot,mp3:gunshot,synthetic_gunshot_059.wav,f113d330426f29385029a9477f26cfcce5e3bcb8414975017c7cff7e2cd3a1cc,train,original,categorized_audio\gunshot\SS02063_f113d330.wav
SS02065,SS02065_4e00eced.wav,gunshot,mp3:gunshot,synthetic_gunshot_061.wav,4e00eced3887366c7c1cdabdf43035564269491f2f7490820ebe41f16918da45,train,original,categorized_audio\gunshot\SS02065_4e00eced.wav
SS02066,SS02066_0f3b93d2.wav,gunshot,mp3:gunshot,synthetic_gunshot_062.wav,0f3b93d2bb5842e69000b87bd757eb511b002057a9d663b782720ce5027c0d8a,train,original,categorized_audio\gunshot\SS02066_0f3b93d2.wav
SS02068,SS02068_98cbdf93.wav,gunshot,mp3:gunshot,synthetic_gunshot_064.wav,98cbdf931c400ee019c9c54b1904bb544b1f10c04d35003754e24a157dfec0cf,train,original,categorized_audio\gunshot\SS02068_98cbdf93.wav
SS02071,SS02071_88500aaf.wav,gunshot,mp3:gunshot,synthetic_gunshot_067.wav,88500aafbec92488dcde055a3550196824cc3189de8ca9bcf36e4efeab7db6fc,train,original,categorized_audio\gunshot\SS02071_88500aaf.wav
SS02072,SS02072_182fefed.wav,gunshot,mp3:gunshot,synthetic_gunshot_068.wav,182fefed04ba1ab684ba37267264cd2dfaf5e18977ad3bfefde417bd4546d0af,train,original,categorized_audio\gunshot\SS02072_182fefed.wav
SS02074,SS02074_f6b453dd.wav,gunshot,mp3:gunshot,synthetic_gunshot_070.wav,f6b453dd6d08d0c1161c5b81e4613f7ecbeb424960bed73d7a63985d43d97b49,train,original,categorized_audio\gunshot\SS02074_f6b453dd.wav
SS02075,SS02075_f9631e78.wav,gunshot,mp3:gunshot,synthetic_gunshot_071.wav,f9631e786ee80f545750b1a8997376b586675a0a3d8640a7a984c6295a23a917,train,original,categorized_audio\gunshot\SS02075_f9631e78.wav
SS02076,SS02076_8b4b50e6.wav,gunshot,mp3:gunshot,synthetic_gunshot_072.wav,8b4b50e6457398ff34065d139567d40aa2c2e230a51e971ed93a0888a72e1c0d,train,original,categorized_audio\gunshot\SS02076_8b4b50e6.wav
SS02077,SS02077_36270e81.wav,gunshot,mp3:gunshot,synthetic_gunshot_073.wav,36270e81111e66babc0c13f0bdeeca85836f21ae6d988eee3fe642565c826752,train,original,categorized_audio\gunshot\SS02077_36270e81.wav
SS02078,SS02078_7a2c2e0a.wav,gunshot,mp3:gunshot,synthetic_gunshot_074.wav,7a2c2e0a572054e97ad8cb0f09d3e05c4c09501865aa18bc4f51f384ef735efa,train,original,categorized_audio\gunshot\SS02078_7a2c2e0a.wav
SS02079,SS02079_2e4250ae.wav,gunshot,mp3:gunshot,synthetic_gunshot_075.wav,2e4250ae0221172304c95a69864cc3508ab0aba72509774a2c34b4e65406d7d1,train,original,categorized_audio\gunshot\SS02079_2e4250ae.wav
SS02080,SS02080_a258f129.wav,gunshot,mp3:gunshot,synthetic_gunshot_076.wav,a258f1299fc4b87cf949e9845edd0a6c5ce96a9cc071ccd6f81e9dd96b865aaa,train,original,categorized_audio\gunshot\SS02080_a258f129.wav
SS02081,SS02081_398eeb88.wav,gunshot,mp3:gunshot,synthetic_gunshot_077.wav,398eeb8889efd0dcb342b05e3ab179d6b80063a091bb8e886cce3e0772ed34be,train,original,categorized_audio\gunshot\SS02081_398eeb88.wav
SS02082,SS02082_c2b5c5a7.wav,gunshot,mp3:gunshot,synthetic_gunshot_078.wav,c2b5c5a78e0407cd2088fc8d7be91edfa0bfa2ee0ae1351110f7f4ab2ffaee1b,train,original,categorized_audio\gunshot\SS02082_c2b5c5a7.wav
SS02083,SS02083_eb403f39.wav,gunshot,mp3:gunshot,synthetic_gunshot_079.wav,eb403f39ec1cbf424391988c838d6147f1f7ccbba66123fac28e691d61bc0db5,train,original,categorized_audio\gunshot\SS02083_eb403f39.wav
SS02084,SS02084_1c606c52.wav,gunshot,mp3:gunshot,synthetic_gunshot_080.wav,1c606c5246932bc2583da80f6158925956059bdbf9f780b394099d227eb82dfe,train,original,categorized_audio\gunshot\SS02084_1c606c52.wav
SS02085,SS02085_41d805cb.wav,gunshot,mp3:gunshot,synthetic_gunshot_081.wav,41d805cbd18909f31a40d089f324af3c160f76e3d63164d9d021b9f64a6e4763,train,original,categorized_audio\gunshot\SS02085_41d805cb.wav
SS02088,SS02088_7b056442.wav,gunshot,mp3:gunshot,synthetic_gunshot_084.wav,7b056442c5b62d903863c037e49800c63f5a05e014aa2249b1a1bfb488e5dc8d,train,original,categorized_audio\gunshot\SS02088_7b056442.wav
SS02089,SS02089_1b717961.wav,gunshot,mp3:gunshot,synthetic_gunshot_085.wav,1b717961f9d825da04b09e3329532cd351e26e26d0fe332273e8f92224368c02,train,original,categorized_audio\gunshot\SS02089_1b717961.wav
SS02090,SS02090_8551e031.wav,gunshot,mp3:gunshot,synthetic_gunshot_086.wav,8551e0319e54e3a27681daa09ef8f1ae08438c2b9248f377246f9218f59f4038,train,original,categorized_audio\gunshot\SS02090_8551e031.wav
SS02091,SS02091_31bda5cd.wav,gunshot,mp3:gunshot,synthetic_gunshot_087.wav,31bda5cd307563d99b49887eca927a76350ae8a5b441b930ba71bedeb2da4828,train,original,categorized_audio\gunshot\SS02091_31bda5cd.wav
SS02093,SS02093_4fd98631.wav,gunshot,mp3:gunshot,synthetic_gunshot_089.wav,4fd9863165ecf152c4ac571204e4ad3e6418cca8106e74e72cb3204d922aac1f,train,original,categorized_audio\gunshot\SS02093_4fd98631.wav
SS02094,SS02094_b526ca3e.wav,gunshot,mp3:gunshot,synthetic_gunshot_090.wav,b526ca3ec0d78df73396426fc27b44ee60bdaf6a84ada8189eb014b66e357393,train,original,categorized_audio\gunshot\SS02094_b526ca3e.wav
SS02096,SS02096_c9627c66.wav,gunshot,mp3:gunshot,synthetic_gunshot_092.wav,c9627c66ea52b482948ffbbc3efcd7b6f59b6477d85c274f30801360e7ad20ae,train,original,categorized_audio\gunshot\SS02096_c9627c66.wav
SS02097,SS02097_ab1fc760.wav,gunshot,mp3:gunshot,synthetic_gunshot_093.wav,ab1fc760c686e140bcbcb4388fd351c1dd231b4ce1713413094ee3b0866373f7,train,original,categorized_audio\gunshot\SS02097_ab1fc760.wav
SS02098,SS02098_c22ea656.wav,gunshot,mp3:gunshot,synthetic_gunshot_094.wav,c22ea656ffd7dbb2fea9b76e91385fd3f471017f5524d218ac72f886e3ba7af6,train,original,categorized_audio\gunshot\SS02098_c22ea656.wav
SS02101,SS02101_06ec10d3.wav,gunshot,mp3:gunshot,synthetic_gunshot_097.wav,06ec10d37f6afce59c6cb700bb21cc10cc6101864b8c9a0c32170d96a2f8c5f5,train,original,categorized_audio\gunshot\SS02101_06ec10d3.wav
SS02102,SS02102_0a59e064.wav,gunshot,mp3:gunshot,synthetic_gunshot_098.wav,0a59e064b444ac3280f97746166e163879567e95051468d7308ed0c9e82c3df1,train,original,categorized_audio\gunshot\SS02102_0a59e064.wav
SS02104,SS02104_29454923.wav,gunshot,mp3:gunshot,synthetic_gunshot_100.wav,29454923cca87b73a89d07210cffcc75925e9d19d706b4da72656607d691e00f,train,original,categorized_audio\gunshot\SS02104_29454923.wav
SS02106,SS02106_758064b4.wav,gunshot,mp3:gunshot,synthetic_gunshot_102.wav,758064b4a16ac02d782ad8dfa4df8fcd01690d90d685e8c00cac84be872df382,train,original,categorized_audio\gunshot\SS02106_758064b4.wav
SS02107,SS02107_d42d7afe.wav,gunshot,mp3:gunshot,synthetic_gunshot_103.wav,d42d7afe68922d827e6ced466d80e3cdf6c28385c4aaa51925472663a01bab52,train,original,categorized_audio\gunshot\SS02107_d42d7afe.wav
SS02110,SS02110_818907e7.wav,gunshot,mp3:gunshot,synthetic_gunshot_106.wav,818907e7c9ff211eb5b32c0d0852e8433ca9bb4714ab15cdee666f75ebf7d0ec,train,original,categorized_audio\gunshot\SS02110_818907e7.wav
SS02111,SS02111_8be9f996.wav,gunshot,mp3:gunshot,synthetic_gunshot_107.wav,8be9f99602d2644e3a1655e8fbc7326c0f3c6114b0e93bc9d546e9c29bff75bc,train,original,categorized_audio\gunshot\SS02111_8be9f996.wav
SS02112,SS02112_a6bf4d7c.wav,gunshot,mp3:gunshot,synthetic_gunshot_108.wav,a6bf4d7c1f6944a7d5c0c96fc3e7aaa1d32b45bfd33c938b47d747a6183d6448,train,original,categorized_audio\gunshot\SS02112_a6bf4d7c.wav
SS02113,SS02113_46c45e04.wav,gunshot,mp3:gunshot,synthetic_gunshot_109.wav,46c45e04d41daa93c092dcabe1ce0398ecc7d2278c54e28efa1205cc4f17c1b2,train,original,categorized_audio\gunshot\SS02113_46c45e04.wav
SS02114,SS02114_9d23327b.wav,gunshot,mp3:gunshot,synthetic_gunshot_110.wav,9d23327be114d72284987bfaf9228f21db69dc8954275c7bf0cae003e36b72fb,train,original,categorized_audio\gunshot\SS02114_9d23327b.wav
SS02115,SS02115_33834bbf.wav,gunshot,mp3:gunshot,synthetic_gunshot_111.wav,33834bbfb4988d2bb4d5489d5c96c2b466842b8b31755ede166cf487752edb3f,train,original,categorized_audio\gunshot\SS02115_33834bbf.wav
SS02116,SS02116_af8a2ad6.wav,gunshot,mp3:gunshot,synthetic_gunshot_112.wav,af8a2ad61b6381dd176e12a755376723e020d5ddf3a9c3fc363ef45f291a6f93,train,original,categorized_audio\gunshot\SS02116_af8a2ad6.wav
SS02117,SS02117_ee7b5f61.wav,gunshot,mp3:gunshot,synthetic_gunshot_113.wav,ee7b5f6127a316258c9fc152f65ddbc840d5da40f7e0888df0f090710229baa0,train,original,categorized_audio\gunshot\SS02117_ee7b5f61.wav
SS02118,SS02118_9f8b3e6f.wav,gunshot,mp3:gunshot,synthetic_gunshot_114.wav,9f8b3e6f524ad3c8ccbcf2c9ab33693e77078471c26bbdc1920ad7084ac09a9a,train,original,categorized_audio\gunshot\SS02118_9f8b3e6f.wav
SS02119,SS02119_dcbe8ba6.wav,gunshot,mp3:gunshot,synthetic_gunshot_115.wav,dcbe8ba663191dd355dc6f9d2c38013c2118c0daae90d1f2f6ac1dac3c8b95ed,train,original,categorized_audio\gunshot\SS02119_dcbe8ba6.wav
SS02120,SS02120_61f47473.wav,gunshot,mp3:gunshot,synthetic_gunshot_116.wav,61f474732a4d4fd54239f8ec84d5bfbc46df9f277c489df8df376920bcaceced,train,original,categorized_audio\gunshot\SS02120_61f47473.wav
SS02121,SS02121_47dbaf9e.wav,gunshot,mp3:gunshot,synthetic_gunshot_117.wav,47dbaf9e4645b3f0fb5b9d184f12e4a28819240c4817b5b30add8ba3c6432be6,train,original,categorized_audio\gunshot\SS02121_47dbaf9e.wav
SS02122,SS02122_572e8edf.wav,gunshot,mp3:gunshot,synthetic_gunshot_118.wav,572e8edf8811509577fb6ee891df89a702e3990e02e21861af103e76ca7d029a,train,original,categorized_audio\gunshot\SS02122_572e8edf.wav
SS02124,SS02124_14518638.wav,panic_scream,mp3:panic_scream,synthetic_panic_scream_000.wav,14518638e22b49cb4fcfd306d2cc9d8ed63cfc2a98083777fcc195a739d34aa7,train,original,categorized_audio\panic_scream\SS02124_14518638.wav
SS02125,SS02125_594d1b68.wav,panic_scream,mp3:panic_scream,synthetic_panic_scream_001.wav,594d1b684548b2849e5bb6fe0b2abb8af69f55155f9cefe6de7d51821e379e92,train,original,categorized_audio\panic_scream\SS02125_594d1b68.wav
SS02126,SS02126_9b20b77c.wav,panic_scream,mp3:panic_scream,synthetic_panic_scream_002.wav,9b20b77cc5b571555834f01e258cee980fca8a21a7b5a102239671ad6ce2cc03,train,original,categorized_audio\panic_scream\SS02126_9b20b77c.wav
SS02128,SS02128_7d991c9d.wav,panic_scream,mp3:panic_scream,synthetic_panic_scream_004.wav,7d991c9d1a26fee36c3e283a69804f2ca2a71075b8e50cb013cf6a6c5a65b3c5,train,original,categorized_audio\panic_scream\SS02128_7d991c9d.wav
SS02129,SS02129_1b02ab8f.wav,panic_scream,mp3:panic_scream,synthetic_panic_scream_005.wav,1b02ab8f3fca138c90199e4fe74e08822dd67d6c24f58b06c9c2948bf7d7c178,train,original,categorized_audio\panic_scream\SS02129_1b02ab8f.wav
SS02130,SS02130_7aa8b121.wav,panic_scream,mp3:panic_scream,synthetic_panic_scream_006.wav,7aa8b121826cb80b99361917689db7ed4fcf2aa37958e80c21a5071fe09c7e62,train,original,categorized_audio\panic_scream\SS02130_7aa8b121.wav
SS02131,SS02131_864cbf41.wav,panic_scream,mp3:panic_scream,synthetic_panic_scream_007.wav,864cbf415bf3ae06d6ba1d7ae7393cd70d77646193e1dc99ba7edd8f3e7c9cc0,train,original,categorized_audio\panic_scream\SS02131_864cbf41.wav
SS02134,SS02134_73c25292.wav,panic_scream,mp3:panic_scream,synthetic_panic_scream_010.wav,73c252922d8472d1fea198b0053092e8ce79a8bf988029b4bcd2a0912b406268,train,original,categorized_audio\panic_scream\SS02134_73c25292.wav
SS02136,SS02136_f9214ba3.wav,panic_scream,mp3:panic_scream,synthetic_panic_scream_012.wav,f9214ba3561575625724733d931c52f35c4f14856ab4f8fb0b5109296966a703,train,original,categorized_audio\panic_scream\SS02136_f9214ba3.wav
SS02137,SS02137_a10cf494.wav,panic_scream,mp3:panic_scream,synthetic_panic_scream_013.wav,a10cf494881f18627234d78c8f148071e5ddb7449ec63f9bab951abd1acfb65f,train,original,categorized_audio\panic_scream\SS02137_a10cf494.wav
SS02138,SS02138_cc360cb8.wav,panic_scream,mp3:panic_scream,synthetic_panic_scream_014.wav,cc360cb829ed840662b3ad8350a5734c9db34185d08f397199f319047b206f08,train,original,categorized_audio\panic_scream\SS02138_cc360cb8.wav
SS02140,SS02140_69b63ef3.wav,panic_scream,mp3:panic_scream,synthetic_panic_scream_016.wav,69b63ef3cebdeea90c187b61a56484645000b4e44bf547d222e3ee1cdf7190c4,train,original,categorized_audio\panic_scream\SS02140_69b63ef3.wav
SS02142,SS02142_b98987cb.wav,panic_scream,mp3:panic_scream,synthetic_panic_scream_018.wav,b98987cbf58ca52eb5d64bcd10e6ba82192bb54d4500ad4bdedd9408a5c0eb7e,train,original,categorized_audio\panic_scream\SS02142_b98987cb.wav
SS02143,SS02143_df0982fd.wav,panic_scream,mp3:panic_scream,synthetic_panic_scream_019.wav,df0982fdff2743eaa089f2a4c294366ff6b1a252637eed3a45ec4e6fb4b4e358,train,original,categorized_audio\panic_scream\SS02143_df0982fd.wav
SS02145,SS02145_5ea18d49.wav,panic_scream,mp3:panic_scream,synthetic_panic_scream_021.wav,5ea18d4987a696074d0d68f2231e6b639eb2163cd76915224fdb3a4727004cbc,train,original,categorized_audio\panic_scream\SS02145_5ea18d49.wav
SS02147,SS02147_f944ceae.wav,panic_scream,mp3:panic_scream,synthetic_panic_scream_023.wav,f944ceaefea45b8164ef3440124ffe2b0dea2f174ce0a75fcc6c8b90068c4f20,train,original,categorized_audio\panic_scream\SS02147_f944ceae.wav
SS02148,SS02148_08501eba.wav,panic_scream,mp3:panic_scream,synthetic_panic_scream_024.wav,08501eba97d4e846ab24b741eddc6c8e8837841c39d2e6a9caa9b9778c55d884,train,original,categorized_audio\panic_scream\SS02148_08501eba.wav
SS02150,SS02150_43b86169.wav,panic_scream,mp3:panic_scream,synthetic_panic_scream_026.wav,43b861695a57fe5b159e732a10b3d65a939413bbbcfa6eb61352bf55c0447496,train,original,categorized_audio\panic_scream\SS02150_43b86169.wav
SS02151,SS02151_b810a192.wav,panic_scream,mp3:panic_scream,synthetic_panic_scream_027.wav,b810a192fb8c6b228231e2bb58db0e4563c94fab97bf185f9c62d36717f594c5,train,original,categorized_audio\panic_scream\SS02151_b810a192.wav
SS02153,SS02153_77028400.wav,panic_scream,mp3:panic_scream,synthetic_panic_scream_029.wav,77028400cb072e51e6818b75f6c0ad34960e127bd501cd8a12e3a01695109feb,train,original,categorized_audio\panic_scream\SS02153_77028400.wav
SS02155,SS02155_116c298a.wav,panic_scream,mp3:panic_scream,synthetic_panic_scream_031.wav,116c298a55b89f77fb7522d41f9b7fd70d3e66013e2b3a30b2fb4a37d96e732f,train,original,categorized_audio\panic_scream\SS02155_116c298a.wav
SS02156,SS02156_29509d13.wav,panic_scream,mp3:panic_scream,synthetic_panic_scream_032.wav,29509d1391fc70d2aaba06dd07819f82cf7042b4db9964403201c0a17b4eb838,train,original,categorized_audio\panic_scream\SS02156_29509d13.wav
SS02157,SS02157_8adbe459.wav,panic_scream,mp3:panic_scream,synthetic_panic_scream_033.wav,8adbe459f82f7d240b3b0246610dbc2d90c279ab4819ffc605a80ff80bcc68fd,train,original,categorized_audio\panic_scream\SS02157_8adbe459.wav
SS02158,SS02158_475b3813.wav,panic_scream,mp3:panic_scream,synthetic_panic_scream_034.wav,475b38130dc0fee4a76ecace6a0a0bd96d3536d26adb56120a65790cba8ddfc9,train,original,categorized_audio\panic_scream\SS02158_475b3813.wav
SS02159,SS02159_e19d4593.wav,panic_scream,mp3:panic_scream,synthetic_panic_scream_035.wav,e19d45936c19c0d2af97d8ca4a097e7497b0b1599632c8c22b796356387af5fd,train,original,categorized_audio\panic_scream\SS02159_e19d4593.wav
SS02160,SS02160_edf35940.wav,panic_scream,mp3:panic_scream,synthetic_panic_scream_036.wav,edf35940d91b02886c7ae1370f0a3934d2acded29d2fa4001717c8e69159a3a9,train,original,categorized_audio\panic_scream\SS02160_edf35940.wav
SS02163,SS02163_d70e343f.wav,panic_scream,mp3:panic_scream,synthetic_panic_scream_039.wav,d70e343f26b621141440b02a1ab561796e5815bb56da408a8679c891811bbd43,train,original,categorized_audio\panic_scream\SS02163_d70e343f.wav
SS02165,SS02165_605b97ae.wav,panic_scream,mp3:panic_scream,synthetic_panic_scream_041.wav,605b97ae60ff2c8b92b64055a08e5bba60d3794133f217b48396787a8343c86c,train,original,categorized_audio\panic_scream\SS02165_605b97ae.wav
SS02166,SS02166_f79c4416.wav,panic_scream,mp3:panic_scream,synthetic_panic_scream_042.wav,f79c4416ad7031beec2a67e7625ac07dd3185cd0da5c9dc7ff28e6c6945536f4,train,original,categorized_audio\panic_scream\SS02166_f79c4416.wav
SS02167,SS02167_11195572.wav,panic_scream,mp3:panic_scream,synthetic_panic_scream_043.wav,1119557209389fa314cd2131005bac089b31c8b8d2f4c63a8131f1e0ad8534a4,train,original,categorized_audio\panic_scream\SS02167_11195572.wav
SS02169,SS02169_181ec733.wav,panic_scream,mp3:panic_scream,synthetic_panic_scream_045.wav,181ec733ea631fb38712e0073fe54e17ae316a6622cb2eeea0d994204c73af37,train,original,categorized_audio\panic_scream\SS02169_181ec733.wav
SS02171,SS02171_e3cb3015.wav,panic_scream,mp3:panic_scream,synthetic_panic_scream_047.wav,e3cb30159ea7f5bf451380de9c09ee933c7ce983f5d5fdbc2b16965004b29d45,train,original,categorized_audio\panic_scream\SS02171_e3cb3015.wav
SS02172,SS02172_54e3c055.wav,panic_scream,mp3:panic_scream,synthetic_panic_scream_048.wav,54e3c055143d615ac9ab9d0ccc8920830d89f8239693bd755019aaff6c6e75b4,train,original,categorized_audio\panic_scream\SS02172_54e3c055.wav
SS02173,SS02173_13ba5277.wav,panic_scream,mp3:panic_scream,synthetic_panic_scream_049.wav,13ba52772a549e95f363f278ee9b677351850eb647101bb629ad9d4a368d4e1e,train,original,categorized_audio\panic_scream\SS02173_13ba5277.wav
SS02174,SS02174_93db869e.wav,panic_scream,mp3:panic_scream,synthetic_panic_scream_050.wav,93db869e8842ea3a8b94cb9a5eeafb589184aee44a1618fd11283abc082903d6,train,original,categorized_audio\panic_scream\SS02174_93db869e.wav
SS02175,SS02175_453f1293.wav,panic_scream,mp3:panic_scream,synthetic_panic_scream_051.wav,453f1293cb2d23b045a5ae11d3f2d637c587d0e64feba1c85eb3bae13b06f274,train,original,categorized_audio\panic_scream\SS02175_453f1293.wav
SS02176,SS02176_0254faf3.wav,panic_scream,mp3:panic_scream,synthetic_panic_scream_052.wav,0254faf37d7e9e942e4c1337e1ae8b98562034c9b9eb0f140948db1e12769d4e,train,original,categorized_audio\panic_scream\SS02176_0254faf3.wav
SS02177,SS02177_b00bb19f.wav,panic_scream,mp3:panic_scream,synthetic_panic_scream_053.wav,b00bb19ff37ed4cef721f76954b4185de261bc12556316b83fb04601bb86bfb0,train,original,categorized_audio\panic_scream\SS02177_b00bb19f.wav
SS02178,SS02178_e6c904e7.wav,panic_scream,mp3:panic_scream,synthetic_panic_scream_054.wav,e6c904e72211589295e4f779d1711c01610d2fef3b47552538ad6d759ced6e9f,train,original,categorized_audio\panic_scream\SS02178_e6c904e7.wav
SS02179,SS02179_e9de0be1.wav,panic_scream,mp3:panic_scream,synthetic_panic_scream_055.wav,e9de0be1ffe405afc2372dc838e2fce19d8e7c8142a55b8c6cade4631326da5f,train,original,categorized_audio\panic_scream\SS02179_e9de0be1.wav
SS02182,SS02182_4174eda6.wav,panic_scream,mp3:panic_scream,synthetic_panic_scream_058.wav,4174eda68249c32ab786c0e3603c9c4400503b0ad70bbdbcb5d3de52b603d91c,train,original,categorized_audio\panic_scream\SS02182_4174eda6.wav
SS02183,SS02183_1f5276de.wav,panic_scream,mp3:panic_scream,synthetic_panic_scream_059.wav,1f5276de3a7191860c96763f76d2c32cbbb48fbd87eaf84baba6f4c7dc410f89,train,original,categorized_audio\panic_scream\SS02183_1f5276de.wav
SS02184,SS02184_b2c47b6a.wav,panic_scream,mp3:panic_scream,synthetic_panic_scream_060.wav,b2c47b6ae6db2e47f3a5d619e818b0ba22cedb68c9f675a22d3a3fffdfc1cef1,train,original,categorized_audio\panic_scream\SS02184_b2c47b6a.wav
SS02185,SS02185_46eb511c.wav,panic_scream,mp3:panic_scream,synthetic_panic_scream_061.wav,46eb511ce808b4fd4e3975772e7bb509a2f70421255b381323f323b70f63e611,train,original,categorized_audio\panic_scream\SS02185_46eb511c.wav
SS02186,SS02186_01c97f3b.wav,panic_scream,mp3:panic_scream,synthetic_panic_scream_062.wav,01c97f3b7bac1e0ad7713309eea35a35b385e52198e79fe2827cc925b7fd72d8,train,original,categorized_audio\panic_scream\SS02186_01c97f3b.wav
SS02188,SS02188_327a008a.wav,panic_scream,mp3:panic_scream,synthetic_panic_scream_064.wav,327a008a52afeb4373cb522b2c7fe1368eec9702000242d649a593cc0c36b3fb,train,original,categorized_audio\panic_scream\SS02188_327a008a.wav
SS02190,SS02190_0f3dc40c.wav,panic_scream,mp3:panic_scream,synthetic_panic_scream_066.wav,0f3dc40c12ccc53080964757805592e399fc892bde78fd27a5df79dc0ac56665,train,original,categorized_audio\panic_scream\SS02190_0f3dc40c.wav
SS02191,SS02191_d05d820a.wav,panic_scream,mp3:panic_scream,synthetic_panic_scream_067.wav,d05d820a4aa82b3f8947b60534849e4c975a00854d28390964cd700d331f7f46,train,original,categorized_audio\panic_scream\SS02191_d05d820a.wav
SS02192,SS02192_f0d3f075.wav,panic_scream,mp3:panic_scream,synthetic_panic_scream_068.wav,f0d3f0752b744f892f976156ff17dd6134095fbaf7484ce350b21bee0d917341,train,original,categorized_audio\panic_scream\SS02192_f0d3f075.wav
SS02195,SS02195_e730d151.wav,panic_scream,mp3:panic_scream,synthetic_panic_scream_071.wav,e730d1510a93221b15df43e4831901ded7db7dde79895dda1ed34e5e1d48034e,train,original,categorized_audio\panic_scream\SS02195_e730d151.wav
SS02196,SS02196_0f1051da.wav,panic_scream,mp3:panic_scream,synthetic_panic_scream_072.wav,0f1051da9ac5a2305c75d85cfca673ee08fa8e277d8f7e479c578b2b2034ffa6,train,original,categorized_audio\panic_scream\SS02196_0f1051da.wav
SS02197,SS02197_d416a3a5.wav,panic_scream,mp3:panic_scream,synthetic_panic_scream_073.wav,d416a3a599a513d3c4db5dd7f9dded32242665ed9a3cc23080638ec23d15e6ba,train,original,categorized_audio\panic_scream\SS02197_d416a3a5.wav
SS02198,SS02198_df1aaa16.wav,panic_scream,mp3:panic_scream,synthetic_panic_scream_074.wav,df1aaa16c81e891714a76cc9209ba7e5cf19a4820908f479d9858688d5129240,train,original,categorized_audio\panic_scream\SS02198_df1aaa16.wav
SS02199,SS02199_4d2da8f6.wav,panic_scream,mp3:panic_scream,synthetic_panic_scream_075.wav,4d2da8f6af9c690d296049e81c33b7b3b37bac782d3f9524c8ee4af2e34f7244,train,original,categorized_audio\panic_scream\SS02199_4d2da8f6.wav
SS02200,SS02200_4d972dae.wav,panic_scream,mp3:panic_scream,synthetic_panic_scream_076.wav,4d972dae3aea2c601121cce1550dabbeb9c4e3d07e2b475552f8fe5e4ba31304,train,original,categorized_audio\panic_scream\SS02200_4d972dae.wav
SS02201,SS02201_765035d4.wav,panic_scream,mp3:panic_scream,synthetic_panic_scream_077.wav,765035d49ce4cf8aa692d46ff2821467888699d978c1bfa98362f0cd33f20723,train,original,categorized_audio\panic_scream\SS02201_765035d4.wav
SS02202,SS02202_89146cb2.wav,panic_scream,mp3:panic_scream,synthetic_panic_scream_078.wav,89146cb2fc35f73e7ed2db1c745a94f8183f637a8089feebe9f239987ab856bd,train,original,categorized_audio\panic_scream\SS02202_89146cb2.wav
SS02203,SS02203_d49bbefb.wav,panic_scream,mp3:panic_scream,synthetic_panic_scream_079.wav,d49bbefbbb4d49b5431901f86f65b9bdf1f9ff9677915e92923bf4f590a6687b,train,original,categorized_audio\panic_scream\SS02203_d49bbefb.wav
SS02204,SS02204_11db16c0.wav,panic_scream,mp3:panic_scream,synthetic_panic_scream_080.wav,11db16c0c3b6501e529b8edd12ea0dea6da0131ba2e1d91bed5912cebe028ec8,train,original,categorized_audio\panic_scream\SS02204_11db16c0.wav
SS02206,SS02206_663cbe99.wav,panic_scream,mp3:panic_scream,synthetic_panic_scream_082.wav,663cbe996fa78be9e7895e87ad849639708d51f38ce3b839545d3f8192f07450,train,original,categorized_audio\panic_scream\SS02206_663cbe99.wav
SS02207,SS02207_428b6120.wav,panic_scream,mp3:panic_scream,synthetic_panic_scream_083.wav,428b6120b9d3ee346f68dc33e6ec41dcb6678bf0342fbaab28d449df4698f757,train,original,categorized_audio\panic_scream\SS02207_428b6120.wav
SS02208,SS02208_09b6744d.wav,panic_scream,mp3:panic_scream,synthetic_panic_scream_084.wav,09b6744d47424db9bf7643961aa04a07dd0d111ec50e13f62de230f620ef0d9d,train,original,categorized_audio\panic_scream\SS02208_09b6744d.wav
SS02210,SS02210_3f44c934.wav,panic_scream,mp3:panic_scream,synthetic_panic_scream_086.wav,3f44c9341b2902eb960e22d3c674078bea80c8a3ddb7f51f39664eb5f52a0f5e,train,original,categorized_audio\panic_scream\SS02210_3f44c934.wav
SS02212,SS02212_7b689578.wav,panic_scream,mp3:panic_scream,synthetic_panic_scream_088.wav,7b68957838e27c29f6bcae138e24c3598ac31bd46d707329b633601e5f964ce0,train,original,categorized_audio\panic_scream\SS02212_7b689578.wav
SS02216,SS02216_d3e9eafa.wav,panic_scream,mp3:panic_scream,synthetic_panic_scream_092.wav,d3e9eafa2b32005966423c4242d9aab88f2bc17ac7326ef39982147d2b2ece0f,train,original,categorized_audio\panic_scream\SS02216_d3e9eafa.wav
SS02218,SS02218_4e427066.wav,panic_scream,mp3:panic_scream,synthetic_panic_scream_094.wav,4e427066f43ffdd65a54ba5f1346a6a9141d56ab9eb39088bdbe36e126ab8c35,train,original,categorized_audio\panic_scream\SS02218_4e427066.wav
SS02219,SS02219_e872a06d.wav,panic_scream,mp3:panic_scream,synthetic_panic_scream_095.wav,e872a06d64149b9d31e27861de58a232ecc34e4649a02c243e2b8b9f892b01ed,train,original,categorized_audio\panic_scream\SS02219_e872a06d.wav
SS02220,SS02220_4db34155.wav,panic_scream,mp3:panic_scream,synthetic_panic_scream_096.wav,4db34155f2a2950d566c56ff57a6be91e287e603f2dbd066fe012545a4583ddd,train,original,categorized_audio\panic_scream\SS02220_4db34155.wav
SS02221,SS02221_75501c75.wav,panic_scream,mp3:panic_scream,synthetic_panic_scream_097.wav,75501c75ad1ed4684dd7c7d279e4018756cc3e7487c817067e0408f8e737ed55,train,original,categorized_audio\panic_scream\SS02221_75501c75.wav
SS02222,SS02222_e46e2ac4.wav,panic_scream,mp3:panic_scream,synthetic_panic_scream_098.wav,e46e2ac46d1c6bec6f25ad7efa52a4b02300bdb5871ee4e356864523115cc44f,train,original,categorized_audio\panic_scream\SS02222_e46e2ac4.wav
SS02223,SS02223_87910d61.wav,panic_scream,mp3:panic_scream,synthetic_panic_scream_099.wav,87910d61767b191b5bee3dc436e6494bf0e60e5490dbd4e9729c830e477c0973,train,original,categorized_audio\panic_scream\SS02223_87910d61.wav
SS02224,SS02224_92c4476c.wav,panic_scream,mp3:panic_scream,synthetic_panic_scream_100.wav,92c4476c326c344ea2f38f23d4fab139e38fc060f82ed65a1b467243254b8d41,train,original,categorized_audio\panic_scream\SS02224_92c4476c.wav
SS02225,SS02225_158370d1.wav,panic_scream,mp3:panic_scream,synthetic_panic_scream_101.wav,158370d1ee4f97cad478e6cfd93d24b997a7e024a57ad74729f20626fb4f18af,train,original,categorized_audio\panic_scream\SS02225_158370d1.wav
SS02226,SS02226_40cbd777.wav,panic_scream,mp3:panic_scream,synthetic_panic_scream_102.wav,40cbd777aee0f392effc53cb52712c6e37cba5b86464ec4ef9c6c85a8c2c7b96,train,original,categorized_audio\panic_scream\SS02226_40cbd777.wav
SS02228,SS02228_bccd2be5.wav,panic_scream,mp3:panic_scream,synthetic_panic_scream_104.wav,bccd2be554a2facd7870253a982277655f791f3a5a9dec3f8b1fdd50004d9bf8,train,original,categorized_audio\panic_scream\SS02228_bccd2be5.wav
SS02230,SS02230_27efd1bd.wav,panic_scream,mp3:panic_scream,synthetic_panic_scream_106.wav,27efd1bdd74b437c7568aee9ea013d251ede8ed71a2eec5cc0c06af739136018,train,original,categorized_audio\panic_scream\SS02230_27efd1bd.wav
SS02231,SS02231_2865e181.wav,panic_scream,mp3:panic_scream,synthetic_panic_scream_107.wav,2865e18163e4067bad08354c1a8183136dba3dc93ebf77a3cea1daa9c24de37c,train,original,categorized_audio\panic_scream\SS02231_2865e181.wav
SS02234,SS02234_5105c2e3.wav,panic_scream,mp3:panic_scream,synthetic_panic_scream_110.wav,5105c2e35d0ea24ac272f90fa265e3236d05041da37c0d2417ce0e96deba9c8b,train,original,categorized_audio\panic_scream\SS02234_5105c2e3.wav
SS02235,SS02235_1487fc51.wav,panic_scream,mp3:panic_scream,synthetic_panic_scream_111.wav,1487fc5100e455b6c834d6f55c40025e02b81936173fe0e92aec86b04e35a382,train,original,categorized_audio\panic_scream\SS02235_1487fc51.wav
SS02236,SS02236_31a8c65d.wav,panic_scream,mp3:panic_scream,synthetic_panic_scream_112.wav,31a8c65d11db05ce6cf3eacd07936e13cac0ba2e04482e3adf092aa396077ab1,train,original,categorized_audio\panic_scream\SS02236_31a8c65d.wav
SS02237,SS02237_0e3a5a29.wav,panic_scream,mp3:panic_scream,synthetic_panic_scream_113.wav,0e3a5a290ce3fbeaf62cba8b114759a610e9f01cf0b151a59dc5ab1a7c1a8489,train,original,categorized_audio\panic_scream\SS02237_0e3a5a29.wav
SS02241,SS02241_1ef4d75f.wav,panic_scream,mp3:panic_scream,synthetic_panic_scream_117.wav,1ef4d75ff5549e9963632f02b0a5403cbae00e8df5391db0d07c4bda4bed1f16,train,original,categorized_audio\panic_scream\SS02241_1ef4d75f.wav
SS02242,SS02242_e271b119.wav,panic_scream,mp3:panic_scream,synthetic_panic_scream_118.wav,e271b1195a352af18081e8804cbea079bf5720e33deb4e7bd8a03661006ee0e2,train,original,categorized_audio\panic_scream\SS02242_e271b119.wav
SS02243,SS02243_53205af0.wav,panic_scream,mp3:panic_scream,synthetic_panic_scream_119.wav,53205af0a6392d90d3dbb5cba7d537dffe016b822ccf3addb42b81a8a2b56a81,train,original,categorized_audio\panic_scream\SS02243_53205af0.wav
