audio_id,filename,actual_class,python_pred,python_conf,python_all_conf,second_model_pred,second_model_conf,gtm_pred,gtm_conf,gtm_all_conf,class_match,top_class_conf_diff,python_top_two_margin,gtm_top_two_margin,audio_quality,severity,alert_status,manual_review,final_decision,python_correct,gtm_correct,disagreement_reason
SS00007,SS00007_4a18f3f8.wav,animal_sound,gunshot,47.2,"{""aggression"": 3.6, ""alarm_siren"": 0.97, ""animal_sound"": 10.53, ""background_noise"": 7.67, ""glass_breaking"": 7.9, ""gunshot"": 47.2, ""machinery_fault"": 1.01, ""panic_scream"": 0.79, ""person_asking_for_help"": 18.33, ""vehicle_horn"": 2.0}",gunshot,35.75,NOT AVAILABLE,,NOT AVAILABLE,yes,11.45,28.87,,Good,Critical,None,yes,gunshot,no,N/A,
SS00013,SS00013_d2dd3a33.wav,background_noise,background_noise,96.47,"{""aggression"": 1.31, ""alarm_siren"": 0.0, ""animal_sound"": 0.3, ""background_noise"": 96.47, ""glass_breaking"": 1.5, ""gunshot"": 0.01, ""machinery_fault"": 0.07, ""panic_scream"": 0.02, ""person_asking_for_help"": 0.29, ""vehicle_horn"": 0.03}",background_noise,40.75,NOT AVAILABLE,,NOT AVAILABLE,yes,55.72,94.97,,Poor,Informational,None,yes,background_noise,yes,N/A,
SS00018,SS00018_73e2dd5e.wav,background_noise,background_noise,98.11,"{""aggression"": 0.07, ""alarm_siren"": 0.02, ""animal_sound"": 0.23, ""background_noise"": 98.11, ""glass_breaking"": 0.01, ""gunshot"": 0.01, ""machinery_fault"": 0.62, ""panic_scream"": 0.02, ""person_asking_for_help"": 0.21, ""vehicle_horn"": 0.69}",background_noise,70.75,NOT AVAILABLE,,NOT AVAILABLE,yes,27.36,97.42,,Poor,Informational,None,yes,background_noise,yes,N/A,
SS00025,SS00025_3d278bc2.wav,background_noise,background_noise,96.1,"{""aggression"": 2.24, ""alarm_siren"": 0.0, ""animal_sound"": 0.07, ""background_noise"": 96.1, ""glass_breaking"": 1.25, ""gunshot"": 0.0, ""machinery_fault"": 0.18, ""panic_scream"": 0.0, ""person_asking_for_help"": 0.1, ""vehicle_horn"": 0.05}",background_noise,59.75,NOT AVAILABLE,,NOT AVAILABLE,yes,36.35,93.86,,Acceptable,Informational,None,no,background_noise,yes,N/A,
SS00026,SS00026_d732acd2.wav,background_noise,machinery_fault,71.15,"{""aggression"": 7.29, ""alarm_siren"": 0.92, ""animal_sound"": 1.44, ""background_noise"": 16.71, ""glass_breaking"": 0.11, ""gunshot"": 0.11, ""machinery_fault"": 71.15, ""panic_scream"": 0.14, ""person_asking_for_help"": 1.04, ""vehicle_horn"": 1.08}",background_noise,38.5,NOT AVAILABLE,,NOT AVAILABLE,no,32.65,54.44,,Poor,High,None,yes,machinery_fault,no,N/A,Python=machinery_fault vs model2=background_noise; conf diff 32.65
SS00030,SS00030_e6a90f13.wav,background_noise,background_noise,90.37,"{""aggression"": 2.08, ""alarm_siren"": 0.05, ""animal_sound"": 3.9, ""background_noise"": 90.37, ""glass_breaking"": 0.55, ""gunshot"": 0.12, ""machinery_fault"": 2.17, ""panic_scream"": 0.04, ""person_asking_for_help"": 0.15, ""vehicle_horn"": 0.57}",background_noise,57.25,NOT AVAILABLE,,NOT AVAILABLE,yes,33.12,86.47,,Acceptable,Informational,None,no,background_noise,yes,N/A,
SS00037,SS00037_7fc23f01.wav,animal_sound,animal_sound,97.95,"{""aggression"": 0.02, ""alarm_siren"": 0.16, ""animal_sound"": 97.95, ""background_noise"": 0.08, ""glass_breaking"": 0.03, ""gunshot"": 0.0, ""machinery_fault"": 0.1, ""panic_scream"": 0.0, ""person_asking_for_help"": 1.66, ""vehicle_horn"": 0.01}",animal_sound,80.75,NOT AVAILABLE,,NOT AVAILABLE,yes,17.2,96.29,,Good,Low,None,no,animal_sound,yes,N/A,
SS00038,SS00038_3fadff6b.wav,animal_sound,animal_sound,71.39,"{""aggression"": 0.13, ""alarm_siren"": 0.36, ""animal_sound"": 71.39, ""background_noise"": 2.39, ""glass_breaking"": 0.1, ""gunshot"": 0.0, ""machinery_fault"": 0.1, ""panic_scream"": 0.01, ""person_asking_for_help"": 25.37, ""vehicle_horn"": 0.15}",animal_sound,58.75,NOT AVAILABLE,,NOT AVAILABLE,yes,12.64,46.02,,Good,Low,None,no,animal_sound,yes,N/A,
SS00042,SS00042_d10dfa62.wav,animal_sound,person_asking_for_help,77.86,"{""aggression"": 2.51, ""alarm_siren"": 0.26, ""animal_sound"": 8.62, ""background_noise"": 4.07, ""glass_breaking"": 2.85, ""gunshot"": 0.84, ""machinery_fault"": 0.44, ""panic_scream"": 0.15, ""person_asking_for_help"": 77.86, ""vehicle_horn"": 2.4}",person_asking_for_help,25.5,NOT AVAILABLE,,NOT AVAILABLE,yes,52.36,69.24,,Good,Critical,Active,no,person_asking_for_help,no,N/A,
SS00043,SS00043_8fd98d50.wav,animal_sound,animal_sound,95.3,"{""aggression"": 0.04, ""alarm_siren"": 1.18, ""animal_sound"": 95.3, ""background_noise"": 0.02, ""glass_breaking"": 0.03, ""gunshot"": 0.01, ""machinery_fault"": 0.1, ""panic_scream"": 0.01, ""person_asking_for_help"": 2.18, ""vehicle_horn"": 1.14}",animal_sound,70.25,NOT AVAILABLE,,NOT AVAILABLE,yes,25.05,93.12,,Good,Low,None,no,animal_sound,yes,N/A,
SS00046,SS00046_6f15bb8c.wav,machinery_fault,machinery_fault,99.81,"{""aggression"": 0.01, ""alarm_siren"": 0.04, ""animal_sound"": 0.09, ""background_noise"": 0.02, ""glass_breaking"": 0.0, ""gunshot"": 0.01, ""machinery_fault"": 99.81, ""panic_scream"": 0.01, ""person_asking_for_help"": 0.01, ""vehicle_horn"": 0.01}",machinery_fault,70.5,NOT AVAILABLE,,NOT AVAILABLE,yes,29.31,99.72,,Poor,High,None,yes,machinery_fault,yes,N/A,
SS00048,SS00048_02afa310.wav,machinery_fault,machinery_fault,86.32,"{""aggression"": 0.69, ""alarm_siren"": 0.04, ""animal_sound"": 3.64, ""background_noise"": 8.98, ""glass_breaking"": 0.13, ""gunshot"": 0.04, ""machinery_fault"": 86.32, ""panic_scream"": 0.03, ""person_asking_for_help"": 0.1, ""vehicle_horn"": 0.04}",machinery_fault,41.5,NOT AVAILABLE,,NOT AVAILABLE,yes,44.82,77.34,,Acceptable,High,Active,no,machinery_fault,yes,N/A,
SS00050,SS00050_04f11bf7.wav,machinery_fault,machinery_fault,97.5,"{""aggression"": 0.15, ""alarm_siren"": 0.02, ""animal_sound"": 0.97, ""background_noise"": 0.1, ""glass_breaking"": 0.81, ""gunshot"": 0.01, ""machinery_fault"": 97.5, ""panic_scream"": 0.01, ""person_asking_for_help"": 0.42, ""vehicle_horn"": 0.02}",machinery_fault,52.25,NOT AVAILABLE,,NOT AVAILABLE,yes,45.25,96.53,,Good,High,Active,no,machinery_fault,yes,N/A,
SS00056,SS00056_776ae2c1.wav,animal_sound,animal_sound,85.46,"{""aggression"": 0.47, ""alarm_siren"": 0.16, ""animal_sound"": 85.46, ""background_noise"": 0.37, ""glass_breaking"": 0.17, ""gunshot"": 0.1, ""machinery_fault"": 6.69, ""panic_scream"": 0.11, ""person_asking_for_help"": 6.01, ""vehicle_horn"": 0.46}",animal_sound,60.5,NOT AVAILABLE,,NOT AVAILABLE,yes,24.96,78.77,,Good,Low,None,no,animal_sound,yes,N/A,
SS00064,SS00064_a2b8e982.wav,background_noise,animal_sound,62.78,"{""aggression"": 0.12, ""alarm_siren"": 0.21, ""animal_sound"": 62.78, ""background_noise"": 33.04, ""glass_breaking"": 0.25, ""gunshot"": 0.02, ""machinery_fault"": 0.16, ""panic_scream"": 0.03, ""person_asking_for_help"": 3.35, ""vehicle_horn"": 0.05}",animal_sound,57.5,NOT AVAILABLE,,NOT AVAILABLE,yes,5.28,29.74,,Good,Low,None,no,animal_sound,no,N/A,
SS00087,SS00087_806548ec.wav,background_noise,background_noise,99.06,"{""aggression"": 0.03, ""alarm_siren"": 0.02, ""animal_sound"": 0.08, ""background_noise"": 99.06, ""glass_breaking"": 0.01, ""gunshot"": 0.01, ""machinery_fault"": 0.53, ""panic_scream"": 0.0, ""person_asking_for_help"": 0.07, ""vehicle_horn"": 0.19}",background_noise,79.25,NOT AVAILABLE,,NOT AVAILABLE,yes,19.81,98.53,,Poor,Informational,None,yes,background_noise,yes,N/A,
SS00088,SS00088_23c54679.wav,vehicle_horn,vehicle_horn,98.18,"{""aggression"": 0.01, ""alarm_siren"": 1.44, ""animal_sound"": 0.1, ""background_noise"": 0.0, ""glass_breaking"": 0.02, ""gunshot"": 0.02, ""machinery_fault"": 0.15, ""panic_scream"": 0.07, ""person_asking_for_help"": 0.01, ""vehicle_horn"": 98.18}",machinery_fault,27.25,NOT AVAILABLE,,NOT AVAILABLE,no,70.93,96.74,,Poor,Medium,None,yes,vehicle_horn,yes,N/A,Python=vehicle_horn vs model2=machinery_fault; conf diff 70.93
SS00089,SS00089_f7161457.wav,background_noise,machinery_fault,57.81,"{""aggression"": 0.92, ""alarm_siren"": 6.69, ""animal_sound"": 25.75, ""background_noise"": 0.73, ""glass_breaking"": 0.69, ""gunshot"": 0.08, ""machinery_fault"": 57.81, ""panic_scream"": 0.19, ""person_asking_for_help"": 0.69, ""vehicle_horn"": 6.45}",machinery_fault,45.0,NOT AVAILABLE,,NOT AVAILABLE,yes,12.81,32.06,,Poor,High,None,yes,machinery_fault,no,N/A,
SS00106,SS00106_3641b914.wav,animal_sound,animal_sound,99.94,"{""aggression"": 0.0, ""alarm_siren"": 0.0, ""animal_sound"": 99.94, ""background_noise"": 0.0, ""glass_breaking"": 0.0, ""gunshot"": 0.0, ""machinery_fault"": 0.0, ""panic_scream"": 0.0, ""person_asking_for_help"": 0.01, ""vehicle_horn"": 0.05}",animal_sound,91.75,NOT AVAILABLE,,NOT AVAILABLE,yes,8.19,99.89,,Good,Low,None,no,animal_sound,yes,N/A,
SS00111,SS00111_403db280.wav,animal_sound,animal_sound,95.28,"{""aggression"": 0.04, ""alarm_siren"": 0.02, ""animal_sound"": 95.28, ""background_noise"": 0.06, ""glass_breaking"": 0.04, ""gunshot"": 0.0, ""machinery_fault"": 4.55, ""panic_scream"": 0.0, ""person_asking_for_help"": 0.02, ""vehicle_horn"": 0.0}",animal_sound,60.75,NOT AVAILABLE,,NOT AVAILABLE,yes,34.53,90.73,,Good,Low,None,no,animal_sound,yes,N/A,
SS00116,SS00116_ea7a0ee2.wav,alarm_siren,alarm_siren,96.22,"{""aggression"": 0.07, ""alarm_siren"": 96.22, ""animal_sound"": 1.56, ""background_noise"": 0.02, ""glass_breaking"": 0.14, ""gunshot"": 0.01, ""machinery_fault"": 0.37, ""panic_scream"": 0.01, ""person_asking_for_help"": 1.42, ""vehicle_horn"": 0.17}",alarm_siren,43.0,NOT AVAILABLE,,NOT AVAILABLE,yes,53.22,94.66,,Poor,High,None,yes,alarm_siren,yes,N/A,
SS00117,SS00117_5b6f2f37.wav,animal_sound,animal_sound,91.4,"{""aggression"": 0.04, ""alarm_siren"": 0.16, ""animal_sound"": 91.4, ""background_noise"": 0.06, ""glass_breaking"": 0.02, ""gunshot"": 0.01, ""machinery_fault"": 0.05, ""panic_scream"": 0.16, ""person_asking_for_help"": 5.47, ""vehicle_horn"": 2.64}",animal_sound,69.25,NOT AVAILABLE,,NOT AVAILABLE,yes,22.15,85.93,,Acceptable,Low,None,no,animal_sound,yes,N/A,
SS00121,SS00121_f8958a10.wav,animal_sound,animal_sound,83.8,"{""aggression"": 0.75, ""alarm_siren"": 0.27, ""animal_sound"": 83.8, ""background_noise"": 0.24, ""glass_breaking"": 0.69, ""gunshot"": 0.12, ""machinery_fault"": 1.73, ""panic_scream"": 0.19, ""person_asking_for_help"": 5.43, ""vehicle_horn"": 6.79}",animal_sound,42.5,NOT AVAILABLE,,NOT AVAILABLE,yes,41.3,77.01,,Good,Low,None,no,animal_sound,yes,N/A,
SS00127,SS00127_53e23b70.wav,animal_sound,animal_sound,93.09,"{""aggression"": 0.18, ""alarm_siren"": 0.1, ""animal_sound"": 93.09, ""background_noise"": 3.13, ""glass_breaking"": 0.26, ""gunshot"": 0.02, ""machinery_fault"": 2.08, ""panic_scream"": 0.06, ""person_asking_for_help"": 0.23, ""vehicle_horn"": 0.85}",animal_sound,49.75,NOT AVAILABLE,,NOT AVAILABLE,yes,43.34,89.96,,Good,Low,None,no,animal_sound,yes,N/A,
SS00138,SS00138_5cc4ea44.wav,animal_sound,animal_sound,97.46,"{""aggression"": 0.07, ""alarm_siren"": 0.45, ""animal_sound"": 97.46, ""background_noise"": 0.01, ""glass_breaking"": 0.01, ""gunshot"": 0.0, ""machinery_fault"": 0.37, ""panic_scream"": 0.03, ""person_asking_for_help"": 1.33, ""vehicle_horn"": 0.26}",animal_sound,43.25,NOT AVAILABLE,,NOT AVAILABLE,yes,54.21,96.13,,Poor,Low,None,yes,animal_sound,yes,N/A,
SS00141,SS00141_cb823cc6.wav,machinery_fault,machinery_fault,92.01,"{""aggression"": 3.61, ""alarm_siren"": 0.09, ""animal_sound"": 1.7, ""background_noise"": 1.55, ""glass_breaking"": 0.21, ""gunshot"": 0.07, ""machinery_fault"": 92.01, ""panic_scream"": 0.07, ""person_asking_for_help"": 0.15, ""vehicle_horn"": 0.55}",aggression,40.75,NOT AVAILABLE,,NOT AVAILABLE,no,51.26,88.4,,Poor,High,None,yes,machinery_fault,yes,N/A,Python=machinery_fault vs model2=aggression; conf diff 51.26
SS00148,SS00148_3609c5ef.wav,background_noise,background_noise,77.87,"{""aggression"": 0.11, ""alarm_siren"": 0.02, ""animal_sound"": 0.15, ""background_noise"": 77.87, ""glass_breaking"": 0.01, ""gunshot"": 0.02, ""machinery_fault"": 19.94, ""panic_scream"": 0.04, ""person_asking_for_help"": 0.46, ""vehicle_horn"": 1.39}",background_noise,55.75,NOT AVAILABLE,,NOT AVAILABLE,yes,22.12,57.93,,Poor,Informational,None,yes,background_noise,yes,N/A,
SS00149,SS00149_ae0ad868.wav,background_noise,background_noise,92.23,"{""aggression"": 0.18, ""alarm_siren"": 0.03, ""animal_sound"": 5.85, ""background_noise"": 92.23, ""glass_breaking"": 0.75, ""gunshot"": 0.03, ""machinery_fault"": 0.6, ""panic_scream"": 0.02, ""person_asking_for_help"": 0.29, ""vehicle_horn"": 0.01}",background_noise,45.5,NOT AVAILABLE,,NOT AVAILABLE,yes,46.73,86.38,,Good,Informational,None,no,background_noise,yes,N/A,
SS00160,SS00160_c4f5bc0c.wav,animal_sound,animal_sound,78.65,"{""aggression"": 0.91, ""alarm_siren"": 9.68, ""animal_sound"": 78.65, ""background_noise"": 0.11, ""glass_breaking"": 0.29, ""gunshot"": 0.06, ""machinery_fault"": 1.0, ""panic_scream"": 0.58, ""person_asking_for_help"": 8.21, ""vehicle_horn"": 0.51}",animal_sound,44.25,NOT AVAILABLE,,NOT AVAILABLE,yes,34.4,68.97,,Good,Low,None,no,animal_sound,yes,N/A,
SS00169,SS00169_b5be86f8.wav,machinery_fault,machinery_fault,96.32,"{""aggression"": 1.17, ""alarm_siren"": 0.41, ""animal_sound"": 1.73, ""background_noise"": 0.25, ""glass_breaking"": 0.02, ""gunshot"": 0.04, ""machinery_fault"": 96.32, ""panic_scream"": 0.03, ""person_asking_for_help"": 0.03, ""vehicle_horn"": 0.0}",machinery_fault,83.25,NOT AVAILABLE,,NOT AVAILABLE,yes,13.07,94.59,,Poor,High,None,yes,machinery_fault,yes,N/A,
SS00177,SS00177_66bea025.wav,animal_sound,animal_sound,50.36,"{""aggression"": 3.5, ""alarm_siren"": 1.12, ""animal_sound"": 50.36, ""background_noise"": 19.66, ""glass_breaking"": 1.24, ""gunshot"": 0.58, ""machinery_fault"": 4.26, ""panic_scream"": 0.64, ""person_asking_for_help"": 16.77, ""vehicle_horn"": 1.87}",machinery_fault,34.5,NOT AVAILABLE,,NOT AVAILABLE,no,15.86,30.7,,Poor,Low,None,yes,animal_sound,yes,N/A,Python=animal_sound vs model2=machinery_fault; conf diff 15.86
SS00178,SS00178_e00a8c06.wav,alarm_siren,alarm_siren,95.75,"{""aggression"": 0.36, ""alarm_siren"": 95.75, ""animal_sound"": 0.36, ""background_noise"": 0.11, ""glass_breaking"": 0.55, ""gunshot"": 0.06, ""machinery_fault"": 0.11, ""panic_scream"": 0.28, ""person_asking_for_help"": 1.91, ""vehicle_horn"": 0.52}",alarm_siren,36.0,NOT AVAILABLE,,NOT AVAILABLE,yes,59.75,93.84,,Good,High,Active,no,alarm_siren,yes,N/A,
SS00183,SS00183_f92e52f9.wav,background_noise,background_noise,97.22,"{""aggression"": 0.65, ""alarm_siren"": 0.01, ""animal_sound"": 0.47, ""background_noise"": 97.22, ""glass_breaking"": 0.13, ""gunshot"": 0.01, ""machinery_fault"": 1.21, ""panic_scream"": 0.01, ""person_asking_for_help"": 0.24, ""vehicle_horn"": 0.04}",background_noise,60.5,NOT AVAILABLE,,NOT AVAILABLE,yes,36.72,96.01,,Acceptable,Informational,None,no,background_noise,yes,N/A,
SS00192,SS00192_d7970b54.wav,animal_sound,person_asking_for_help,51.84,"{""aggression"": 0.44, ""alarm_siren"": 16.85, ""animal_sound"": 29.06, ""background_noise"": 0.66, ""glass_breaking"": 0.24, ""gunshot"": 0.08, ""machinery_fault"": 0.41, ""panic_scream"": 0.26, ""person_asking_for_help"": 51.84, ""vehicle_horn"": 0.16}",animal_sound,44.5,NOT AVAILABLE,,NOT AVAILABLE,no,7.34,22.78,,Good,Critical,None,yes,person_asking_for_help,no,N/A,Python=person_asking_for_help vs model2=animal_sound; conf diff 7.34
SS00194,SS00194_b1af7101.wav,animal_sound,animal_sound,93.48,"{""aggression"": 0.2, ""alarm_siren"": 0.29, ""animal_sound"": 93.48, ""background_noise"": 0.08, ""glass_breaking"": 0.5, ""gunshot"": 0.01, ""machinery_fault"": 4.37, ""panic_scream"": 0.02, ""person_asking_for_help"": 0.69, ""vehicle_horn"": 0.36}",animal_sound,55.5,NOT AVAILABLE,,NOT AVAILABLE,yes,37.98,89.11,,Good,Low,None,no,animal_sound,yes,N/A,
SS00195,SS00195_4b3084ef.wav,alarm_siren,alarm_siren,98.48,"{""aggression"": 0.17, ""alarm_siren"": 98.48, ""animal_sound"": 0.24, ""background_noise"": 0.02, ""glass_breaking"": 0.04, ""gunshot"": 0.03, ""machinery_fault"": 0.03, ""panic_scream"": 0.25, ""person_asking_for_help"": 0.68, ""vehicle_horn"": 0.06}",alarm_siren,74.75,NOT AVAILABLE,,NOT AVAILABLE,yes,23.73,97.8,,Acceptable,High,Active,no,alarm_siren,yes,N/A,
SS00196,SS00196_5e91fb8a.wav,alarm_siren,alarm_siren,96.41,"{""aggression"": 0.51, ""alarm_siren"": 96.41, ""animal_sound"": 0.61, ""background_noise"": 0.35, ""glass_breaking"": 0.27, ""gunshot"": 0.03, ""machinery_fault"": 0.4, ""panic_scream"": 0.03, ""person_asking_for_help"": 1.27, ""vehicle_horn"": 0.13}",alarm_siren,59.0,NOT AVAILABLE,,NOT AVAILABLE,yes,37.41,95.14,,Poor,High,None,yes,alarm_siren,yes,N/A,
SS00227,SS00227_67c88e07.wav,glass_breaking,glass_breaking,98.36,"{""aggression"": 0.08, ""alarm_siren"": 0.06, ""animal_sound"": 0.03, ""background_noise"": 0.85, ""glass_breaking"": 98.36, ""gunshot"": 0.02, ""machinery_fault"": 0.08, ""panic_scream"": 0.02, ""person_asking_for_help"": 0.38, ""vehicle_horn"": 0.12}",glass_breaking,93.0,NOT AVAILABLE,,NOT AVAILABLE,yes,5.36,97.51,,Good,High,Active,no,glass_breaking,yes,N/A,
SS00235,SS00235_2e884017.wav,background_noise,person_asking_for_help,58.1,"{""aggression"": 4.94, ""alarm_siren"": 0.26, ""animal_sound"": 25.22, ""background_noise"": 7.51, ""glass_breaking"": 2.63, ""gunshot"": 0.2, ""machinery_fault"": 0.58, ""panic_scream"": 0.23, ""person_asking_for_help"": 58.1, ""vehicle_horn"": 0.34}",animal_sound,40.5,NOT AVAILABLE,,NOT AVAILABLE,no,17.6,32.88,,Acceptable,Critical,None,yes,person_asking_for_help,no,N/A,Python=person_asking_for_help vs model2=animal_sound; conf diff 17.6
SS00241,SS00241_41c21f5d.wav,background_noise,glass_breaking,59.63,"{""aggression"": 6.33, ""alarm_siren"": 1.1, ""animal_sound"": 3.41, ""background_noise"": 21.06, ""glass_breaking"": 59.63, ""gunshot"": 0.26, ""machinery_fault"": 0.8, ""panic_scream"": 0.28, ""person_asking_for_help"": 4.86, ""vehicle_horn"": 2.26}",glass_breaking,44.0,NOT AVAILABLE,,NOT AVAILABLE,yes,15.63,38.57,,Acceptable,High,None,yes,glass_breaking,no,N/A,
SS00250,SS00250_c68819bc.wav,animal_sound,animal_sound,94.07,"{""aggression"": 1.5, ""alarm_siren"": 0.1, ""animal_sound"": 94.07, ""background_noise"": 0.09, ""glass_breaking"": 0.12, ""gunshot"": 0.02, ""machinery_fault"": 1.23, ""panic_scream"": 0.03, ""person_asking_for_help"": 0.35, ""vehicle_horn"": 2.48}",animal_sound,52.5,NOT AVAILABLE,,NOT AVAILABLE,yes,41.57,91.59,,Acceptable,Low,None,no,animal_sound,yes,N/A,
SS00253,SS00253_2e3fea12.wav,animal_sound,animal_sound,98.56,"{""aggression"": 0.07, ""alarm_siren"": 0.07, ""animal_sound"": 98.56, ""background_noise"": 0.01, ""glass_breaking"": 0.01, ""gunshot"": 0.0, ""machinery_fault"": 0.14, ""panic_scream"": 0.04, ""person_asking_for_help"": 0.16, ""vehicle_horn"": 0.93}",animal_sound,55.75,NOT AVAILABLE,,NOT AVAILABLE,yes,42.81,97.63,,Good,Low,None,no,animal_sound,yes,N/A,
SS00256,SS00256_3b2f085b.wav,alarm_siren,alarm_siren,94.91,"{""aggression"": 0.68, ""alarm_siren"": 94.91, ""animal_sound"": 0.84, ""background_noise"": 0.06, ""glass_breaking"": 0.09, ""gunshot"": 0.04, ""machinery_fault"": 0.14, ""panic_scream"": 0.32, ""person_asking_for_help"": 2.77, ""vehicle_horn"": 0.16}",animal_sound,28.0,NOT AVAILABLE,,NOT AVAILABLE,no,66.91,92.14,,Good,High,Active,yes,alarm_siren,yes,N/A,Python=alarm_siren vs model2=animal_sound; conf diff 66.91
SS00261,SS00261_b9968152.wav,machinery_fault,machinery_fault,64.63,"{""aggression"": 0.04, ""alarm_siren"": 0.01, ""animal_sound"": 0.51, ""background_noise"": 33.44, ""glass_breaking"": 0.0, ""gunshot"": 0.01, ""machinery_fault"": 64.63, ""panic_scream"": 0.01, ""person_asking_for_help"": 0.63, ""vehicle_horn"": 0.73}",machinery_fault,78.5,NOT AVAILABLE,,NOT AVAILABLE,yes,13.87,31.19,,Poor,High,None,yes,machinery_fault,yes,N/A,
SS00265,SS00265_48d6c73a.wav,machinery_fault,machinery_fault,97.51,"{""aggression"": 0.89, ""alarm_siren"": 0.17, ""animal_sound"": 0.72, ""background_noise"": 0.31, ""glass_breaking"": 0.0, ""gunshot"": 0.02, ""machinery_fault"": 97.51, ""panic_scream"": 0.02, ""person_asking_for_help"": 0.07, ""vehicle_horn"": 0.28}",machinery_fault,83.25,NOT AVAILABLE,,NOT AVAILABLE,yes,14.26,96.62,,Poor,High,None,yes,machinery_fault,yes,N/A,
SS00278,SS00278_0e4abc59.wav,animal_sound,animal_sound,99.37,"{""aggression"": 0.02, ""alarm_siren"": 0.04, ""animal_sound"": 99.37, ""background_noise"": 0.49, ""glass_breaking"": 0.02, ""gunshot"": 0.01, ""machinery_fault"": 0.02, ""panic_scream"": 0.01, ""person_asking_for_help"": 0.01, ""vehicle_horn"": 0.01}",animal_sound,43.0,NOT AVAILABLE,,NOT AVAILABLE,yes,56.37,98.88,,Good,Low,None,no,animal_sound,yes,N/A,
SS00279,SS00279_cc74156e.wav,animal_sound,animal_sound,95.4,"{""aggression"": 1.63, ""alarm_siren"": 0.34, ""animal_sound"": 95.4, ""background_noise"": 0.38, ""glass_breaking"": 0.19, ""gunshot"": 0.04, ""machinery_fault"": 1.2, ""panic_scream"": 0.05, ""person_asking_for_help"": 0.59, ""vehicle_horn"": 0.2}",animal_sound,50.75,NOT AVAILABLE,,NOT AVAILABLE,yes,44.65,93.77,,Acceptable,Low,None,no,animal_sound,yes,N/A,
SS00280,SS00280_5abd3754.wav,animal_sound,animal_sound,71.36,"{""aggression"": 12.33, ""alarm_siren"": 0.14, ""animal_sound"": 71.36, ""background_noise"": 14.57, ""glass_breaking"": 0.23, ""gunshot"": 0.09, ""machinery_fault"": 0.64, ""panic_scream"": 0.09, ""person_asking_for_help"": 0.32, ""vehicle_horn"": 0.23}",animal_sound,44.0,NOT AVAILABLE,,NOT AVAILABLE,yes,27.36,56.79,,Acceptable,Low,None,no,animal_sound,yes,N/A,
SS00282,SS00282_873a8b07.wav,animal_sound,animal_sound,68.27,"{""aggression"": 10.28, ""alarm_siren"": 0.55, ""animal_sound"": 68.27, ""background_noise"": 5.27, ""glass_breaking"": 2.89, ""gunshot"": 0.35, ""machinery_fault"": 6.33, ""panic_scream"": 0.38, ""person_asking_for_help"": 3.76, ""vehicle_horn"": 1.92}",animal_sound,43.0,NOT AVAILABLE,,NOT AVAILABLE,yes,25.27,57.99,,Acceptable,Low,None,no,animal_sound,yes,N/A,
SS00283,SS00283_0cf39cf3.wav,background_noise,background_noise,97.14,"{""aggression"": 0.0, ""alarm_siren"": 0.18, ""animal_sound"": 0.12, ""background_noise"": 97.14, ""glass_breaking"": 0.0, ""gunshot"": 0.01, ""machinery_fault"": 1.39, ""panic_scream"": 0.01, ""person_asking_for_help"": 0.25, ""vehicle_horn"": 0.88}",background_noise,55.75,NOT AVAILABLE,,NOT AVAILABLE,yes,41.39,95.75,,Poor,Informational,None,yes,background_noise,yes,N/A,
SS00292,SS00292_649518e1.wav,animal_sound,animal_sound,80.27,"{""aggression"": 0.21, ""alarm_siren"": 14.8, ""animal_sound"": 80.27, ""background_noise"": 0.62, ""glass_breaking"": 0.11, ""gunshot"": 0.02, ""machinery_fault"": 2.27, ""panic_scream"": 0.04, ""person_asking_for_help"": 0.8, ""vehicle_horn"": 0.87}",animal_sound,47.5,NOT AVAILABLE,,NOT AVAILABLE,yes,32.77,65.47,,Acceptable,Low,None,no,animal_sound,yes,N/A,
SS00302,SS00302_8b645004.wav,animal_sound,animal_sound,97.44,"{""aggression"": 0.06, ""alarm_siren"": 0.53, ""animal_sound"": 97.44, ""background_noise"": 0.01, ""glass_breaking"": 0.09, ""gunshot"": 0.0, ""machinery_fault"": 1.23, ""panic_scream"": 0.01, ""person_asking_for_help"": 0.07, ""vehicle_horn"": 0.57}",animal_sound,62.25,NOT AVAILABLE,,NOT AVAILABLE,yes,35.19,96.21,,Acceptable,Low,None,no,animal_sound,yes,N/A,
SS00313,SS00313_3007fb5d.wav,animal_sound,animal_sound,41.37,"{""aggression"": 1.57, ""alarm_siren"": 30.08, ""animal_sound"": 41.37, ""background_noise"": 6.62, ""glass_breaking"": 3.67, ""gunshot"": 0.18, ""machinery_fault"": 0.28, ""panic_scream"": 0.39, ""person_asking_for_help"": 14.48, ""vehicle_horn"": 1.35}",animal_sound,30.75,NOT AVAILABLE,,NOT AVAILABLE,yes,10.62,11.29,,Good,Low,None,yes,animal_sound,yes,N/A,
SS00318,SS00318_79e2335c.wav,vehicle_horn,alarm_siren,86.66,"{""aggression"": 1.67, ""alarm_siren"": 86.66, ""animal_sound"": 2.47, ""background_noise"": 0.13, ""glass_breaking"": 0.19, ""gunshot"": 0.06, ""machinery_fault"": 0.47, ""panic_scream"": 0.51, ""person_asking_for_help"": 5.93, ""vehicle_horn"": 1.92}",animal_sound,31.5,NOT AVAILABLE,,NOT AVAILABLE,no,55.16,80.73,,Good,High,Active,yes,alarm_siren,no,N/A,Python=alarm_siren vs model2=animal_sound; conf diff 55.16
SS00343,SS00343_5e8fc0d2.wav,animal_sound,animal_sound,95.45,"{""aggression"": 2.06, ""alarm_siren"": 0.04, ""animal_sound"": 95.45, ""background_noise"": 1.16, ""glass_breaking"": 0.49, ""gunshot"": 0.01, ""machinery_fault"": 0.01, ""panic_scream"": 0.01, ""person_asking_for_help"": 0.73, ""vehicle_horn"": 0.04}",animal_sound,55.25,NOT AVAILABLE,,NOT AVAILABLE,yes,40.2,93.39,,Good,Low,None,no,animal_sound,yes,N/A,
SS00345,SS00345_8ab130e0.wav,animal_sound,animal_sound,99.74,"{""aggression"": 0.13, ""alarm_siren"": 0.01, ""animal_sound"": 99.74, ""background_noise"": 0.0, ""glass_breaking"": 0.0, ""gunshot"": 0.0, ""machinery_fault"": 0.02, ""panic_scream"": 0.0, ""person_asking_for_help"": 0.1, ""vehicle_horn"": 0.0}",animal_sound,61.25,NOT AVAILABLE,,NOT AVAILABLE,yes,38.49,99.61,,Good,Low,None,no,animal_sound,yes,N/A,
SS00356,SS00356_e9cf8ae5.wav,animal_sound,animal_sound,98.79,"{""aggression"": 0.0, ""alarm_siren"": 0.91, ""animal_sound"": 98.79, ""background_noise"": 0.03, ""glass_breaking"": 0.02, ""gunshot"": 0.0, ""machinery_fault"": 0.05, ""panic_scream"": 0.01, ""person_asking_for_help"": 0.07, ""vehicle_horn"": 0.12}",animal_sound,74.75,NOT AVAILABLE,,NOT AVAILABLE,yes,24.04,97.88,,Acceptable,Low,None,no,animal_sound,yes,N/A,
SS00361,SS00361_ddd9c357.wav,background_noise,background_noise,71.37,"{""aggression"": 0.04, ""alarm_siren"": 1.87, ""animal_sound"": 25.13, ""background_noise"": 71.37, ""glass_breaking"": 0.08, ""gunshot"": 0.02, ""machinery_fault"": 0.47, ""panic_scream"": 0.04, ""person_asking_for_help"": 0.7, ""vehicle_horn"": 0.27}",background_noise,38.75,NOT AVAILABLE,,NOT AVAILABLE,yes,32.62,46.24,,Poor,Informational,None,yes,background_noise,yes,N/A,
SS00366,SS00366_b0a16101.wav,background_noise,background_noise,83.67,"{""aggression"": 1.28, ""alarm_siren"": 0.09, ""animal_sound"": 2.85, ""background_noise"": 83.67, ""glass_breaking"": 1.0, ""gunshot"": 0.08, ""machinery_fault"": 5.29, ""panic_scream"": 0.08, ""person_asking_for_help"": 5.53, ""vehicle_horn"": 0.14}",background_noise,66.0,NOT AVAILABLE,,NOT AVAILABLE,yes,17.67,78.14,,Poor,Informational,None,yes,background_noise,yes,N/A,
SS00380,SS00380_ba6777f4.wav,alarm_siren,alarm_siren,72.62,"{""aggression"": 0.35, ""alarm_siren"": 72.62, ""animal_sound"": 6.29, ""background_noise"": 0.18, ""glass_breaking"": 0.16, ""gunshot"": 0.09, ""machinery_fault"": 12.46, ""panic_scream"": 0.36, ""person_asking_for_help"": 0.89, ""vehicle_horn"": 6.6}",animal_sound,27.5,NOT AVAILABLE,,NOT AVAILABLE,no,45.12,60.16,,Poor,High,None,yes,alarm_siren,yes,N/A,Python=alarm_siren vs model2=animal_sound; conf diff 45.12
SS00384,SS00384_b3b5b151.wav,machinery_fault,background_noise,55.7,"{""aggression"": 1.57, ""alarm_siren"": 0.21, ""animal_sound"": 4.3, ""background_noise"": 55.7, ""glass_breaking"": 0.28, ""gunshot"": 0.14, ""machinery_fault"": 32.3, ""panic_scream"": 0.15, ""person_asking_for_help"": 3.0, ""vehicle_horn"": 2.35}",machinery_fault,46.25,NOT AVAILABLE,,NOT AVAILABLE,no,9.45,23.4,,Acceptable,Informational,None,yes,background_noise,no,N/A,Python=background_noise vs model2=machinery_fault; conf diff 9.45
SS00385,SS00385_11a783b1.wav,machinery_fault,machinery_fault,90.58,"{""aggression"": 0.08, ""alarm_siren"": 0.3, ""animal_sound"": 7.49, ""background_noise"": 0.06, ""glass_breaking"": 0.41, ""gunshot"": 0.01, ""machinery_fault"": 90.58, ""panic_scream"": 0.1, ""person_asking_for_help"": 0.5, ""vehicle_horn"": 0.45}",machinery_fault,55.75,NOT AVAILABLE,,NOT AVAILABLE,yes,34.83,83.09,,Acceptable,High,Active,no,machinery_fault,yes,N/A,
SS00386,SS00386_7eccffff.wav,machinery_fault,background_noise,68.25,"{""aggression"": 0.1, ""alarm_siren"": 0.44, ""animal_sound"": 1.04, ""background_noise"": 68.25, ""glass_breaking"": 0.06, ""gunshot"": 0.03, ""machinery_fault"": 22.62, ""panic_scream"": 0.05, ""person_asking_for_help"": 6.79, ""vehicle_horn"": 0.61}",machinery_fault,39.5,NOT AVAILABLE,,NOT AVAILABLE,no,28.75,45.63,,Poor,Informational,None,yes,background_noise,no,N/A,Python=background_noise vs model2=machinery_fault; conf diff 28.75
SS00396,SS00396_50d9867a.wav,machinery_fault,machinery_fault,95.4,"{""aggression"": 0.27, ""alarm_siren"": 0.0, ""animal_sound"": 0.06, ""background_noise"": 0.37, ""glass_breaking"": 0.08, ""gunshot"": 0.01, ""machinery_fault"": 95.4, ""panic_scream"": 0.0, ""person_asking_for_help"": 3.78, ""vehicle_horn"": 0.03}",machinery_fault,54.0,NOT AVAILABLE,,NOT AVAILABLE,yes,41.4,91.62,,Good,High,Active,no,machinery_fault,yes,N/A,
SS00398,SS00398_81ff3870.wav,alarm_siren,alarm_siren,91.04,"{""aggression"": 0.49, ""alarm_siren"": 91.04, ""animal_sound"": 4.74, ""background_noise"": 0.08, ""glass_breaking"": 0.23, ""gunshot"": 0.03, ""machinery_fault"": 1.07, ""panic_scream"": 0.5, ""person_asking_for_help"": 1.6, ""vehicle_horn"": 0.21}",animal_sound,33.5,NOT AVAILABLE,,NOT AVAILABLE,no,57.54,86.3,,Acceptable,High,Active,yes,alarm_siren,yes,N/A,Python=alarm_siren vs model2=animal_sound; conf diff 57.54
SS00402,SS00402_495ea115.wav,alarm_siren,alarm_siren,96.14,"{""aggression"": 0.16, ""alarm_siren"": 96.14, ""animal_sound"": 0.63, ""background_noise"": 0.1, ""glass_breaking"": 0.03, ""gunshot"": 0.02, ""machinery_fault"": 1.72, ""panic_scream"": 0.02, ""person_asking_for_help"": 1.09, ""vehicle_horn"": 0.09}",alarm_siren,45.25,NOT AVAILABLE,,NOT AVAILABLE,yes,50.89,94.42,,Poor,High,None,yes,alarm_siren,yes,N/A,
SS00427,SS00427_206b445e.wav,background_noise,background_noise,97.97,"{""aggression"": 0.47, ""alarm_siren"": 0.01, ""animal_sound"": 0.82, ""background_noise"": 97.97, ""glass_breaking"": 0.02, ""gunshot"": 0.0, ""machinery_fault"": 0.44, ""panic_scream"": 0.01, ""person_asking_for_help"": 0.13, ""vehicle_horn"": 0.12}",background_noise,77.0,NOT AVAILABLE,,NOT AVAILABLE,yes,20.97,97.15,,Poor,Informational,None,yes,background_noise,yes,N/A,
SS00438,SS00438_c782c333.wav,animal_sound,animal_sound,71.63,"{""aggression"": 0.8, ""alarm_siren"": 6.79, ""animal_sound"": 71.63, ""background_noise"": 1.51, ""glass_breaking"": 5.2, ""gunshot"": 0.47, ""machinery_fault"": 0.57, ""panic_scream"": 1.45, ""person_asking_for_help"": 11.01, ""vehicle_horn"": 0.57}",animal_sound,50.5,NOT AVAILABLE,,NOT AVAILABLE,yes,21.13,60.62,,Good,Low,None,no,animal_sound,yes,N/A,
SS00441,SS00441_424e1ada.wav,animal_sound,animal_sound,73.75,"{""aggression"": 1.37, ""alarm_siren"": 10.07, ""animal_sound"": 73.75, ""background_noise"": 0.3, ""glass_breaking"": 0.51, ""gunshot"": 0.18, ""machinery_fault"": 4.43, ""panic_scream"": 0.99, ""person_asking_for_help"": 7.93, ""vehicle_horn"": 0.46}",animal_sound,50.25,NOT AVAILABLE,,NOT AVAILABLE,yes,23.5,63.68,,Acceptable,Low,None,no,animal_sound,yes,N/A,
SS00443,SS00443_ea94a99a.wav,animal_sound,alarm_siren,46.6,"{""aggression"": 1.01, ""alarm_siren"": 46.6, ""animal_sound"": 34.88, ""background_noise"": 0.24, ""glass_breaking"": 0.75, ""gunshot"": 0.11, ""machinery_fault"": 6.25, ""panic_scream"": 0.77, ""person_asking_for_help"": 9.13, ""vehicle_horn"": 0.26}",machinery_fault,33.5,NOT AVAILABLE,,NOT AVAILABLE,no,13.1,11.72,,Good,High,None,yes,alarm_siren,no,N/A,Python=alarm_siren vs model2=machinery_fault; conf diff 13.1
SS00452,SS00452_cdf2a525.wav,animal_sound,animal_sound,68.43,"{""aggression"": 3.13, ""alarm_siren"": 0.49, ""animal_sound"": 68.43, ""background_noise"": 11.96, ""glass_breaking"": 1.05, ""gunshot"": 0.32, ""machinery_fault"": 12.74, ""panic_scream"": 0.17, ""person_asking_for_help"": 1.32, ""vehicle_horn"": 0.39}",background_noise,40.75,NOT AVAILABLE,,NOT AVAILABLE,no,27.68,55.69,,Acceptable,Low,None,yes,animal_sound,yes,N/A,Python=animal_sound vs model2=background_noise; conf diff 27.68
SS00456,SS00456_d28ca7b6.wav,animal_sound,animal_sound,97.71,"{""aggression"": 0.2, ""alarm_siren"": 0.29, ""animal_sound"": 97.71, ""background_noise"": 0.73, ""glass_breaking"": 0.21, ""gunshot"": 0.01, ""machinery_fault"": 0.06, ""panic_scream"": 0.01, ""person_asking_for_help"": 0.65, ""vehicle_horn"": 0.12}",animal_sound,60.0,NOT AVAILABLE,,NOT AVAILABLE,yes,37.71,96.98,,Good,Low,None,no,animal_sound,yes,N/A,
SS00464,SS00464_7b98b19a.wav,machinery_fault,machinery_fault,81.58,"{""aggression"": 10.97, ""alarm_siren"": 0.08, ""animal_sound"": 2.72, ""background_noise"": 1.04, ""glass_breaking"": 0.72, ""gunshot"": 0.07, ""machinery_fault"": 81.58, ""panic_scream"": 0.07, ""person_asking_for_help"": 2.6, ""vehicle_horn"": 0.15}",animal_sound,47.0,NOT AVAILABLE,,NOT AVAILABLE,no,34.58,70.61,,Good,High,Active,yes,machinery_fault,yes,N/A,Python=machinery_fault vs model2=animal_sound; conf diff 34.58
SS00473,SS00473_a035a812.wav,animal_sound,animal_sound,86.17,"{""aggression"": 1.18, ""alarm_siren"": 0.03, ""animal_sound"": 86.17, ""background_noise"": 11.94, ""glass_breaking"": 0.07, ""gunshot"": 0.04, ""machinery_fault"": 0.16, ""panic_scream"": 0.01, ""person_asking_for_help"": 0.38, ""vehicle_horn"": 0.02}",background_noise,33.25,NOT AVAILABLE,,NOT AVAILABLE,no,52.92,74.23,,Acceptable,Low,None,yes,animal_sound,yes,N/A,Python=animal_sound vs model2=background_noise; conf diff 52.92
SS00474,SS00474_b1305165.wav,animal_sound,animal_sound,90.31,"{""aggression"": 0.24, ""alarm_siren"": 0.35, ""animal_sound"": 90.31, ""background_noise"": 0.87, ""glass_breaking"": 0.03, ""gunshot"": 0.01, ""machinery_fault"": 5.95, ""panic_scream"": 0.03, ""person_asking_for_help"": 1.53, ""vehicle_horn"": 0.69}",animal_sound,33.25,NOT AVAILABLE,,NOT AVAILABLE,yes,57.06,84.36,,Poor,Low,None,yes,animal_sound,yes,N/A,
SS00495,SS00495_c8b03e97.wav,machinery_fault,machinery_fault,80.03,"{""aggression"": 0.49, ""alarm_siren"": 0.12, ""animal_sound"": 10.28, ""background_noise"": 0.2, ""glass_breaking"": 0.34, ""gunshot"": 0.04, ""machinery_fault"": 80.03, ""panic_scream"": 0.04, ""person_asking_for_help"": 0.33, ""vehicle_horn"": 8.13}",machinery_fault,38.25,NOT AVAILABLE,,NOT AVAILABLE,yes,41.78,69.75,,Acceptable,High,Active,no,machinery_fault,yes,N/A,
SS00499,SS00499_f2642897.wav,machinery_fault,machinery_fault,68.57,"{""aggression"": 0.4, ""alarm_siren"": 5.17, ""animal_sound"": 25.02, ""background_noise"": 0.08, ""glass_breaking"": 0.25, ""gunshot"": 0.02, ""machinery_fault"": 68.57, ""panic_scream"": 0.14, ""person_asking_for_help"": 0.18, ""vehicle_horn"": 0.18}",machinery_fault,48.75,NOT AVAILABLE,,NOT AVAILABLE,yes,19.82,43.55,,Acceptable,High,Active,no,machinery_fault,yes,N/A,
SS00500,SS00500_c98d58cf.wav,machinery_fault,machinery_fault,99.05,"{""aggression"": 0.11, ""alarm_siren"": 0.01, ""animal_sound"": 0.13, ""background_noise"": 0.61, ""glass_breaking"": 0.05, ""gunshot"": 0.01, ""machinery_fault"": 99.05, ""panic_scream"": 0.01, ""person_asking_for_help"": 0.03, ""vehicle_horn"": 0.0}",machinery_fault,63.75,NOT AVAILABLE,,NOT AVAILABLE,yes,35.3,98.44,,Good,High,Active,no,machinery_fault,yes,N/A,
SS00507,SS00507_c6a19ee5.wav,alarm_siren,alarm_siren,58.41,"{""aggression"": 0.24, ""alarm_siren"": 58.41, ""animal_sound"": 35.34, ""background_noise"": 0.24, ""glass_breaking"": 0.12, ""gunshot"": 0.04, ""machinery_fault"": 0.39, ""panic_scream"": 0.03, ""person_asking_for_help"": 4.21, ""vehicle_horn"": 0.98}",alarm_siren,39.75,NOT AVAILABLE,,NOT AVAILABLE,yes,18.66,23.07,,Poor,High,None,yes,alarm_siren,yes,N/A,
SS00520,SS00520_df942fd4.wav,animal_sound,machinery_fault,93.67,"{""aggression"": 0.68, ""alarm_siren"": 0.06, ""animal_sound"": 2.59, ""background_noise"": 2.13, ""glass_breaking"": 0.03, ""gunshot"": 0.02, ""machinery_fault"": 93.67, ""panic_scream"": 0.04, ""person_asking_for_help"": 0.73, ""vehicle_horn"": 0.06}",machinery_fault,33.75,NOT AVAILABLE,,NOT AVAILABLE,yes,59.92,91.08,,Acceptable,High,Active,no,machinery_fault,no,N/A,
SS00522,SS00522_f6ae5649.wav,animal_sound,machinery_fault,55.3,"{""aggression"": 1.48, ""alarm_siren"": 33.22, ""animal_sound"": 7.3, ""background_noise"": 0.61, ""glass_breaking"": 0.35, ""gunshot"": 0.14, ""machinery_fault"": 55.3, ""panic_scream"": 0.31, ""person_asking_for_help"": 0.87, ""vehicle_horn"": 0.42}",animal_sound,30.5,NOT AVAILABLE,,NOT AVAILABLE,no,24.8,22.08,,Poor,High,None,yes,machinery_fault,no,N/A,Python=machinery_fault vs model2=animal_sound; conf diff 24.8
SS00529,SS00529_3c313aab.wav,background_noise,background_noise,85.76,"{""aggression"": 0.1, ""alarm_siren"": 0.02, ""animal_sound"": 13.48, ""background_noise"": 85.76, ""glass_breaking"": 0.01, ""gunshot"": 0.01, ""machinery_fault"": 0.06, ""panic_scream"": 0.01, ""person_asking_for_help"": 0.24, ""vehicle_horn"": 0.31}",animal_sound,51.5,NOT AVAILABLE,,NOT AVAILABLE,no,34.26,72.28,,Acceptable,Informational,None,yes,background_noise,yes,N/A,Python=background_noise vs model2=animal_sound; conf diff 34.26
SS00545,SS00545_bd24c750.wav,background_noise,background_noise,95.76,"{""aggression"": 0.08, ""alarm_siren"": 0.04, ""animal_sound"": 0.08, ""background_noise"": 95.76, ""glass_breaking"": 0.0, ""gunshot"": 0.01, ""machinery_fault"": 3.9, ""panic_scream"": 0.03, ""person_asking_for_help"": 0.02, ""vehicle_horn"": 0.08}",background_noise,69.5,NOT AVAILABLE,,NOT AVAILABLE,yes,26.26,91.86,,Poor,Informational,None,yes,background_noise,yes,N/A,
SS00561,SS00561_055f2243.wav,animal_sound,animal_sound,65.74,"{""aggression"": 2.85, ""alarm_siren"": 1.4, ""animal_sound"": 65.74, ""background_noise"": 0.17, ""glass_breaking"": 0.11, ""gunshot"": 0.02, ""machinery_fault"": 0.1, ""panic_scream"": 0.14, ""person_asking_for_help"": 29.11, ""vehicle_horn"": 0.37}",person_asking_for_help,39.0,NOT AVAILABLE,,NOT AVAILABLE,no,26.74,36.63,,Acceptable,Low,None,yes,animal_sound,yes,N/A,Python=animal_sound vs model2=person_asking_for_help; conf diff 26.74
SS00563,SS00563_e5de3d14.wav,background_noise,background_noise,49.63,"{""aggression"": 8.36, ""alarm_siren"": 0.25, ""animal_sound"": 21.27, ""background_noise"": 49.63, ""glass_breaking"": 0.37, ""gunshot"": 0.21, ""machinery_fault"": 18.57, ""panic_scream"": 0.16, ""person_asking_for_help"": 0.64, ""vehicle_horn"": 0.53}",background_noise,35.25,NOT AVAILABLE,,NOT AVAILABLE,yes,14.38,28.36,,Acceptable,Informational,None,yes,background_noise,yes,N/A,
SS00568,SS00568_1f093cd6.wav,machinery_fault,machinery_fault,99.87,"{""aggression"": 0.0, ""alarm_siren"": 0.01, ""animal_sound"": 0.05, ""background_noise"": 0.02, ""glass_breaking"": 0.0, ""gunshot"": 0.01, ""machinery_fault"": 99.87, ""panic_scream"": 0.01, ""person_asking_for_help"": 0.01, ""vehicle_horn"": 0.02}",machinery_fault,66.25,NOT AVAILABLE,,NOT AVAILABLE,yes,33.62,99.82,,Poor,High,None,yes,machinery_fault,yes,N/A,
SS00574,SS00574_d9ef7185.wav,vehicle_horn,vehicle_horn,94.81,"{""aggression"": 0.96, ""alarm_siren"": 0.5, ""animal_sound"": 1.0, ""background_noise"": 0.35, ""glass_breaking"": 0.63, ""gunshot"": 0.37, ""machinery_fault"": 0.26, ""panic_scream"": 0.37, ""person_asking_for_help"": 0.75, ""vehicle_horn"": 94.81}",person_asking_for_help,25.5,NOT AVAILABLE,,NOT AVAILABLE,no,69.31,93.81,,Acceptable,Medium,Active,yes,vehicle_horn,yes,N/A,Python=vehicle_horn vs model2=person_asking_for_help; conf diff 69.31
SS00576,SS00576_ac4c00e6.wav,machinery_fault,background_noise,51.8,"{""aggression"": 0.09, ""alarm_siren"": 0.04, ""animal_sound"": 0.2, ""background_noise"": 51.8, ""glass_breaking"": 0.0, ""gunshot"": 0.01, ""machinery_fault"": 47.35, ""panic_scream"": 0.01, ""person_asking_for_help"": 0.3, ""vehicle_horn"": 0.19}",machinery_fault,63.5,NOT AVAILABLE,,NOT AVAILABLE,no,11.7,4.45,,Poor,Informational,None,yes,background_noise,no,N/A,Python=background_noise vs model2=machinery_fault; conf diff 11.7
SS00580,SS00580_cd91728d.wav,animal_sound,animal_sound,88.78,"{""aggression"": 0.06, ""alarm_siren"": 0.04, ""animal_sound"": 88.78, ""background_noise"": 0.01, ""glass_breaking"": 0.0, ""gunshot"": 0.0, ""machinery_fault"": 0.04, ""panic_scream"": 0.0, ""person_asking_for_help"": 11.06, ""vehicle_horn"": 0.01}",animal_sound,59.25,NOT AVAILABLE,,NOT AVAILABLE,yes,29.53,77.72,,Good,Low,None,no,animal_sound,yes,N/A,
SS00622,SS00622_20079e9c.wav,background_noise,background_noise,96.72,"{""aggression"": 0.24, ""alarm_siren"": 0.02, ""animal_sound"": 0.22, ""background_noise"": 96.72, ""glass_breaking"": 1.73, ""gunshot"": 0.1, ""machinery_fault"": 0.01, ""panic_scream"": 0.02, ""person_asking_for_help"": 0.85, ""vehicle_horn"": 0.09}",glass_breaking,32.25,NOT AVAILABLE,,NOT AVAILABLE,no,64.47,94.99,,Good,Informational,None,yes,background_noise,yes,N/A,Python=background_noise vs model2=glass_breaking; conf diff 64.47
SS00632,SS00632_39ed8c8b.wav,animal_sound,animal_sound,95.99,"{""aggression"": 0.14, ""alarm_siren"": 0.02, ""animal_sound"": 95.99, ""background_noise"": 0.07, ""glass_breaking"": 0.01, ""gunshot"": 0.0, ""machinery_fault"": 0.02, ""panic_scream"": 0.0, ""person_asking_for_help"": 3.75, ""vehicle_horn"": 0.0}",animal_sound,76.0,NOT AVAILABLE,,NOT AVAILABLE,yes,19.99,92.24,,Good,Low,None,no,animal_sound,yes,N/A,
SS00635,SS00635_732e1123.wav,machinery_fault,machinery_fault,99.27,"{""aggression"": 0.21, ""alarm_siren"": 0.0, ""animal_sound"": 0.29, ""background_noise"": 0.1, ""glass_breaking"": 0.0, ""gunshot"": 0.03, ""machinery_fault"": 99.27, ""panic_scream"": 0.01, ""person_asking_for_help"": 0.08, ""vehicle_horn"": 0.0}",background_noise,29.75,NOT AVAILABLE,,NOT AVAILABLE,no,69.52,98.98,,Acceptable,High,Active,yes,machinery_fault,yes,N/A,Python=machinery_fault vs model2=background_noise; conf diff 69.52
SS00647,SS00647_d2d0b97a.wav,glass_breaking,glass_breaking,99.78,"{""aggression"": 0.01, ""alarm_siren"": 0.06, ""animal_sound"": 0.01, ""background_noise"": 0.0, ""glass_breaking"": 99.78, ""gunshot"": 0.01, ""machinery_fault"": 0.01, ""panic_scream"": 0.01, ""person_asking_for_help"": 0.04, ""vehicle_horn"": 0.07}",glass_breaking,98.0,NOT AVAILABLE,,NOT AVAILABLE,yes,1.78,99.71,,Good,High,Active,no,glass_breaking,yes,N/A,
SS00653,SS00653_6f0ae114.wav,glass_breaking,glass_breaking,96.58,"{""aggression"": 0.53, ""alarm_siren"": 0.19, ""animal_sound"": 0.27, ""background_noise"": 0.13, ""glass_breaking"": 96.58, ""gunshot"": 0.54, ""machinery_fault"": 0.13, ""panic_scream"": 0.04, ""person_asking_for_help"": 1.42, ""vehicle_horn"": 0.17}",glass_breaking,73.75,NOT AVAILABLE,,NOT AVAILABLE,yes,22.83,95.16,,Good,High,Active,no,glass_breaking,yes,N/A,
SS00658,SS00658_e0adc183.wav,background_noise,background_noise,78.41,"{""aggression"": 0.1, ""alarm_siren"": 1.56, ""animal_sound"": 17.52, ""background_noise"": 78.41, ""glass_breaking"": 0.3, ""gunshot"": 0.05, ""machinery_fault"": 0.09, ""panic_scream"": 0.08, ""person_asking_for_help"": 1.79, ""vehicle_horn"": 0.11}",background_noise,37.25,NOT AVAILABLE,,NOT AVAILABLE,yes,41.16,60.89,,Acceptable,Informational,None,no,background_noise,yes,N/A,
SS00664,SS00664_5d2bc9d1.wav,animal_sound,animal_sound,79.85,"{""aggression"": 10.97, ""alarm_siren"": 0.37, ""animal_sound"": 79.85, ""background_noise"": 1.0, ""glass_breaking"": 3.67, ""gunshot"": 0.04, ""machinery_fault"": 0.48, ""panic_scream"": 0.06, ""person_asking_for_help"": 3.5, ""vehicle_horn"": 0.07}",animal_sound,53.75,NOT AVAILABLE,,NOT AVAILABLE,yes,26.1,68.88,,Good,Low,None,no,animal_sound,yes,N/A,
SS00675,SS00675_e829acb3.wav,background_noise,person_asking_for_help,41.72,"{""aggression"": 10.72, ""alarm_siren"": 0.12, ""animal_sound"": 1.15, ""background_noise"": 30.75, ""glass_breaking"": 0.13, ""gunshot"": 0.12, ""machinery_fault"": 14.75, ""panic_scream"": 0.09, ""person_asking_for_help"": 41.72, ""vehicle_horn"": 0.46}",background_noise,51.0,NOT AVAILABLE,,NOT AVAILABLE,no,9.28,10.97,,Poor,Critical,None,yes,person_asking_for_help,no,N/A,Python=person_asking_for_help vs model2=background_noise; conf diff 9.28
SS00679,SS00679_7b33225d.wav,animal_sound,animal_sound,96.05,"{""aggression"": 0.33, ""alarm_siren"": 0.24, ""animal_sound"": 96.05, ""background_noise"": 1.0, ""glass_breaking"": 0.07, ""gunshot"": 0.0, ""machinery_fault"": 0.22, ""panic_scream"": 0.01, ""person_asking_for_help"": 2.04, ""vehicle_horn"": 0.03}",animal_sound,63.0,NOT AVAILABLE,,NOT AVAILABLE,yes,33.05,94.01,,Good,Low,None,no,animal_sound,yes,N/A,
SS00682,SS00682_132e40f7.wav,animal_sound,animal_sound,82.87,"{""aggression"": 0.59, ""alarm_siren"": 2.31, ""animal_sound"": 82.87, ""background_noise"": 0.83, ""glass_breaking"": 0.4, ""gunshot"": 0.04, ""machinery_fault"": 2.72, ""panic_scream"": 0.11, ""person_asking_for_help"": 10.06, ""vehicle_horn"": 0.07}",animal_sound,63.5,NOT AVAILABLE,,NOT AVAILABLE,yes,19.37,72.81,,Good,Low,None,no,animal_sound,yes,N/A,
SS00684,SS00684_e40a1b2b.wav,alarm_siren,alarm_siren,48.76,"{""aggression"": 1.68, ""alarm_siren"": 48.76, ""animal_sound"": 23.48, ""background_noise"": 10.16, ""glass_breaking"": 1.25, ""gunshot"": 0.66, ""machinery_fault"": 5.21, ""panic_scream"": 0.73, ""person_asking_for_help"": 6.69, ""vehicle_horn"": 1.38}",alarm_siren,40.5,NOT AVAILABLE,,NOT AVAILABLE,yes,8.26,25.28,,Poor,High,None,yes,alarm_siren,yes,N/A,
SS00689,SS00689_21cfbd53.wav,animal_sound,animal_sound,98.53,"{""aggression"": 0.05, ""alarm_siren"": 0.0, ""animal_sound"": 98.53, ""background_noise"": 0.2, ""glass_breaking"": 0.04, ""gunshot"": 0.02, ""machinery_fault"": 0.02, ""panic_scream"": 0.01, ""person_asking_for_help"": 0.97, ""vehicle_horn"": 0.17}",animal_sound,63.5,NOT AVAILABLE,,NOT AVAILABLE,yes,35.03,97.56,,Good,Low,None,no,animal_sound,yes,N/A,
SS00703,SS00703_9f7d3289.wav,alarm_siren,alarm_siren,99.06,"{""aggression"": 0.05, ""alarm_siren"": 99.06, ""animal_sound"": 0.2, ""background_noise"": 0.01, ""glass_breaking"": 0.02, ""gunshot"": 0.02, ""machinery_fault"": 0.02, ""panic_scream"": 0.21, ""person_asking_for_help"": 0.36, ""vehicle_horn"": 0.05}",alarm_siren,51.5,NOT AVAILABLE,,NOT AVAILABLE,yes,47.56,98.7,,Good,High,Active,no,alarm_siren,yes,N/A,
SS00716,SS00716_5ee277a3.wav,animal_sound,animal_sound,94.98,"{""aggression"": 0.44, ""alarm_siren"": 1.16, ""animal_sound"": 94.98, ""background_noise"": 0.01, ""glass_breaking"": 0.02, ""gunshot"": 0.0, ""machinery_fault"": 0.05, ""panic_scream"": 0.04, ""person_asking_for_help"": 3.28, ""vehicle_horn"": 0.02}",animal_sound,50.5,NOT AVAILABLE,,NOT AVAILABLE,yes,44.48,91.7,,Good,Low,None,no,animal_sound,yes,N/A,
SS00723,SS00723_a0b0bbb0.wav,background_noise,background_noise,92.33,"{""aggression"": 0.02, ""alarm_siren"": 0.14, ""animal_sound"": 0.72, ""background_noise"": 92.33, ""glass_breaking"": 0.01, ""gunshot"": 0.01, ""machinery_fault"": 3.65, ""panic_scream"": 0.01, ""person_asking_for_help"": 2.39, ""vehicle_horn"": 0.72}",background_noise,78.75,NOT AVAILABLE,,NOT AVAILABLE,yes,13.58,88.68,,Poor,Informational,None,yes,background_noise,yes,N/A,
SS00727,SS00727_f293cc39.wav,animal_sound,animal_sound,99.01,"{""aggression"": 0.04, ""alarm_siren"": 0.45, ""animal_sound"": 99.01, ""background_noise"": 0.14, ""glass_breaking"": 0.01, ""gunshot"": 0.0, ""machinery_fault"": 0.03, ""panic_scream"": 0.0, ""person_asking_for_help"": 0.09, ""vehicle_horn"": 0.22}",animal_sound,80.25,NOT AVAILABLE,,NOT AVAILABLE,yes,18.76,98.56,,Acceptable,Low,None,no,animal_sound,yes,N/A,
SS00729,SS00729_e37e3876.wav,animal_sound,machinery_fault,30.54,"{""aggression"": 20.54, ""alarm_siren"": 0.77, ""animal_sound"": 24.19, ""background_noise"": 11.75, ""glass_breaking"": 3.74, ""gunshot"": 0.62, ""machinery_fault"": 30.54, ""panic_scream"": 0.64, ""person_asking_for_help"": 5.96, ""vehicle_horn"": 1.25}",animal_sound,46.25,NOT AVAILABLE,,NOT AVAILABLE,no,15.71,6.35,,Good,High,None,yes,machinery_fault,no,N/A,Python=machinery_fault vs model2=animal_sound; conf diff 15.71
SS00732,SS00732_8dbf786d.wav,alarm_siren,alarm_siren,95.99,"{""aggression"": 0.05, ""alarm_siren"": 95.99, ""animal_sound"": 0.33, ""background_noise"": 0.02, ""glass_breaking"": 0.06, ""gunshot"": 0.02, ""machinery_fault"": 0.07, ""panic_scream"": 0.0, ""person_asking_for_help"": 3.39, ""vehicle_horn"": 0.06}",alarm_siren,48.75,NOT AVAILABLE,,NOT AVAILABLE,yes,47.24,92.6,,Poor,High,None,yes,alarm_siren,yes,N/A,
SS00738,SS00738_ecb38a81.wav,alarm_siren,alarm_siren,96.79,"{""aggression"": 0.07, ""alarm_siren"": 96.79, ""animal_sound"": 2.16, ""background_noise"": 0.02, ""glass_breaking"": 0.06, ""gunshot"": 0.02, ""machinery_fault"": 0.1, ""panic_scream"": 0.04, ""person_asking_for_help"": 0.38, ""vehicle_horn"": 0.36}",alarm_siren,44.0,NOT AVAILABLE,,NOT AVAILABLE,yes,52.79,94.63,,Acceptable,High,Active,no,alarm_siren,yes,N/A,
SS00742,SS00742_c2605d58.wav,alarm_siren,alarm_siren,97.63,"{""aggression"": 0.18, ""alarm_siren"": 97.63, ""animal_sound"": 0.32, ""background_noise"": 0.11, ""glass_breaking"": 0.16, ""gunshot"": 0.01, ""machinery_fault"": 0.57, ""panic_scream"": 0.01, ""person_asking_for_help"": 0.86, ""vehicle_horn"": 0.16}",alarm_siren,52.5,NOT AVAILABLE,,NOT AVAILABLE,yes,45.13,96.77,,Poor,High,None,yes,alarm_siren,yes,N/A,
SS00746,SS00746_4d97268c.wav,animal_sound,animal_sound,76.91,"{""aggression"": 2.56, ""alarm_siren"": 0.88, ""animal_sound"": 76.91, ""background_noise"": 3.09, ""glass_breaking"": 1.4, ""gunshot"": 0.06, ""machinery_fault"": 12.18, ""panic_scream"": 0.09, ""person_asking_for_help"": 2.28, ""vehicle_horn"": 0.55}",aggression,20.25,NOT AVAILABLE,,NOT AVAILABLE,no,56.66,64.73,,Acceptable,Low,None,yes,animal_sound,yes,N/A,Python=animal_sound vs model2=aggression; conf diff 56.66
SS00747,SS00747_186ec9ba.wav,animal_sound,animal_sound,43.93,"{""aggression"": 1.27, ""alarm_siren"": 0.45, ""animal_sound"": 43.93, ""background_noise"": 34.25, ""glass_breaking"": 10.29, ""gunshot"": 0.22, ""machinery_fault"": 0.27, ""panic_scream"": 0.25, ""person_asking_for_help"": 8.53, ""vehicle_horn"": 0.55}",animal_sound,42.25,NOT AVAILABLE,,NOT AVAILABLE,yes,1.68,9.68,,Good,Low,None,yes,animal_sound,yes,N/A,
SS00762,SS00762_60ddaf0f.wav,animal_sound,animal_sound,87.13,"{""aggression"": 0.05, ""alarm_siren"": 2.61, ""animal_sound"": 87.13, ""background_noise"": 0.08, ""glass_breaking"": 0.2, ""gunshot"": 0.01, ""machinery_fault"": 0.07, ""panic_scream"": 0.04, ""person_asking_for_help"": 9.65, ""vehicle_horn"": 0.16}",animal_sound,56.0,NOT AVAILABLE,,NOT AVAILABLE,yes,31.13,77.48,,Acceptable,Low,None,no,animal_sound,yes,N/A,
SS00775,SS00775_0c11db40.wav,background_noise,background_noise,94.16,"{""aggression"": 0.18, ""alarm_siren"": 0.02, ""animal_sound"": 0.1, ""background_noise"": 94.16, ""glass_breaking"": 0.05, ""gunshot"": 0.02, ""machinery_fault"": 4.37, ""panic_scream"": 0.01, ""person_asking_for_help"": 1.01, ""vehicle_horn"": 0.09}",background_noise,87.75,NOT AVAILABLE,,NOT AVAILABLE,yes,6.41,89.79,,Acceptable,Informational,None,no,background_noise,yes,N/A,
SS00776,SS00776_2cd2ad18.wav,background_noise,person_asking_for_help,47.04,"{""aggression"": 18.73, ""alarm_siren"": 2.13, ""animal_sound"": 6.81, ""background_noise"": 17.2, ""glass_breaking"": 2.48, ""gunshot"": 1.19, ""machinery_fault"": 1.82, ""panic_scream"": 1.14, ""person_asking_for_help"": 47.04, ""vehicle_horn"": 1.46}",person_asking_for_help,42.75,NOT AVAILABLE,,NOT AVAILABLE,yes,4.29,28.31,,Good,Critical,None,yes,person_asking_for_help,no,N/A,
SS00778,SS00778_039a8b4f.wav,machinery_fault,aggression,52.02,"{""aggression"": 52.02, ""alarm_siren"": 0.12, ""animal_sound"": 4.24, ""background_noise"": 2.98, ""glass_breaking"": 19.88, ""gunshot"": 0.06, ""machinery_fault"": 19.47, ""panic_scream"": 0.07, ""person_asking_for_help"": 1.06, ""vehicle_horn"": 0.09}",glass_breaking,27.0,NOT AVAILABLE,,NOT AVAILABLE,no,25.02,32.14,,Good,High,None,yes,aggression,no,N/A,Python=aggression vs model2=glass_breaking; conf diff 25.02
SS00787,SS00787_e9ec71ee.wav,animal_sound,animal_sound,97.26,"{""aggression"": 0.05, ""alarm_siren"": 0.02, ""animal_sound"": 97.26, ""background_noise"": 1.51, ""glass_breaking"": 0.05, ""gunshot"": 0.0, ""machinery_fault"": 0.29, ""panic_scream"": 0.0, ""person_asking_for_help"": 0.45, ""vehicle_horn"": 0.37}",animal_sound,50.75,NOT AVAILABLE,,NOT AVAILABLE,yes,46.51,95.75,,Poor,Low,None,yes,animal_sound,yes,N/A,
SS00789,SS00789_afc26851.wav,background_noise,background_noise,72.23,"{""aggression"": 1.2, ""alarm_siren"": 0.26, ""animal_sound"": 12.79, ""background_noise"": 72.23, ""glass_breaking"": 5.98, ""gunshot"": 0.09, ""machinery_fault"": 1.36, ""panic_scream"": 0.13, ""person_asking_for_help"": 5.76, ""vehicle_horn"": 0.2}",background_noise,26.75,NOT AVAILABLE,,NOT AVAILABLE,yes,45.48,59.44,,Good,Informational,None,no,background_noise,yes,N/A,
SS00794,SS00794_7577d19d.wav,machinery_fault,machinery_fault,88.48,"{""aggression"": 0.15, ""alarm_siren"": 0.04, ""animal_sound"": 0.24, ""background_noise"": 8.94, ""glass_breaking"": 0.01, ""gunshot"": 0.01, ""machinery_fault"": 88.48, ""panic_scream"": 0.01, ""person_asking_for_help"": 0.09, ""vehicle_horn"": 2.02}",machinery_fault,73.75,NOT AVAILABLE,,NOT AVAILABLE,yes,14.73,79.54,,Poor,High,None,yes,machinery_fault,yes,N/A,
SS00805,SS00805_6e2cf0e0.wav,vehicle_horn,vehicle_horn,80.12,"{""aggression"": 4.65, ""alarm_siren"": 1.33, ""animal_sound"": 4.56, ""background_noise"": 0.5, ""glass_breaking"": 0.74, ""gunshot"": 0.33, ""machinery_fault"": 0.98, ""panic_scream"": 2.55, ""person_asking_for_help"": 4.24, ""vehicle_horn"": 80.12}",animal_sound,30.0,NOT AVAILABLE,,NOT AVAILABLE,no,50.12,75.47,,Good,Medium,Active,yes,vehicle_horn,yes,N/A,Python=vehicle_horn vs model2=animal_sound; conf diff 50.12
SS00806,SS00806_daae54d9.wav,background_noise,background_noise,89.89,"{""aggression"": 5.16, ""alarm_siren"": 0.07, ""animal_sound"": 0.7, ""background_noise"": 89.89, ""glass_breaking"": 0.06, ""gunshot"": 0.05, ""machinery_fault"": 3.84, ""panic_scream"": 0.04, ""person_asking_for_help"": 0.09, ""vehicle_horn"": 0.11}",background_noise,62.5,NOT AVAILABLE,,NOT AVAILABLE,yes,27.39,84.73,,Poor,Informational,None,yes,background_noise,yes,N/A,
SS00814,SS00814_4de46673.wav,animal_sound,animal_sound,82.75,"{""aggression"": 0.83, ""alarm_siren"": 13.73, ""animal_sound"": 82.75, ""background_noise"": 0.02, ""glass_breaking"": 0.11, ""gunshot"": 0.01, ""machinery_fault"": 0.72, ""panic_scream"": 0.04, ""person_asking_for_help"": 0.82, ""vehicle_horn"": 0.97}",animal_sound,58.75,NOT AVAILABLE,,NOT AVAILABLE,yes,24.0,69.02,,Good,Low,None,no,animal_sound,yes,N/A,
SS00822,SS00822_c249bcb8.wav,animal_sound,person_asking_for_help,51.07,"{""aggression"": 17.22, ""alarm_siren"": 0.64, ""animal_sound"": 4.86, ""background_noise"": 4.43, ""glass_breaking"": 2.87, ""gunshot"": 16.78, ""machinery_fault"": 0.84, ""panic_scream"": 0.5, ""person_asking_for_help"": 51.07, ""vehicle_horn"": 0.8}",person_asking_for_help,40.0,NOT AVAILABLE,,NOT AVAILABLE,yes,11.07,33.85,,Good,Critical,None,yes,person_asking_for_help,no,N/A,
SS00837,SS00837_df9eef3c.wav,background_noise,background_noise,54.93,"{""aggression"": 0.02, ""alarm_siren"": 0.15, ""animal_sound"": 43.23, ""background_noise"": 54.93, ""glass_breaking"": 0.95, ""gunshot"": 0.01, ""machinery_fault"": 0.01, ""panic_scream"": 0.09, ""person_asking_for_help"": 0.59, ""vehicle_horn"": 0.02}",animal_sound,32.25,NOT AVAILABLE,,NOT AVAILABLE,no,22.68,11.7,,Good,Informational,None,yes,background_noise,yes,N/A,Python=background_noise vs model2=animal_sound; conf diff 22.68
SS00841,SS00841_48eacde6.wav,background_noise,background_noise,97.81,"{""aggression"": 0.69, ""alarm_siren"": 0.01, ""animal_sound"": 1.05, ""background_noise"": 97.81, ""glass_breaking"": 0.32, ""gunshot"": 0.0, ""machinery_fault"": 0.06, ""panic_scream"": 0.02, ""person_asking_for_help"": 0.04, ""vehicle_horn"": 0.01}",background_noise,43.25,NOT AVAILABLE,,NOT AVAILABLE,yes,54.56,96.76,,Poor,Informational,None,yes,background_noise,yes,N/A,
SS00848,SS00848_ca897180.wav,vehicle_horn,background_noise,39.41,"{""aggression"": 1.64, ""alarm_siren"": 0.59, ""animal_sound"": 10.82, ""background_noise"": 39.41, ""glass_breaking"": 1.16, ""gunshot"": 0.56, ""machinery_fault"": 8.96, ""panic_scream"": 0.47, ""person_asking_for_help"": 1.83, ""vehicle_horn"": 34.56}",background_noise,34.75,NOT AVAILABLE,,NOT AVAILABLE,yes,4.66,4.85,,Poor,Informational,None,yes,background_noise,no,N/A,
SS00851,SS00851_65bcaf4c.wav,animal_sound,animal_sound,98.81,"{""aggression"": 0.24, ""alarm_siren"": 0.01, ""animal_sound"": 98.81, ""background_noise"": 0.05, ""glass_breaking"": 0.2, ""gunshot"": 0.02, ""machinery_fault"": 0.06, ""panic_scream"": 0.0, ""person_asking_for_help"": 0.5, ""vehicle_horn"": 0.12}",animal_sound,66.75,NOT AVAILABLE,,NOT AVAILABLE,yes,32.06,98.31,,Good,Low,None,no,animal_sound,yes,N/A,
SS00865,SS00865_ed052fd1.wav,background_noise,glass_breaking,86.47,"{""aggression"": 0.18, ""alarm_siren"": 0.72, ""animal_sound"": 0.26, ""background_noise"": 10.37, ""glass_breaking"": 86.47, ""gunshot"": 0.06, ""machinery_fault"": 0.09, ""panic_scream"": 0.08, ""person_asking_for_help"": 0.84, ""vehicle_horn"": 0.92}",glass_breaking,87.0,NOT AVAILABLE,,NOT AVAILABLE,yes,0.53,76.1,,Good,High,Active,no,glass_breaking,no,N/A,
SS00867,SS00867_901384fc.wav,machinery_fault,machinery_fault,85.72,"{""aggression"": 2.97, ""alarm_siren"": 0.02, ""animal_sound"": 1.62, ""background_noise"": 7.23, ""glass_breaking"": 0.68, ""gunshot"": 0.03, ""machinery_fault"": 85.72, ""panic_scream"": 0.02, ""person_asking_for_help"": 1.66, ""vehicle_horn"": 0.04}",machinery_fault,60.75,NOT AVAILABLE,,NOT AVAILABLE,yes,24.97,78.49,,Good,High,Active,no,machinery_fault,yes,N/A,
SS00868,SS00868_988e9f62.wav,machinery_fault,machinery_fault,59.16,"{""aggression"": 12.4, ""alarm_siren"": 0.18, ""animal_sound"": 7.73, ""background_noise"": 18.17, ""glass_breaking"": 1.44, ""gunshot"": 0.14, ""machinery_fault"": 59.16, ""panic_scream"": 0.15, ""person_asking_for_help"": 0.43, ""vehicle_horn"": 0.2}",machinery_fault,35.25,NOT AVAILABLE,,NOT AVAILABLE,yes,23.91,40.99,,Good,High,None,yes,machinery_fault,yes,N/A,
SS00871,SS00871_b6cbe602.wav,animal_sound,animal_sound,98.86,"{""aggression"": 0.22, ""alarm_siren"": 0.01, ""animal_sound"": 98.86, ""background_noise"": 0.02, ""glass_breaking"": 0.01, ""gunshot"": 0.0, ""machinery_fault"": 0.02, ""panic_scream"": 0.01, ""person_asking_for_help"": 0.84, ""vehicle_horn"": 0.02}",animal_sound,63.25,NOT AVAILABLE,,NOT AVAILABLE,yes,35.61,98.02,,Good,Low,None,no,animal_sound,yes,N/A,
SS00874,SS00874_1b6dabb9.wav,animal_sound,animal_sound,38.15,"{""aggression"": 3.03, ""alarm_siren"": 18.34, ""animal_sound"": 38.15, ""background_noise"": 3.74, ""glass_breaking"": 2.22, ""gunshot"": 1.04, ""machinery_fault"": 26.29, ""panic_scream"": 1.2, ""person_asking_for_help"": 3.41, ""vehicle_horn"": 2.6}",animal_sound,32.25,NOT AVAILABLE,,NOT AVAILABLE,yes,5.9,11.86,,Poor,Low,None,yes,animal_sound,yes,N/A,
SS00896,SS00896_96a892c3.wav,animal_sound,glass_breaking,60.88,"{""aggression"": 0.43, ""alarm_siren"": 0.54, ""animal_sound"": 22.09, ""background_noise"": 8.37, ""glass_breaking"": 60.88, ""gunshot"": 0.12, ""machinery_fault"": 0.61, ""panic_scream"": 0.11, ""person_asking_for_help"": 6.73, ""vehicle_horn"": 0.11}",animal_sound,29.5,NOT AVAILABLE,,NOT AVAILABLE,no,31.38,38.79,,Good,High,None,yes,glass_breaking,no,N/A,Python=glass_breaking vs model2=animal_sound; conf diff 31.38
SS00899,SS00899_790f81a0.wav,machinery_fault,machinery_fault,79.09,"{""aggression"": 2.74, ""alarm_siren"": 0.54, ""animal_sound"": 9.55, ""background_noise"": 5.01, ""glass_breaking"": 0.06, ""gunshot"": 0.06, ""machinery_fault"": 79.09, ""panic_scream"": 0.07, ""person_asking_for_help"": 2.76, ""vehicle_horn"": 0.11}",machinery_fault,67.25,NOT AVAILABLE,,NOT AVAILABLE,yes,11.84,69.54,,Poor,High,None,yes,machinery_fault,yes,N/A,
SS00902,SS00902_9fb7b0ee.wav,machinery_fault,animal_sound,74.63,"{""aggression"": 0.47, ""alarm_siren"": 0.05, ""animal_sound"": 74.63, ""background_noise"": 5.56, ""glass_breaking"": 0.11, ""gunshot"": 0.09, ""machinery_fault"": 18.62, ""panic_scream"": 0.04, ""person_asking_for_help"": 0.23, ""vehicle_horn"": 0.21}",background_noise,33.75,NOT AVAILABLE,,NOT AVAILABLE,no,40.88,56.01,,Poor,Low,None,yes,animal_sound,no,N/A,Python=animal_sound vs model2=background_noise; conf diff 40.88
SS00911,SS00911_61588f63.wav,animal_sound,animal_sound,64.76,"{""aggression"": 1.15, ""alarm_siren"": 6.09, ""animal_sound"": 64.76, ""background_noise"": 0.1, ""glass_breaking"": 0.67, ""gunshot"": 0.02, ""machinery_fault"": 1.09, ""panic_scream"": 0.54, ""person_asking_for_help"": 24.84, ""vehicle_horn"": 0.74}",person_asking_for_help,42.75,NOT AVAILABLE,,NOT AVAILABLE,no,22.01,39.92,,Acceptable,Low,None,yes,animal_sound,yes,N/A,Python=animal_sound vs model2=person_asking_for_help; conf diff 22.01
SS00917,SS00917_6af30d6e.wav,animal_sound,alarm_siren,65.36,"{""aggression"": 2.42, ""alarm_siren"": 65.36, ""animal_sound"": 7.81, ""background_noise"": 0.24, ""glass_breaking"": 0.28, ""gunshot"": 0.13, ""machinery_fault"": 0.49, ""panic_scream"": 0.63, ""person_asking_for_help"": 22.18, ""vehicle_horn"": 0.45}",person_asking_for_help,49.5,NOT AVAILABLE,,NOT AVAILABLE,no,15.86,43.18,,Good,High,Active,yes,alarm_siren,no,N/A,Python=alarm_siren vs model2=person_asking_for_help; conf diff 15.86
SS00923,SS00923_f8554c37.wav,animal_sound,animal_sound,99.51,"{""aggression"": 0.01, ""alarm_siren"": 0.09, ""animal_sound"": 99.51, ""background_noise"": 0.22, ""glass_breaking"": 0.01, ""gunshot"": 0.0, ""machinery_fault"": 0.03, ""panic_scream"": 0.0, ""person_asking_for_help"": 0.12, ""vehicle_horn"": 0.02}",animal_sound,84.75,NOT AVAILABLE,,NOT AVAILABLE,yes,14.76,99.29,,Good,Low,None,no,animal_sound,yes,N/A,
SS00932,SS00932_738fdd92.wav,animal_sound,animal_sound,93.55,"{""aggression"": 1.07, ""alarm_siren"": 0.13, ""animal_sound"": 93.55, ""background_noise"": 0.08, ""glass_breaking"": 0.27, ""gunshot"": 0.01, ""machinery_fault"": 1.85, ""panic_scream"": 0.03, ""person_asking_for_help"": 2.82, ""vehicle_horn"": 0.18}",animal_sound,39.75,NOT AVAILABLE,,NOT AVAILABLE,yes,53.8,90.73,,Good,Low,None,no,animal_sound,yes,N/A,
SS00937,SS00937_9da61a42.wav,animal_sound,animal_sound,98.38,"{""aggression"": 0.08, ""alarm_siren"": 0.06, ""animal_sound"": 98.38, ""background_noise"": 0.06, ""glass_breaking"": 0.15, ""gunshot"": 0.06, ""machinery_fault"": 0.08, ""panic_scream"": 0.01, ""person_asking_for_help"": 0.7, ""vehicle_horn"": 0.42}",animal_sound,27.75,NOT AVAILABLE,,NOT AVAILABLE,yes,70.63,97.68,,Good,Low,None,no,animal_sound,yes,N/A,
SS00941,SS00941_8b91f090.wav,alarm_siren,alarm_siren,96.55,"{""aggression"": 0.28, ""alarm_siren"": 96.55, ""animal_sound"": 0.24, ""background_noise"": 0.03, ""glass_breaking"": 0.05, ""gunshot"": 0.02, ""machinery_fault"": 0.06, ""panic_scream"": 2.2, ""person_asking_for_help"": 0.5, ""vehicle_horn"": 0.07}",alarm_siren,37.25,NOT AVAILABLE,,NOT AVAILABLE,yes,59.3,94.35,,Poor,High,None,yes,alarm_siren,yes,N/A,
SS00943,SS00943_9e8901e0.wav,alarm_siren,alarm_siren,35.58,"{""aggression"": 2.98, ""alarm_siren"": 35.58, ""animal_sound"": 10.08, ""background_noise"": 13.29, ""glass_breaking"": 2.09, ""gunshot"": 1.32, ""machinery_fault"": 11.19, ""panic_scream"": 1.58, ""person_asking_for_help"": 5.31, ""vehicle_horn"": 16.6}",alarm_siren,22.25,NOT AVAILABLE,,NOT AVAILABLE,yes,13.33,18.98,,Poor,High,None,yes,alarm_siren,yes,N/A,
SS00955,SS00955_6cc7555c.wav,alarm_siren,animal_sound,60.5,"{""aggression"": 0.14, ""alarm_siren"": 37.76, ""animal_sound"": 60.5, ""background_noise"": 0.05, ""glass_breaking"": 0.04, ""gunshot"": 0.01, ""machinery_fault"": 0.09, ""panic_scream"": 0.62, ""person_asking_for_help"": 0.12, ""vehicle_horn"": 0.68}",animal_sound,61.25,NOT AVAILABLE,,NOT AVAILABLE,yes,0.75,22.74,,Acceptable,Low,None,no,animal_sound,no,N/A,
SS00964,SS00964_d8489599.wav,background_noise,background_noise,96.72,"{""aggression"": 0.01, ""alarm_siren"": 1.64, ""animal_sound"": 0.11, ""background_noise"": 96.72, ""glass_breaking"": 0.02, ""gunshot"": 0.01, ""machinery_fault"": 0.99, ""panic_scream"": 0.02, ""person_asking_for_help"": 0.31, ""vehicle_horn"": 0.18}",background_noise,33.75,NOT AVAILABLE,,NOT AVAILABLE,yes,62.97,95.08,,Acceptable,Informational,None,no,background_noise,yes,N/A,
SS00973,SS00973_d3aa6e92.wav,vehicle_horn,vehicle_horn,43.66,"{""aggression"": 0.32, ""alarm_siren"": 6.88, ""animal_sound"": 29.6, ""background_noise"": 1.07, ""glass_breaking"": 0.31, ""gunshot"": 0.19, ""machinery_fault"": 15.26, ""panic_scream"": 0.24, ""person_asking_for_help"": 2.48, ""vehicle_horn"": 43.66}",animal_sound,35.0,NOT AVAILABLE,,NOT AVAILABLE,no,8.66,14.06,,Acceptable,Medium,None,yes,vehicle_horn,yes,N/A,Python=vehicle_horn vs model2=animal_sound; conf diff 8.66
SS00975,SS00975_f04401db.wav,machinery_fault,machinery_fault,97.81,"{""aggression"": 0.87, ""alarm_siren"": 0.01, ""animal_sound"": 0.07, ""background_noise"": 1.08, ""glass_breaking"": 0.0, ""gunshot"": 0.02, ""machinery_fault"": 97.81, ""panic_scream"": 0.0, ""person_asking_for_help"": 0.11, ""vehicle_horn"": 0.02}",machinery_fault,46.0,NOT AVAILABLE,,NOT AVAILABLE,yes,51.81,96.73,,Poor,High,None,yes,machinery_fault,yes,N/A,
SS00986,SS00986_003d9fe4.wav,background_noise,background_noise,94.68,"{""aggression"": 3.76, ""alarm_siren"": 0.01, ""animal_sound"": 0.85, ""background_noise"": 94.68, ""glass_breaking"": 0.14, ""gunshot"": 0.02, ""machinery_fault"": 0.15, ""panic_scream"": 0.02, ""person_asking_for_help"": 0.36, ""vehicle_horn"": 0.01}",background_noise,86.5,NOT AVAILABLE,,NOT AVAILABLE,yes,8.18,90.92,,Acceptable,Informational,None,no,background_noise,yes,N/A,
SS00992,SS00992_7799d633.wav,background_noise,background_noise,99.29,"{""aggression"": 0.14, ""alarm_siren"": 0.0, ""animal_sound"": 0.34, ""background_noise"": 99.29, ""glass_breaking"": 0.01, ""gunshot"": 0.04, ""machinery_fault"": 0.04, ""panic_scream"": 0.01, ""person_asking_for_help"": 0.15, ""vehicle_horn"": 0.0}",background_noise,91.25,NOT AVAILABLE,,NOT AVAILABLE,yes,8.04,98.95,,Good,Informational,None,no,background_noise,yes,N/A,
SS00995,SS00995_0ab553a2.wav,background_noise,background_noise,65.31,"{""aggression"": 0.43, ""alarm_siren"": 0.17, ""animal_sound"": 1.48, ""background_noise"": 65.31, ""glass_breaking"": 30.27, ""gunshot"": 0.12, ""machinery_fault"": 1.78, ""panic_scream"": 0.05, ""person_asking_for_help"": 0.34, ""vehicle_horn"": 0.05}",background_noise,40.75,NOT AVAILABLE,,NOT AVAILABLE,yes,24.56,35.04,,Good,Informational,None,no,background_noise,yes,N/A,
SS01006,SS01006_377d2f33.wav,background_noise,background_noise,95.96,"{""aggression"": 0.28, ""alarm_siren"": 0.01, ""animal_sound"": 1.37, ""background_noise"": 95.96, ""glass_breaking"": 0.03, ""gunshot"": 0.01, ""machinery_fault"": 0.29, ""panic_scream"": 0.01, ""person_asking_for_help"": 2.01, ""vehicle_horn"": 0.03}",background_noise,73.75,NOT AVAILABLE,,NOT AVAILABLE,yes,22.21,93.95,,Good,Informational,None,no,background_noise,yes,N/A,
SS01008,SS01008_b85e8363.wav,animal_sound,animal_sound,56.19,"{""aggression"": 0.45, ""alarm_siren"": 0.05, ""animal_sound"": 56.19, ""background_noise"": 38.71, ""glass_breaking"": 0.46, ""gunshot"": 0.07, ""machinery_fault"": 2.89, ""panic_scream"": 0.03, ""person_asking_for_help"": 0.5, ""vehicle_horn"": 0.66}",animal_sound,48.25,NOT AVAILABLE,,NOT AVAILABLE,yes,7.94,17.48,,Poor,Low,None,yes,animal_sound,yes,N/A,
SS01010,SS01010_d4a264ca.wav,animal_sound,machinery_fault,84.73,"{""aggression"": 1.19, ""alarm_siren"": 3.27, ""animal_sound"": 7.98, ""background_noise"": 0.54, ""glass_breaking"": 0.76, ""gunshot"": 0.07, ""machinery_fault"": 84.73, ""panic_scream"": 0.08, ""person_asking_for_help"": 1.12, ""vehicle_horn"": 0.27}",machinery_fault,59.5,NOT AVAILABLE,,NOT AVAILABLE,yes,25.23,76.75,,Poor,High,None,yes,machinery_fault,no,N/A,
SS01011,SS01011_1ea680df.wav,animal_sound,animal_sound,54.15,"{""aggression"": 0.38, ""alarm_siren"": 1.54, ""animal_sound"": 54.15, ""background_noise"": 1.6, ""glass_breaking"": 0.48, ""gunshot"": 0.03, ""machinery_fault"": 40.48, ""panic_scream"": 0.04, ""person_asking_for_help"": 0.65, ""vehicle_horn"": 0.63}",machinery_fault,50.25,NOT AVAILABLE,,NOT AVAILABLE,no,3.9,13.67,,Poor,Low,None,yes,animal_sound,yes,N/A,Python=animal_sound vs model2=machinery_fault; conf diff 3.9
SS01033,SS01033_226ca7d5.wav,background_noise,background_noise,78.28,"{""aggression"": 13.64, ""alarm_siren"": 0.04, ""animal_sound"": 0.34, ""background_noise"": 78.28, ""glass_breaking"": 0.01, ""gunshot"": 0.02, ""machinery_fault"": 5.91, ""panic_scream"": 0.02, ""person_asking_for_help"": 1.58, ""vehicle_horn"": 0.16}",background_noise,60.0,NOT AVAILABLE,,NOT AVAILABLE,yes,18.28,64.64,,Poor,Informational,None,yes,background_noise,yes,N/A,
SS01039,SS01039_9253d141.wav,background_noise,background_noise,69.89,"{""aggression"": 13.65, ""alarm_siren"": 0.28, ""animal_sound"": 2.44, ""background_noise"": 69.89, ""glass_breaking"": 6.08, ""gunshot"": 0.21, ""machinery_fault"": 1.17, ""panic_scream"": 0.22, ""person_asking_for_help"": 5.66, ""vehicle_horn"": 0.39}",glass_breaking,29.0,NOT AVAILABLE,,NOT AVAILABLE,no,40.89,56.24,,Good,Informational,None,yes,background_noise,yes,N/A,Python=background_noise vs model2=glass_breaking; conf diff 40.89
SS01045,SS01045_502bb337.wav,machinery_fault,machinery_fault,93.13,"{""aggression"": 0.04, ""alarm_siren"": 0.62, ""animal_sound"": 2.75, ""background_noise"": 2.2, ""glass_breaking"": 0.01, ""gunshot"": 0.01, ""machinery_fault"": 93.13, ""panic_scream"": 0.01, ""person_asking_for_help"": 0.88, ""vehicle_horn"": 0.35}",machinery_fault,50.5,NOT AVAILABLE,,NOT AVAILABLE,yes,42.63,90.38,,Poor,High,None,yes,machinery_fault,yes,N/A,
SS01072,SS01072_5d8584af.wav,animal_sound,animal_sound,97.61,"{""aggression"": 0.02, ""alarm_siren"": 1.44, ""animal_sound"": 97.61, ""background_noise"": 0.11, ""glass_breaking"": 0.04, ""gunshot"": 0.01, ""machinery_fault"": 0.02, ""panic_scream"": 0.13, ""person_asking_for_help"": 0.59, ""vehicle_horn"": 0.03}",animal_sound,63.0,NOT AVAILABLE,,NOT AVAILABLE,yes,34.61,96.17,,Good,Low,None,no,animal_sound,yes,N/A,
SS01079,SS01079_78291a06.wav,background_noise,background_noise,67.95,"{""aggression"": 0.09, ""alarm_siren"": 6.6, ""animal_sound"": 3.83, ""background_noise"": 67.95, ""glass_breaking"": 0.16, ""gunshot"": 0.06, ""machinery_fault"": 0.64, ""panic_scream"": 0.11, ""person_asking_for_help"": 17.4, ""vehicle_horn"": 3.16}",background_noise,35.0,NOT AVAILABLE,,NOT AVAILABLE,yes,32.95,50.55,,Poor,Informational,None,yes,background_noise,yes,N/A,
SS01080,SS01080_f1557bde.wav,background_noise,background_noise,67.14,"{""aggression"": 0.2, ""alarm_siren"": 16.27, ""animal_sound"": 1.23, ""background_noise"": 67.14, ""glass_breaking"": 0.25, ""gunshot"": 0.15, ""machinery_fault"": 3.55, ""panic_scream"": 0.2, ""person_asking_for_help"": 10.32, ""vehicle_horn"": 0.7}",background_noise,30.25,NOT AVAILABLE,,NOT AVAILABLE,yes,36.89,50.87,,Poor,Informational,None,yes,background_noise,yes,N/A,
SS01093,SS01093_0a22d8fb.wav,machinery_fault,machinery_fault,91.14,"{""aggression"": 0.14, ""alarm_siren"": 0.03, ""animal_sound"": 8.33, ""background_noise"": 0.12, ""glass_breaking"": 0.02, ""gunshot"": 0.01, ""machinery_fault"": 91.14, ""panic_scream"": 0.04, ""person_asking_for_help"": 0.14, ""vehicle_horn"": 0.04}",animal_sound,27.75,NOT AVAILABLE,,NOT AVAILABLE,no,63.39,82.81,,Good,High,Active,yes,machinery_fault,yes,N/A,Python=machinery_fault vs model2=animal_sound; conf diff 63.39
SS01098,SS01098_c2988d2e.wav,glass_breaking,glass_breaking,99.87,"{""aggression"": 0.01, ""alarm_siren"": 0.03, ""animal_sound"": 0.01, ""background_noise"": 0.0, ""glass_breaking"": 99.87, ""gunshot"": 0.0, ""machinery_fault"": 0.01, ""panic_scream"": 0.01, ""person_asking_for_help"": 0.02, ""vehicle_horn"": 0.04}",glass_breaking,98.25,NOT AVAILABLE,,NOT AVAILABLE,yes,1.62,99.83,,Good,High,Active,no,glass_breaking,yes,N/A,
SS01101,SS01101_0f99cf9a.wav,alarm_siren,alarm_siren,51.81,"{""aggression"": 1.17, ""alarm_siren"": 51.81, ""animal_sound"": 24.18, ""background_noise"": 0.71, ""glass_breaking"": 1.09, ""gunshot"": 0.13, ""machinery_fault"": 10.57, ""panic_scream"": 0.29, ""person_asking_for_help"": 9.38, ""vehicle_horn"": 0.68}",animal_sound,35.25,NOT AVAILABLE,,NOT AVAILABLE,no,16.56,27.63,,Good,High,None,yes,alarm_siren,yes,N/A,Python=alarm_siren vs model2=animal_sound; conf diff 16.56
SS01110,SS01110_00996319.wav,animal_sound,animal_sound,98.64,"{""aggression"": 0.04, ""alarm_siren"": 0.03, ""animal_sound"": 98.64, ""background_noise"": 0.22, ""glass_breaking"": 0.03, ""gunshot"": 0.0, ""machinery_fault"": 0.02, ""panic_scream"": 0.0, ""person_asking_for_help"": 0.79, ""vehicle_horn"": 0.23}",animal_sound,75.5,NOT AVAILABLE,,NOT AVAILABLE,yes,23.14,97.85,,Good,Low,None,no,animal_sound,yes,N/A,
SS01114,SS01114_f30a2a9b.wav,animal_sound,animal_sound,81.05,"{""aggression"": 0.32, ""alarm_siren"": 1.24, ""animal_sound"": 81.05, ""background_noise"": 2.79, ""glass_breaking"": 11.84, ""gunshot"": 0.25, ""machinery_fault"": 0.06, ""panic_scream"": 0.26, ""person_asking_for_help"": 2.09, ""vehicle_horn"": 0.11}",animal_sound,50.25,NOT AVAILABLE,,NOT AVAILABLE,yes,30.8,69.21,,Good,Low,None,no,animal_sound,yes,N/A,
SS01117,SS01117_878ddf2e.wav,animal_sound,animal_sound,73.94,"{""aggression"": 0.14, ""alarm_siren"": 2.15, ""animal_sound"": 73.94, ""background_noise"": 1.02, ""glass_breaking"": 1.39, ""gunshot"": 0.01, ""machinery_fault"": 0.08, ""panic_scream"": 0.13, ""person_asking_for_help"": 21.02, ""vehicle_horn"": 0.13}",animal_sound,51.25,NOT AVAILABLE,,NOT AVAILABLE,yes,22.69,52.92,,Good,Low,None,no,animal_sound,yes,N/A,
SS01123,SS01123_823eb42a.wav,animal_sound,animal_sound,93.95,"{""aggression"": 0.41, ""alarm_siren"": 0.01, ""animal_sound"": 93.95, ""background_noise"": 2.63, ""glass_breaking"": 0.08, ""gunshot"": 0.01, ""machinery_fault"": 2.23, ""panic_scream"": 0.01, ""person_asking_for_help"": 0.66, ""vehicle_horn"": 0.02}",animal_sound,54.5,NOT AVAILABLE,,NOT AVAILABLE,yes,39.45,91.32,,Good,Low,None,no,animal_sound,yes,N/A,
SS01124,SS01124_85d7fbe8.wav,machinery_fault,animal_sound,60.12,"{""aggression"": 9.96, ""alarm_siren"": 1.04, ""animal_sound"": 60.12, ""background_noise"": 6.28, ""glass_breaking"": 0.64, ""gunshot"": 0.38, ""machinery_fault"": 17.25, ""panic_scream"": 0.4, ""person_asking_for_help"": 3.22, ""vehicle_horn"": 0.69}",animal_sound,31.0,NOT AVAILABLE,,NOT AVAILABLE,yes,29.12,42.87,,Good,Low,None,no,animal_sound,no,N/A,
SS01130,SS01130_f6f750fa.wav,animal_sound,animal_sound,40.13,"{""aggression"": 21.46, ""alarm_siren"": 0.51, ""animal_sound"": 40.13, ""background_noise"": 6.14, ""glass_breaking"": 2.62, ""gunshot"": 0.28, ""machinery_fault"": 20.42, ""panic_scream"": 0.34, ""person_asking_for_help"": 5.34, ""vehicle_horn"": 2.76}",animal_sound,30.0,NOT AVAILABLE,,NOT AVAILABLE,yes,10.13,18.67,,Acceptable,Low,None,yes,animal_sound,yes,N/A,
SS01136,SS01136_f5374218.wav,machinery_fault,machinery_fault,94.17,"{""aggression"": 1.27, ""alarm_siren"": 0.01, ""animal_sound"": 1.47, ""background_noise"": 0.22, ""glass_breaking"": 0.23, ""gunshot"": 0.01, ""machinery_fault"": 94.17, ""panic_scream"": 0.01, ""person_asking_for_help"": 2.61, ""vehicle_horn"": 0.01}",machinery_fault,48.25,NOT AVAILABLE,,NOT AVAILABLE,yes,45.92,91.56,,Good,High,Active,no,machinery_fault,yes,N/A,
SS01138,SS01138_ad7ace21.wav,machinery_fault,machinery_fault,98.65,"{""aggression"": 0.09, ""alarm_siren"": 0.0, ""animal_sound"": 0.13, ""background_noise"": 0.11, ""glass_breaking"": 0.04, ""gunshot"": 0.01, ""machinery_fault"": 98.65, ""panic_scream"": 0.0, ""person_asking_for_help"": 0.96, ""vehicle_horn"": 0.0}",machinery_fault,54.75,NOT AVAILABLE,,NOT AVAILABLE,yes,43.9,97.69,,Good,High,Active,no,machinery_fault,yes,N/A,
SS01139,SS01139_7199846b.wav,background_noise,background_noise,92.86,"{""aggression"": 0.34, ""alarm_siren"": 0.01, ""animal_sound"": 5.91, ""background_noise"": 92.86, ""glass_breaking"": 0.71, ""gunshot"": 0.01, ""machinery_fault"": 0.08, ""panic_scream"": 0.01, ""person_asking_for_help"": 0.05, ""vehicle_horn"": 0.02}",background_noise,39.75,NOT AVAILABLE,,NOT AVAILABLE,yes,53.11,86.95,,Good,Informational,None,no,background_noise,yes,N/A,
SS01148,SS01148_04a46ed5.wav,glass_breaking,glass_breaking,99.8,"{""aggression"": 0.0, ""alarm_siren"": 0.02, ""animal_sound"": 0.01, ""background_noise"": 0.03, ""glass_breaking"": 99.8, ""gunshot"": 0.01, ""machinery_fault"": 0.01, ""panic_scream"": 0.01, ""person_asking_for_help"": 0.09, ""vehicle_horn"": 0.03}",glass_breaking,94.75,NOT AVAILABLE,,NOT AVAILABLE,yes,5.05,99.71,,Good,High,Active,no,glass_breaking,yes,N/A,
SS01153,SS01153_c9621aa0.wav,background_noise,background_noise,67.98,"{""aggression"": 0.83, ""alarm_siren"": 0.01, ""animal_sound"": 29.51, ""background_noise"": 67.98, ""glass_breaking"": 0.37, ""gunshot"": 0.02, ""machinery_fault"": 0.47, ""panic_scream"": 0.01, ""person_asking_for_help"": 0.72, ""vehicle_horn"": 0.08}",background_noise,75.5,NOT AVAILABLE,,NOT AVAILABLE,yes,7.52,38.47,,Acceptable,Informational,None,no,background_noise,yes,N/A,
SS01155,SS01155_17b93306.wav,animal_sound,animal_sound,96.99,"{""aggression"": 0.18, ""alarm_siren"": 1.24, ""animal_sound"": 96.99, ""background_noise"": 0.01, ""glass_breaking"": 0.03, ""gunshot"": 0.0, ""machinery_fault"": 0.05, ""panic_scream"": 0.04, ""person_asking_for_help"": 0.28, ""vehicle_horn"": 1.18}",animal_sound,82.0,NOT AVAILABLE,,NOT AVAILABLE,yes,14.99,95.75,,Good,Low,None,no,animal_sound,yes,N/A,
SS01184,SS01184_aff7011b.mp3,aggression,background_noise,74.7,"{""aggression"": 3.52, ""alarm_siren"": 0.09, ""animal_sound"": 4.43, ""background_noise"": 74.7, ""glass_breaking"": 0.15, ""gunshot"": 0.08, ""machinery_fault"": 14.43, ""panic_scream"": 0.07, ""person_asking_for_help"": 1.93, ""vehicle_horn"": 0.61}",background_noise,38.0,NOT AVAILABLE,,NOT AVAILABLE,yes,36.7,60.27,,Acceptable,Informational,None,no,background_noise,no,N/A,
SS01185,SS01185_64641d3b.mp3,aggression,person_asking_for_help,47.62,"{""aggression"": 36.06, ""alarm_siren"": 2.6, ""animal_sound"": 10.37, ""background_noise"": 0.43, ""glass_breaking"": 0.7, ""gunshot"": 0.21, ""machinery_fault"": 0.6, ""panic_scream"": 0.77, ""person_asking_for_help"": 47.62, ""vehicle_horn"": 0.63}",person_asking_for_help,57.25,NOT AVAILABLE,,NOT AVAILABLE,yes,9.63,11.56,,Good,Critical,None,yes,person_asking_for_help,no,N/A,
SS01189,SS01189_6853bef0.mp3,aggression,background_noise,71.67,"{""aggression"": 1.36, ""alarm_siren"": 0.2, ""animal_sound"": 14.76, ""background_noise"": 71.67, ""glass_breaking"": 0.78, ""gunshot"": 0.1, ""machinery_fault"": 0.8, ""panic_scream"": 0.11, ""person_asking_for_help"": 1.08, ""vehicle_horn"": 9.15}",background_noise,40.25,NOT AVAILABLE,,NOT AVAILABLE,yes,31.42,56.91,,Poor,Informational,None,yes,background_noise,no,N/A,
SS01199,SS01199_f6cfd3d4.mp3,aggression,aggression,98.31,"{""aggression"": 98.31, ""alarm_siren"": 0.01, ""animal_sound"": 0.18, ""background_noise"": 0.8, ""glass_breaking"": 0.23, ""gunshot"": 0.03, ""machinery_fault"": 0.02, ""panic_scream"": 0.02, ""person_asking_for_help"": 0.36, ""vehicle_horn"": 0.04}",aggression,99.0,NOT AVAILABLE,,NOT AVAILABLE,yes,0.69,97.51,,Good,High,None,no,aggression,yes,N/A,
SS01215,SS01215_bd81769d.mp3,aggression,aggression,98.03,"{""aggression"": 98.03, ""alarm_siren"": 0.01, ""animal_sound"": 0.01, ""background_noise"": 0.47, ""glass_breaking"": 1.21, ""gunshot"": 0.04, ""machinery_fault"": 0.01, ""panic_scream"": 0.01, ""person_asking_for_help"": 0.17, ""vehicle_horn"": 0.04}",aggression,96.0,NOT AVAILABLE,,NOT AVAILABLE,yes,2.03,96.82,,Good,High,None,no,aggression,yes,N/A,
SS01218,SS01218_b58c1735.mp3,aggression,aggression,99.37,"{""aggression"": 99.37, ""alarm_siren"": 0.01, ""animal_sound"": 0.01, ""background_noise"": 0.19, ""glass_breaking"": 0.12, ""gunshot"": 0.03, ""machinery_fault"": 0.02, ""panic_scream"": 0.01, ""person_asking_for_help"": 0.2, ""vehicle_horn"": 0.03}",aggression,95.5,NOT AVAILABLE,,NOT AVAILABLE,yes,3.87,99.17,,Good,High,None,no,aggression,yes,N/A,
SS01225,SS01225_fa9c7cab.mp3,aggression,aggression,97.66,"{""aggression"": 97.66, ""alarm_siren"": 0.06, ""animal_sound"": 0.37, ""background_noise"": 0.11, ""glass_breaking"": 0.36, ""gunshot"": 0.14, ""machinery_fault"": 0.06, ""panic_scream"": 0.03, ""person_asking_for_help"": 0.96, ""vehicle_horn"": 0.25}",aggression,86.0,NOT AVAILABLE,,NOT AVAILABLE,yes,11.66,96.7,,Good,High,None,no,aggression,yes,N/A,
SS01240,SS01240_d5264d24.mp3,aggression,aggression,98.82,"{""aggression"": 98.82, ""alarm_siren"": 0.0, ""animal_sound"": 0.01, ""background_noise"": 1.03, ""glass_breaking"": 0.08, ""gunshot"": 0.0, ""machinery_fault"": 0.0, ""panic_scream"": 0.01, ""person_asking_for_help"": 0.03, ""vehicle_horn"": 0.01}",aggression,95.25,NOT AVAILABLE,,NOT AVAILABLE,yes,3.57,97.79,,Good,High,None,no,aggression,yes,N/A,
SS01246,SS01246_ae87bca1.mp3,aggression,aggression,98.96,"{""aggression"": 98.96, ""alarm_siren"": 0.0, ""animal_sound"": 0.12, ""background_noise"": 0.01, ""glass_breaking"": 0.07, ""gunshot"": 0.01, ""machinery_fault"": 0.21, ""panic_scream"": 0.01, ""person_asking_for_help"": 0.62, ""vehicle_horn"": 0.0}",aggression,85.25,NOT AVAILABLE,,NOT AVAILABLE,yes,13.71,98.34,,Good,High,None,no,aggression,yes,N/A,
SS01255,SS01255_f28e75dd.mp3,aggression,aggression,99.84,"{""aggression"": 99.84, ""alarm_siren"": 0.0, ""animal_sound"": 0.01, ""background_noise"": 0.01, ""glass_breaking"": 0.0, ""gunshot"": 0.0, ""machinery_fault"": 0.07, ""panic_scream"": 0.0, ""person_asking_for_help"": 0.06, ""vehicle_horn"": 0.0}",aggression,82.0,NOT AVAILABLE,,NOT AVAILABLE,yes,17.84,99.77,,Good,High,None,no,aggression,yes,N/A,
SS01262,SS01262_fe5ba930.mp3,aggression,aggression,98.46,"{""aggression"": 98.46, ""alarm_siren"": 0.01, ""animal_sound"": 0.07, ""background_noise"": 0.59, ""glass_breaking"": 0.1, ""gunshot"": 0.01, ""machinery_fault"": 0.64, ""panic_scream"": 0.01, ""person_asking_for_help"": 0.06, ""vehicle_horn"": 0.06}",aggression,98.25,NOT AVAILABLE,,NOT AVAILABLE,yes,0.21,97.82,,Good,High,None,no,aggression,yes,N/A,
SS01265,SS01265_48c09af4.mp3,aggression,aggression,99.26,"{""aggression"": 99.26, ""alarm_siren"": 0.01, ""animal_sound"": 0.05, ""background_noise"": 0.36, ""glass_breaking"": 0.04, ""gunshot"": 0.0, ""machinery_fault"": 0.22, ""panic_scream"": 0.01, ""person_asking_for_help"": 0.02, ""vehicle_horn"": 0.04}",aggression,97.0,NOT AVAILABLE,,NOT AVAILABLE,yes,2.26,98.9,,Good,High,None,no,aggression,yes,N/A,
SS01266,SS01266_742896aa.mp3,aggression,aggression,99.87,"{""aggression"": 99.87, ""alarm_siren"": 0.01, ""animal_sound"": 0.01, ""background_noise"": 0.05, ""glass_breaking"": 0.02, ""gunshot"": 0.0, ""machinery_fault"": 0.02, ""panic_scream"": 0.01, ""person_asking_for_help"": 0.0, ""vehicle_horn"": 0.01}",aggression,96.0,NOT AVAILABLE,,NOT AVAILABLE,yes,3.87,99.82,,Good,High,None,no,aggression,yes,N/A,
SS01269,SS01269_68b1285f.mp3,aggression,aggression,97.37,"{""aggression"": 97.37, ""alarm_siren"": 0.0, ""animal_sound"": 0.35, ""background_noise"": 0.26, ""glass_breaking"": 0.05, ""gunshot"": 0.0, ""machinery_fault"": 1.67, ""panic_scream"": 0.0, ""person_asking_for_help"": 0.28, ""vehicle_horn"": 0.01}",aggression,71.75,NOT AVAILABLE,,NOT AVAILABLE,yes,25.62,95.7,,Good,High,None,no,aggression,yes,N/A,
SS01270,SS01270_10788a28.mp3,aggression,aggression,97.27,"{""aggression"": 97.27, ""alarm_siren"": 0.01, ""animal_sound"": 0.16, ""background_noise"": 0.03, ""glass_breaking"": 0.4, ""gunshot"": 0.02, ""machinery_fault"": 0.29, ""panic_scream"": 0.01, ""person_asking_for_help"": 1.81, ""vehicle_horn"": 0.01}",aggression,77.75,NOT AVAILABLE,,NOT AVAILABLE,yes,19.52,95.46,,Good,High,None,no,aggression,yes,N/A,
SS01275,SS01275_e714a07b.mp3,aggression,aggression,96.64,"{""aggression"": 96.64, ""alarm_siren"": 0.01, ""animal_sound"": 0.1, ""background_noise"": 1.22, ""glass_breaking"": 0.45, ""gunshot"": 0.01, ""machinery_fault"": 0.07, ""panic_scream"": 0.01, ""person_asking_for_help"": 1.33, ""vehicle_horn"": 0.15}",aggression,90.75,NOT AVAILABLE,,NOT AVAILABLE,yes,5.89,95.31,,Good,High,None,no,aggression,yes,N/A,
SS01276,SS01276_d72e1665.mp3,aggression,aggression,99.01,"{""aggression"": 99.01, ""alarm_siren"": 0.01, ""animal_sound"": 0.01, ""background_noise"": 0.11, ""glass_breaking"": 0.5, ""gunshot"": 0.0, ""machinery_fault"": 0.03, ""panic_scream"": 0.01, ""person_asking_for_help"": 0.3, ""vehicle_horn"": 0.02}",aggression,94.25,NOT AVAILABLE,,NOT AVAILABLE,yes,4.76,98.51,,Good,High,None,no,aggression,yes,N/A,
SS01289,SS01289_bba9a5ef.mp3,aggression,aggression,99.63,"{""aggression"": 99.63, ""alarm_siren"": 0.01, ""animal_sound"": 0.05, ""background_noise"": 0.02, ""glass_breaking"": 0.1, ""gunshot"": 0.01, ""machinery_fault"": 0.02, ""panic_scream"": 0.02, ""person_asking_for_help"": 0.13, ""vehicle_horn"": 0.02}",aggression,97.0,NOT AVAILABLE,,NOT AVAILABLE,yes,2.63,99.5,,Good,High,None,no,aggression,yes,N/A,
SS01301,SS01301_c3db1332.mp3,aggression,aggression,99.67,"{""aggression"": 99.67, ""alarm_siren"": 0.0, ""animal_sound"": 0.02, ""background_noise"": 0.12, ""glass_breaking"": 0.03, ""gunshot"": 0.0, ""machinery_fault"": 0.01, ""panic_scream"": 0.01, ""person_asking_for_help"": 0.12, ""vehicle_horn"": 0.01}",aggression,99.25,NOT AVAILABLE,,NOT AVAILABLE,yes,0.42,99.55,,Good,High,None,no,aggression,yes,N/A,
SS01314,SS01314_193a119c.mp3,aggression,aggression,98.13,"{""aggression"": 98.13, ""alarm_siren"": 0.02, ""animal_sound"": 1.18, ""background_noise"": 0.19, ""glass_breaking"": 0.01, ""gunshot"": 0.0, ""machinery_fault"": 0.09, ""panic_scream"": 0.0, ""person_asking_for_help"": 0.3, ""vehicle_horn"": 0.07}",aggression,70.75,NOT AVAILABLE,,NOT AVAILABLE,yes,27.38,96.95,,Good,High,None,no,aggression,yes,N/A,
SS01326,SS01326_158ab554.mp3,aggression,aggression,99.77,"{""aggression"": 99.77, ""alarm_siren"": 0.0, ""animal_sound"": 0.01, ""background_noise"": 0.15, ""glass_breaking"": 0.01, ""gunshot"": 0.0, ""machinery_fault"": 0.02, ""panic_scream"": 0.01, ""person_asking_for_help"": 0.01, ""vehicle_horn"": 0.02}",aggression,97.5,NOT AVAILABLE,,NOT AVAILABLE,yes,2.27,99.62,,Good,High,None,no,aggression,yes,N/A,
SS01327,SS01327_9ee04a5a.mp3,aggression,aggression,93.37,"{""aggression"": 93.37, ""alarm_siren"": 0.01, ""animal_sound"": 0.07, ""background_noise"": 0.2, ""glass_breaking"": 4.88, ""gunshot"": 0.16, ""machinery_fault"": 0.02, ""panic_scream"": 0.02, ""person_asking_for_help"": 1.2, ""vehicle_horn"": 0.08}",aggression,72.0,NOT AVAILABLE,,NOT AVAILABLE,yes,21.37,88.49,,Good,High,None,no,aggression,yes,N/A,
SS01330,SS01330_14290143.mp3,aggression,aggression,99.57,"{""aggression"": 99.57, ""alarm_siren"": 0.0, ""animal_sound"": 0.0, ""background_noise"": 0.3, ""glass_breaking"": 0.06, ""gunshot"": 0.0, ""machinery_fault"": 0.01, ""panic_scream"": 0.01, ""person_asking_for_help"": 0.02, ""vehicle_horn"": 0.02}",aggression,99.75,NOT AVAILABLE,,NOT AVAILABLE,yes,0.18,99.27,,Good,High,None,no,aggression,yes,N/A,
SS01335,SS01335_52d8f32e.mp3,aggression,aggression,98.12,"{""aggression"": 98.12, ""alarm_siren"": 0.0, ""animal_sound"": 0.4, ""background_noise"": 0.43, ""glass_breaking"": 0.18, ""gunshot"": 0.0, ""machinery_fault"": 0.07, ""panic_scream"": 0.0, ""person_asking_for_help"": 0.78, ""vehicle_horn"": 0.01}",aggression,64.25,NOT AVAILABLE,,NOT AVAILABLE,yes,33.87,97.34,,Good,High,None,no,aggression,yes,N/A,
SS01339,SS01339_3967e5dc.mp3,aggression,aggression,97.76,"{""aggression"": 97.76, ""alarm_siren"": 0.0, ""animal_sound"": 0.02, ""background_noise"": 0.06, ""glass_breaking"": 0.03, ""gunshot"": 0.0, ""machinery_fault"": 0.13, ""panic_scream"": 0.01, ""person_asking_for_help"": 1.96, ""vehicle_horn"": 0.04}",aggression,72.0,NOT AVAILABLE,,NOT AVAILABLE,yes,25.76,95.8,,Good,High,None,no,aggression,yes,N/A,
SS01344,SS01344_a8a2e342.mp3,aggression,glass_breaking,82.89,"{""aggression"": 1.46, ""alarm_siren"": 0.03, ""animal_sound"": 0.28, ""background_noise"": 2.45, ""glass_breaking"": 82.89, ""gunshot"": 0.23, ""machinery_fault"": 0.02, ""panic_scream"": 0.01, ""person_asking_for_help"": 12.4, ""vehicle_horn"": 0.22}",glass_breaking,46.75,NOT AVAILABLE,,NOT AVAILABLE,yes,36.14,70.49,,Good,High,Active,no,glass_breaking,no,N/A,
SS01346,SS01346_31e28329.mp3,aggression,background_noise,95.27,"{""aggression"": 0.85, ""alarm_siren"": 0.04, ""animal_sound"": 0.06, ""background_noise"": 95.27, ""glass_breaking"": 0.04, ""gunshot"": 0.01, ""machinery_fault"": 1.99, ""panic_scream"": 0.01, ""person_asking_for_help"": 1.69, ""vehicle_horn"": 0.04}",background_noise,61.0,NOT AVAILABLE,,NOT AVAILABLE,yes,34.27,93.28,,Acceptable,Informational,None,no,background_noise,no,N/A,
SS01356,SS01356_4758d064.mp3,aggression,machinery_fault,34.64,"{""aggression"": 30.85, ""alarm_siren"": 0.99, ""animal_sound"": 3.32, ""background_noise"": 1.28, ""glass_breaking"": 17.1, ""gunshot"": 0.4, ""machinery_fault"": 34.64, ""panic_scream"": 0.49, ""person_asking_for_help"": 5.41, ""vehicle_horn"": 5.52}",glass_breaking,32.5,NOT AVAILABLE,,NOT AVAILABLE,no,2.14,3.79,,Good,High,None,yes,machinery_fault,no,N/A,Python=machinery_fault vs model2=glass_breaking; conf diff 2.14
SS01363,SS01363_19b9a21f.mp3,aggression,background_noise,56.12,"{""aggression"": 37.88, ""alarm_siren"": 0.02, ""animal_sound"": 0.8, ""background_noise"": 56.12, ""glass_breaking"": 3.75, ""gunshot"": 0.08, ""machinery_fault"": 0.06, ""panic_scream"": 0.02, ""person_asking_for_help"": 1.25, ""vehicle_horn"": 0.03}",aggression,33.75,NOT AVAILABLE,,NOT AVAILABLE,no,22.37,18.24,,Good,Informational,None,yes,background_noise,no,N/A,Python=background_noise vs model2=aggression; conf diff 22.37
SS01371,SS01371_f255f2fb.mp3,aggression,aggression,91.45,"{""aggression"": 91.45, ""alarm_siren"": 0.03, ""animal_sound"": 2.43, ""background_noise"": 2.35, ""glass_breaking"": 1.42, ""gunshot"": 0.07, ""machinery_fault"": 0.34, ""panic_scream"": 0.03, ""person_asking_for_help"": 1.5, ""vehicle_horn"": 0.37}",aggression,62.0,NOT AVAILABLE,,NOT AVAILABLE,yes,29.45,89.02,,Good,High,None,no,aggression,yes,N/A,
SS01375,SS01375_3d84a373.mp3,aggression,aggression,88.06,"{""aggression"": 88.06, ""alarm_siren"": 0.02, ""animal_sound"": 0.2, ""background_noise"": 9.42, ""glass_breaking"": 0.11, ""gunshot"": 0.04, ""machinery_fault"": 0.87, ""panic_scream"": 0.02, ""person_asking_for_help"": 1.15, ""vehicle_horn"": 0.11}",aggression,60.75,NOT AVAILABLE,,NOT AVAILABLE,yes,27.31,78.64,,Good,High,None,no,aggression,yes,N/A,
SS01378,SS01378_15860938.mp3,aggression,aggression,78.03,"{""aggression"": 78.03, ""alarm_siren"": 0.06, ""animal_sound"": 0.74, ""background_noise"": 0.08, ""glass_breaking"": 19.8, ""gunshot"": 0.18, ""machinery_fault"": 0.08, ""panic_scream"": 0.02, ""person_asking_for_help"": 0.33, ""vehicle_horn"": 0.69}",aggression,51.0,NOT AVAILABLE,,NOT AVAILABLE,yes,27.03,58.23,,Good,High,None,no,aggression,yes,N/A,
SS01381,SS01381_2855fe15.mp3,aggression,machinery_fault,93.14,"{""aggression"": 1.59, ""alarm_siren"": 2.32, ""animal_sound"": 1.22, ""background_noise"": 0.72, ""glass_breaking"": 0.09, ""gunshot"": 0.07, ""machinery_fault"": 93.14, ""panic_scream"": 0.34, ""person_asking_for_help"": 0.41, ""vehicle_horn"": 0.11}",machinery_fault,60.5,NOT AVAILABLE,,NOT AVAILABLE,yes,32.64,90.82,,Poor,High,None,yes,machinery_fault,no,N/A,
SS01384,SS01384_d73af197.mp3,aggression,glass_breaking,98.27,"{""aggression"": 0.51, ""alarm_siren"": 0.02, ""animal_sound"": 0.04, ""background_noise"": 0.13, ""glass_breaking"": 98.27, ""gunshot"": 0.03, ""machinery_fault"": 0.01, ""panic_scream"": 0.01, ""person_asking_for_help"": 0.89, ""vehicle_horn"": 0.09}",glass_breaking,59.5,NOT AVAILABLE,,NOT AVAILABLE,yes,38.77,97.38,,Good,High,Active,no,glass_breaking,no,N/A,
SS01400,SS01400_8bd10ef6.mp3,aggression,glass_breaking,48.55,"{""aggression"": 43.91, ""alarm_siren"": 0.12, ""animal_sound"": 1.76, ""background_noise"": 1.49, ""glass_breaking"": 48.55, ""gunshot"": 0.45, ""machinery_fault"": 0.07, ""panic_scream"": 0.06, ""person_asking_for_help"": 2.73, ""vehicle_horn"": 0.85}",glass_breaking,58.25,NOT AVAILABLE,,NOT AVAILABLE,yes,9.7,4.64,,Good,High,None,yes,glass_breaking,no,N/A,
SS01403,SS01403_a95fd550.mp3,aggression,machinery_fault,98.54,"{""aggression"": 0.64, ""alarm_siren"": 0.01, ""animal_sound"": 0.51, ""background_noise"": 0.1, ""glass_breaking"": 0.01, ""gunshot"": 0.03, ""machinery_fault"": 98.54, ""panic_scream"": 0.01, ""person_asking_for_help"": 0.07, ""vehicle_horn"": 0.09}",machinery_fault,48.75,NOT AVAILABLE,,NOT AVAILABLE,yes,49.79,97.9,,Poor,High,None,yes,machinery_fault,no,N/A,
SS01405,SS01405_beded6e6.mp3,glass_breaking,glass_breaking,98.35,"{""aggression"": 0.07, ""alarm_siren"": 0.21, ""animal_sound"": 0.09, ""background_noise"": 0.05, ""glass_breaking"": 98.35, ""gunshot"": 0.02, ""machinery_fault"": 0.02, ""panic_scream"": 0.03, ""person_asking_for_help"": 0.43, ""vehicle_horn"": 0.73}",glass_breaking,88.25,NOT AVAILABLE,,NOT AVAILABLE,yes,10.1,97.62,,Good,High,Active,no,glass_breaking,yes,N/A,
SS01410,SS01410_522b24ff.mp3,glass_breaking,glass_breaking,99.32,"{""aggression"": 0.03, ""alarm_siren"": 0.39, ""animal_sound"": 0.05, ""background_noise"": 0.02, ""glass_breaking"": 99.32, ""gunshot"": 0.01, ""machinery_fault"": 0.01, ""panic_scream"": 0.01, ""person_asking_for_help"": 0.09, ""vehicle_horn"": 0.08}",glass_breaking,99.25,NOT AVAILABLE,,NOT AVAILABLE,yes,0.07,98.93,,Good,High,Active,no,glass_breaking,yes,N/A,
SS01415,SS01415_879d7b44.mp3,glass_breaking,glass_breaking,99.39,"{""aggression"": 0.02, ""alarm_siren"": 0.11, ""animal_sound"": 0.1, ""background_noise"": 0.03, ""glass_breaking"": 99.39, ""gunshot"": 0.01, ""machinery_fault"": 0.02, ""panic_scream"": 0.02, ""person_asking_for_help"": 0.1, ""vehicle_horn"": 0.21}",glass_breaking,88.75,NOT AVAILABLE,,NOT AVAILABLE,yes,10.64,99.18,,Good,High,Active,no,glass_breaking,yes,N/A,
SS01428,SS01428_2eb1dbbf.mp3,glass_breaking,glass_breaking,99.79,"{""aggression"": 0.03, ""alarm_siren"": 0.02, ""animal_sound"": 0.01, ""background_noise"": 0.0, ""glass_breaking"": 99.79, ""gunshot"": 0.01, ""machinery_fault"": 0.0, ""panic_scream"": 0.01, ""person_asking_for_help"": 0.02, ""vehicle_horn"": 0.11}",glass_breaking,99.25,NOT AVAILABLE,,NOT AVAILABLE,yes,0.54,99.68,,Good,High,Active,no,glass_breaking,yes,N/A,
SS01437,SS01437_7189a055.mp3,glass_breaking,glass_breaking,99.41,"{""aggression"": 0.07, ""alarm_siren"": 0.08, ""animal_sound"": 0.03, ""background_noise"": 0.06, ""glass_breaking"": 99.41, ""gunshot"": 0.01, ""machinery_fault"": 0.02, ""panic_scream"": 0.01, ""person_asking_for_help"": 0.03, ""vehicle_horn"": 0.28}",glass_breaking,84.5,NOT AVAILABLE,,NOT AVAILABLE,yes,14.91,99.13,,Good,High,Active,no,glass_breaking,yes,N/A,
SS01441,SS01441_a218eca5.mp3,glass_breaking,glass_breaking,98.72,"{""aggression"": 0.16, ""alarm_siren"": 0.44, ""animal_sound"": 0.1, ""background_noise"": 0.05, ""glass_breaking"": 98.72, ""gunshot"": 0.02, ""machinery_fault"": 0.04, ""panic_scream"": 0.02, ""person_asking_for_help"": 0.03, ""vehicle_horn"": 0.44}",glass_breaking,90.25,NOT AVAILABLE,,NOT AVAILABLE,yes,8.47,98.28,,Good,High,Active,no,glass_breaking,yes,N/A,
SS01443,SS01443_fe840ebb.mp3,glass_breaking,glass_breaking,99.92,"{""aggression"": 0.0, ""alarm_siren"": 0.0, ""animal_sound"": 0.0, ""background_noise"": 0.0, ""glass_breaking"": 99.92, ""gunshot"": 0.01, ""machinery_fault"": 0.01, ""panic_scream"": 0.0, ""person_asking_for_help"": 0.05, ""vehicle_horn"": 0.01}",glass_breaking,82.25,NOT AVAILABLE,,NOT AVAILABLE,yes,17.67,99.87,,Good,High,Active,no,glass_breaking,yes,N/A,
SS01460,SS01460_afc1d80e.mp3,glass_breaking,glass_breaking,99.82,"{""aggression"": 0.06, ""alarm_siren"": 0.02, ""animal_sound"": 0.01, ""background_noise"": 0.01, ""glass_breaking"": 99.82, ""gunshot"": 0.0, ""machinery_fault"": 0.0, ""panic_scream"": 0.01, ""person_asking_for_help"": 0.04, ""vehicle_horn"": 0.03}",glass_breaking,97.75,NOT AVAILABLE,,NOT AVAILABLE,yes,2.07,99.76,,Good,High,Active,no,glass_breaking,yes,N/A,
SS01480,SS01480_2c290f20.mp3,glass_breaking,glass_breaking,99.61,"{""aggression"": 0.02, ""alarm_siren"": 0.03, ""animal_sound"": 0.15, ""background_noise"": 0.02, ""glass_breaking"": 99.61, ""gunshot"": 0.01, ""machinery_fault"": 0.0, ""panic_scream"": 0.01, ""person_asking_for_help"": 0.04, ""vehicle_horn"": 0.12}",glass_breaking,96.75,NOT AVAILABLE,,NOT AVAILABLE,yes,2.86,99.46,,Good,High,Active,no,glass_breaking,yes,N/A,
SS01483,SS01483_a0f29a0d.mp3,glass_breaking,glass_breaking,99.82,"{""aggression"": 0.01, ""alarm_siren"": 0.04, ""animal_sound"": 0.03, ""background_noise"": 0.01, ""glass_breaking"": 99.82, ""gunshot"": 0.01, ""machinery_fault"": 0.0, ""panic_scream"": 0.01, ""person_asking_for_help"": 0.01, ""vehicle_horn"": 0.04}",glass_breaking,96.25,NOT AVAILABLE,,NOT AVAILABLE,yes,3.57,99.78,,Good,High,Active,no,glass_breaking,yes,N/A,
SS01484,SS01484_b763f518.mp3,glass_breaking,glass_breaking,98.91,"{""aggression"": 0.07, ""alarm_siren"": 0.06, ""animal_sound"": 0.39, ""background_noise"": 0.01, ""glass_breaking"": 98.91, ""gunshot"": 0.04, ""machinery_fault"": 0.02, ""panic_scream"": 0.02, ""person_asking_for_help"": 0.19, ""vehicle_horn"": 0.28}",glass_breaking,81.25,NOT AVAILABLE,,NOT AVAILABLE,yes,17.66,98.52,,Good,High,Active,no,glass_breaking,yes,N/A,
SS01486,SS01486_0db714ad.mp3,glass_breaking,glass_breaking,99.75,"{""aggression"": 0.04, ""alarm_siren"": 0.04, ""animal_sound"": 0.03, ""background_noise"": 0.01, ""glass_breaking"": 99.75, ""gunshot"": 0.01, ""machinery_fault"": 0.01, ""panic_scream"": 0.01, ""person_asking_for_help"": 0.04, ""vehicle_horn"": 0.07}",glass_breaking,97.75,NOT AVAILABLE,,NOT AVAILABLE,yes,2.0,99.68,,Good,High,Active,no,glass_breaking,yes,N/A,
SS01499,SS01499_f1c2747c.mp3,glass_breaking,glass_breaking,99.84,"{""aggression"": 0.0, ""alarm_siren"": 0.06, ""animal_sound"": 0.01, ""background_noise"": 0.01, ""glass_breaking"": 99.84, ""gunshot"": 0.0, ""machinery_fault"": 0.0, ""panic_scream"": 0.01, ""person_asking_for_help"": 0.06, ""vehicle_horn"": 0.01}",glass_breaking,98.5,NOT AVAILABLE,,NOT AVAILABLE,yes,1.34,99.78,,Good,High,Active,no,glass_breaking,yes,N/A,
SS01511,SS01511_b888a752.mp3,glass_breaking,glass_breaking,97.76,"{""aggression"": 1.66, ""alarm_siren"": 0.05, ""animal_sound"": 0.06, ""background_noise"": 0.01, ""glass_breaking"": 97.76, ""gunshot"": 0.01, ""machinery_fault"": 0.01, ""panic_scream"": 0.01, ""person_asking_for_help"": 0.13, ""vehicle_horn"": 0.3}",glass_breaking,98.5,NOT AVAILABLE,,NOT AVAILABLE,yes,0.74,96.1,,Good,High,Active,no,glass_breaking,yes,N/A,
SS01526,SS01526_c50b1598.mp3,glass_breaking,glass_breaking,99.88,"{""aggression"": 0.0, ""alarm_siren"": 0.01, ""animal_sound"": 0.04, ""background_noise"": 0.01, ""glass_breaking"": 99.88, ""gunshot"": 0.0, ""machinery_fault"": 0.01, ""panic_scream"": 0.01, ""person_asking_for_help"": 0.01, ""vehicle_horn"": 0.03}",glass_breaking,91.5,NOT AVAILABLE,,NOT AVAILABLE,yes,8.38,99.84,,Good,High,Active,no,glass_breaking,yes,N/A,
SS01528,SS01528_ea4b0599.mp3,glass_breaking,glass_breaking,99.9,"{""aggression"": 0.0, ""alarm_siren"": 0.02, ""animal_sound"": 0.02, ""background_noise"": 0.0, ""glass_breaking"": 99.9, ""gunshot"": 0.0, ""machinery_fault"": 0.0, ""panic_scream"": 0.0, ""person_asking_for_help"": 0.03, ""vehicle_horn"": 0.01}",glass_breaking,100.0,NOT AVAILABLE,,NOT AVAILABLE,yes,0.1,99.87,,Good,High,Active,no,glass_breaking,yes,N/A,
SS01532,SS01532_552f49c1.mp3,glass_breaking,glass_breaking,99.56,"{""aggression"": 0.04, ""alarm_siren"": 0.01, ""animal_sound"": 0.0, ""background_noise"": 0.11, ""glass_breaking"": 99.56, ""gunshot"": 0.01, ""machinery_fault"": 0.0, ""panic_scream"": 0.0, ""person_asking_for_help"": 0.22, ""vehicle_horn"": 0.04}",glass_breaking,98.0,NOT AVAILABLE,,NOT AVAILABLE,yes,1.56,99.34,,Acceptable,High,Active,no,glass_breaking,yes,N/A,
SS01533,SS01533_c8239f2a.mp3,glass_breaking,glass_breaking,90.01,"{""aggression"": 2.76, ""alarm_siren"": 0.07, ""animal_sound"": 1.47, ""background_noise"": 1.54, ""glass_breaking"": 90.01, ""gunshot"": 0.14, ""machinery_fault"": 1.84, ""panic_scream"": 0.04, ""person_asking_for_help"": 1.09, ""vehicle_horn"": 1.02}",glass_breaking,38.75,NOT AVAILABLE,,NOT AVAILABLE,yes,51.26,87.25,,Good,High,Active,no,glass_breaking,yes,N/A,
SS01537,SS01537_fab1a6d6.mp3,glass_breaking,glass_breaking,98.39,"{""aggression"": 0.07, ""alarm_siren"": 0.01, ""animal_sound"": 0.0, ""background_noise"": 0.01, ""glass_breaking"": 98.39, ""gunshot"": 0.39, ""machinery_fault"": 0.01, ""panic_scream"": 0.01, ""person_asking_for_help"": 1.09, ""vehicle_horn"": 0.01}",glass_breaking,85.75,NOT AVAILABLE,,NOT AVAILABLE,yes,12.64,97.3,,Good,High,Active,no,glass_breaking,yes,N/A,
SS01557,SS01557_78b9c9bf.mp3,glass_breaking,person_asking_for_help,28.32,"{""aggression"": 23.05, ""alarm_siren"": 0.27, ""animal_sound"": 4.84, ""background_noise"": 11.9, ""glass_breaking"": 27.53, ""gunshot"": 0.29, ""machinery_fault"": 1.46, ""panic_scream"": 0.22, ""person_asking_for_help"": 28.32, ""vehicle_horn"": 2.12}",animal_sound,25.0,NOT AVAILABLE,,NOT AVAILABLE,no,3.32,0.79,,Good,Critical,None,yes,person_asking_for_help,no,N/A,Python=person_asking_for_help vs model2=animal_sound; conf diff 3.32
SS01558,SS01558_635b1f37.mp3,glass_breaking,machinery_fault,60.54,"{""aggression"": 31.82, ""alarm_siren"": 0.04, ""animal_sound"": 0.95, ""background_noise"": 0.81, ""glass_breaking"": 5.29, ""gunshot"": 0.03, ""machinery_fault"": 60.54, ""panic_scream"": 0.03, ""person_asking_for_help"": 0.44, ""vehicle_horn"": 0.05}",machinery_fault,26.5,NOT AVAILABLE,,NOT AVAILABLE,yes,34.04,28.72,,Good,High,Active,no,machinery_fault,no,N/A,
SS01559,SS01559_39f8f747.mp3,glass_breaking,glass_breaking,99.81,"{""aggression"": 0.0, ""alarm_siren"": 0.01, ""animal_sound"": 0.0, ""background_noise"": 0.11, ""glass_breaking"": 99.81, ""gunshot"": 0.0, ""machinery_fault"": 0.0, ""panic_scream"": 0.01, ""person_asking_for_help"": 0.05, ""vehicle_horn"": 0.0}",glass_breaking,85.0,NOT AVAILABLE,,NOT AVAILABLE,yes,14.81,99.7,,Good,High,Active,no,glass_breaking,yes,N/A,
SS01560,SS01560_e105b06e.mp3,glass_breaking,glass_breaking,94.59,"{""aggression"": 1.06, ""alarm_siren"": 0.01, ""animal_sound"": 0.05, ""background_noise"": 0.18, ""glass_breaking"": 94.59, ""gunshot"": 0.19, ""machinery_fault"": 0.02, ""panic_scream"": 0.01, ""person_asking_for_help"": 3.84, ""vehicle_horn"": 0.05}",glass_breaking,62.5,NOT AVAILABLE,,NOT AVAILABLE,yes,32.09,90.75,,Good,High,Active,no,glass_breaking,yes,N/A,
SS01561,SS01561_054be063.mp3,glass_breaking,glass_breaking,91.92,"{""aggression"": 1.66, ""alarm_siren"": 0.11, ""animal_sound"": 0.16, ""background_noise"": 3.68, ""glass_breaking"": 91.92, ""gunshot"": 0.05, ""machinery_fault"": 1.6, ""panic_scream"": 0.03, ""person_asking_for_help"": 0.17, ""vehicle_horn"": 0.61}",glass_breaking,62.0,NOT AVAILABLE,,NOT AVAILABLE,yes,29.92,88.24,,Good,High,Active,no,glass_breaking,yes,N/A,
SS01567,SS01567_3e60a2f9.mp3,glass_breaking,glass_breaking,96.76,"{""aggression"": 2.4, ""alarm_siren"": 0.01, ""animal_sound"": 0.04, ""background_noise"": 0.54, ""glass_breaking"": 96.76, ""gunshot"": 0.0, ""machinery_fault"": 0.05, ""panic_scream"": 0.0, ""person_asking_for_help"": 0.19, ""vehicle_horn"": 0.0}",glass_breaking,64.25,NOT AVAILABLE,,NOT AVAILABLE,yes,32.51,94.36,,Good,High,Active,no,glass_breaking,yes,N/A,
SS01573,SS01573_35007415.mp3,glass_breaking,glass_breaking,97.17,"{""aggression"": 0.09, ""alarm_siren"": 0.37, ""animal_sound"": 0.05, ""background_noise"": 1.56, ""glass_breaking"": 97.17, ""gunshot"": 0.04, ""machinery_fault"": 0.02, ""panic_scream"": 0.04, ""person_asking_for_help"": 0.41, ""vehicle_horn"": 0.24}",glass_breaking,93.5,NOT AVAILABLE,,NOT AVAILABLE,yes,3.67,95.61,,Good,High,Active,no,glass_breaking,yes,N/A,
SS01574,SS01574_7f417244.mp3,glass_breaking,glass_breaking,98.51,"{""aggression"": 0.73, ""alarm_siren"": 0.01, ""animal_sound"": 0.01, ""background_noise"": 0.42, ""glass_breaking"": 98.51, ""gunshot"": 0.02, ""machinery_fault"": 0.0, ""panic_scream"": 0.0, ""person_asking_for_help"": 0.28, ""vehicle_horn"": 0.02}",glass_breaking,97.0,NOT AVAILABLE,,NOT AVAILABLE,yes,1.51,97.78,,Good,High,Active,no,glass_breaking,yes,N/A,
SS01586,SS01586_875cbcd2.mp3,glass_breaking,glass_breaking,99.77,"{""aggression"": 0.01, ""alarm_siren"": 0.03, ""animal_sound"": 0.05, ""background_noise"": 0.03, ""glass_breaking"": 99.77, ""gunshot"": 0.01, ""machinery_fault"": 0.01, ""panic_scream"": 0.01, ""person_asking_for_help"": 0.04, ""vehicle_horn"": 0.05}",glass_breaking,99.25,NOT AVAILABLE,,NOT AVAILABLE,yes,0.52,99.72,,Good,High,Active,no,glass_breaking,yes,N/A,
SS01589,SS01589_80a79ad4.mp3,glass_breaking,glass_breaking,69.99,"{""aggression"": 27.07, ""alarm_siren"": 0.01, ""animal_sound"": 0.22, ""background_noise"": 0.55, ""glass_breaking"": 69.99, ""gunshot"": 0.0, ""machinery_fault"": 1.79, ""panic_scream"": 0.01, ""person_asking_for_help"": 0.32, ""vehicle_horn"": 0.03}",glass_breaking,25.0,NOT AVAILABLE,,NOT AVAILABLE,yes,44.99,42.92,,Good,High,Active,no,glass_breaking,yes,N/A,
SS01597,SS01597_5c63fc3a.mp3,glass_breaking,glass_breaking,99.77,"{""aggression"": 0.01, ""alarm_siren"": 0.0, ""animal_sound"": 0.0, ""background_noise"": 0.15, ""glass_breaking"": 99.77, ""gunshot"": 0.0, ""machinery_fault"": 0.0, ""panic_scream"": 0.0, ""person_asking_for_help"": 0.03, ""vehicle_horn"": 0.02}",glass_breaking,81.0,NOT AVAILABLE,,NOT AVAILABLE,yes,18.77,99.62,,Good,High,Active,no,glass_breaking,yes,N/A,
SS01604,SS01604_ee0a8653.mp3,glass_breaking,glass_breaking,98.57,"{""aggression"": 0.04, ""alarm_siren"": 0.5, ""animal_sound"": 0.34, ""background_noise"": 0.03, ""glass_breaking"": 98.57, ""gunshot"": 0.0, ""machinery_fault"": 0.02, ""panic_scream"": 0.01, ""person_asking_for_help"": 0.29, ""vehicle_horn"": 0.2}",glass_breaking,99.0,NOT AVAILABLE,,NOT AVAILABLE,yes,0.43,98.07,,Good,High,Active,no,glass_breaking,yes,N/A,
SS01606,SS01606_e92bf1bb.mp3,glass_breaking,glass_breaking,99.87,"{""aggression"": 0.01, ""alarm_siren"": 0.03, ""animal_sound"": 0.02, ""background_noise"": 0.01, ""glass_breaking"": 99.87, ""gunshot"": 0.0, ""machinery_fault"": 0.0, ""panic_scream"": 0.0, ""person_asking_for_help"": 0.02, ""vehicle_horn"": 0.02}",glass_breaking,97.5,NOT AVAILABLE,,NOT AVAILABLE,yes,2.37,99.84,,Good,High,Active,no,glass_breaking,yes,N/A,
SS01613,SS01613_f472fa8c.mp3,glass_breaking,glass_breaking,52.43,"{""aggression"": 1.67, ""alarm_siren"": 0.83, ""animal_sound"": 13.52, ""background_noise"": 1.5, ""glass_breaking"": 52.43, ""gunshot"": 0.74, ""machinery_fault"": 0.83, ""panic_scream"": 0.59, ""person_asking_for_help"": 25.71, ""vehicle_horn"": 2.19}",glass_breaking,52.75,NOT AVAILABLE,,NOT AVAILABLE,yes,0.32,26.72,,Good,High,None,yes,glass_breaking,yes,N/A,
SS01617,SS01617_0457d664.mp3,glass_breaking,glass_breaking,99.36,"{""aggression"": 0.03, ""alarm_siren"": 0.08, ""animal_sound"": 0.14, ""background_noise"": 0.15, ""glass_breaking"": 99.36, ""gunshot"": 0.0, ""machinery_fault"": 0.02, ""panic_scream"": 0.01, ""person_asking_for_help"": 0.2, ""vehicle_horn"": 0.01}",glass_breaking,72.25,NOT AVAILABLE,,NOT AVAILABLE,yes,27.11,99.16,,Good,High,Active,no,glass_breaking,yes,N/A,
SS01621,SS01621_2fc3243c.mp3,glass_breaking,glass_breaking,99.56,"{""aggression"": 0.04, ""alarm_siren"": 0.04, ""animal_sound"": 0.13, ""background_noise"": 0.11, ""glass_breaking"": 99.56, ""gunshot"": 0.02, ""machinery_fault"": 0.0, ""panic_scream"": 0.01, ""person_asking_for_help"": 0.09, ""vehicle_horn"": 0.02}",glass_breaking,96.0,NOT AVAILABLE,,NOT AVAILABLE,yes,3.56,99.43,,Good,High,Active,no,glass_breaking,yes,N/A,
SS01633,SS01633_54c77062.mp3,glass_breaking,glass_breaking,59.15,"{""aggression"": 18.52, ""alarm_siren"": 1.17, ""animal_sound"": 7.01, ""background_noise"": 2.17, ""glass_breaking"": 59.15, ""gunshot"": 0.1, ""machinery_fault"": 0.25, ""panic_scream"": 0.13, ""person_asking_for_help"": 1.79, ""vehicle_horn"": 9.71}",glass_breaking,40.75,NOT AVAILABLE,,NOT AVAILABLE,yes,18.4,40.63,,Good,High,None,yes,glass_breaking,yes,N/A,
SS01637,SS01637_3345b46b.mp3,glass_breaking,glass_breaking,97.3,"{""aggression"": 0.46, ""alarm_siren"": 0.12, ""animal_sound"": 1.37, ""background_noise"": 0.13, ""glass_breaking"": 97.3, ""gunshot"": 0.01, ""machinery_fault"": 0.03, ""panic_scream"": 0.02, ""person_asking_for_help"": 0.15, ""vehicle_horn"": 0.41}",glass_breaking,72.5,NOT AVAILABLE,,NOT AVAILABLE,yes,24.8,95.93,,Good,High,Active,no,glass_breaking,yes,N/A,
SS01641,SS01641_2e01ad69.mp3,glass_breaking,glass_breaking,98.78,"{""aggression"": 0.06, ""alarm_siren"": 0.02, ""animal_sound"": 0.05, ""background_noise"": 0.02, ""glass_breaking"": 98.78, ""gunshot"": 0.02, ""machinery_fault"": 0.0, ""panic_scream"": 0.01, ""person_asking_for_help"": 0.75, ""vehicle_horn"": 0.29}",glass_breaking,93.0,NOT AVAILABLE,,NOT AVAILABLE,yes,5.78,98.03,,Good,High,Active,no,glass_breaking,yes,N/A,
SS01642,SS01642_86bfe16b.mp3,glass_breaking,glass_breaking,94.75,"{""aggression"": 0.14, ""alarm_siren"": 0.01, ""animal_sound"": 0.0, ""background_noise"": 0.34, ""glass_breaking"": 94.75, ""gunshot"": 0.02, ""machinery_fault"": 0.01, ""panic_scream"": 0.01, ""person_asking_for_help"": 4.67, ""vehicle_horn"": 0.04}",glass_breaking,88.0,NOT AVAILABLE,,NOT AVAILABLE,yes,6.75,90.08,,Good,High,Active,no,glass_breaking,yes,N/A,
SS01646,SS01646_e33f1446.mp3,glass_breaking,glass_breaking,98.53,"{""aggression"": 0.02, ""alarm_siren"": 0.03, ""animal_sound"": 0.0, ""background_noise"": 0.05, ""glass_breaking"": 98.53, ""gunshot"": 0.01, ""machinery_fault"": 0.0, ""panic_scream"": 0.01, ""person_asking_for_help"": 1.33, ""vehicle_horn"": 0.02}",glass_breaking,62.5,NOT AVAILABLE,,NOT AVAILABLE,yes,36.03,97.2,,Good,High,Active,no,glass_breaking,yes,N/A,
SS01656,SS01656_39423269.mp3,glass_breaking,glass_breaking,94.53,"{""aggression"": 1.62, ""alarm_siren"": 0.02, ""animal_sound"": 0.04, ""background_noise"": 0.1, ""glass_breaking"": 94.53, ""gunshot"": 0.02, ""machinery_fault"": 0.07, ""panic_scream"": 0.01, ""person_asking_for_help"": 3.43, ""vehicle_horn"": 0.16}",glass_breaking,44.25,NOT AVAILABLE,,NOT AVAILABLE,yes,50.28,91.1,,Good,High,Active,no,glass_breaking,yes,N/A,
SS01666,SS01666_ed35e991.mp3,glass_breaking,glass_breaking,97.29,"{""aggression"": 0.02, ""alarm_siren"": 0.05, ""animal_sound"": 0.05, ""background_noise"": 0.03, ""glass_breaking"": 97.29, ""gunshot"": 0.02, ""machinery_fault"": 0.0, ""panic_scream"": 0.01, ""person_asking_for_help"": 2.42, ""vehicle_horn"": 0.1}",glass_breaking,93.0,NOT AVAILABLE,,NOT AVAILABLE,yes,4.29,94.87,,Good,High,Active,no,glass_breaking,yes,N/A,
SS01680,SS01680_82b74304.mp3,glass_breaking,glass_breaking,99.54,"{""aggression"": 0.01, ""alarm_siren"": 0.14, ""animal_sound"": 0.02, ""background_noise"": 0.09, ""glass_breaking"": 99.54, ""gunshot"": 0.01, ""machinery_fault"": 0.04, ""panic_scream"": 0.02, ""person_asking_for_help"": 0.05, ""vehicle_horn"": 0.06}",glass_breaking,92.5,NOT AVAILABLE,,NOT AVAILABLE,yes,7.04,99.4,,Good,High,Active,no,glass_breaking,yes,N/A,
SS01685,SS01685_b063c531.mp3,glass_breaking,glass_breaking,99.77,"{""aggression"": 0.04, ""alarm_siren"": 0.05, ""animal_sound"": 0.01, ""background_noise"": 0.01, ""glass_breaking"": 99.77, ""gunshot"": 0.0, ""machinery_fault"": 0.03, ""panic_scream"": 0.01, ""person_asking_for_help"": 0.06, ""vehicle_horn"": 0.02}",glass_breaking,83.5,NOT AVAILABLE,,NOT AVAILABLE,yes,16.27,99.71,,Good,High,Active,no,glass_breaking,yes,N/A,
SS01691,SS01691_48741a78.mp3,glass_breaking,glass_breaking,80.77,"{""aggression"": 1.75, ""alarm_siren"": 0.44, ""animal_sound"": 0.51, ""background_noise"": 4.3, ""glass_breaking"": 80.77, ""gunshot"": 0.13, ""machinery_fault"": 0.26, ""panic_scream"": 0.08, ""person_asking_for_help"": 11.3, ""vehicle_horn"": 0.45}",glass_breaking,73.0,NOT AVAILABLE,,NOT AVAILABLE,yes,7.77,69.47,,Good,High,Active,no,glass_breaking,yes,N/A,
SS01700,SS01700_eb86bc9a.mp3,glass_breaking,glass_breaking,99.99,"{""aggression"": 0.0, ""alarm_siren"": 0.0, ""animal_sound"": 0.0, ""background_noise"": 0.0, ""glass_breaking"": 99.99, ""gunshot"": 0.0, ""machinery_fault"": 0.0, ""panic_scream"": 0.0, ""person_asking_for_help"": 0.0, ""vehicle_horn"": 0.0}",glass_breaking,98.25,NOT AVAILABLE,,NOT AVAILABLE,yes,1.74,99.99,,Good,High,Active,no,glass_breaking,yes,N/A,
SS01723,SS01723_7ad344c5.mp3,person_asking_for_help,person_asking_for_help,54.77,"{""aggression"": 0.01, ""alarm_siren"": 0.01, ""animal_sound"": 44.99, ""background_noise"": 0.05, ""glass_breaking"": 0.05, ""gunshot"": 0.01, ""machinery_fault"": 0.02, ""panic_scream"": 0.01, ""person_asking_for_help"": 54.77, ""vehicle_horn"": 0.07}",person_asking_for_help,62.5,NOT AVAILABLE,,NOT AVAILABLE,yes,7.73,9.78,,Good,Critical,None,yes,person_asking_for_help,yes,N/A,
SS01724,SS01724_6602d805.mp3,person_asking_for_help,person_asking_for_help,98.14,"{""aggression"": 0.04, ""alarm_siren"": 0.43, ""animal_sound"": 1.02, ""background_noise"": 0.13, ""glass_breaking"": 0.09, ""gunshot"": 0.01, ""machinery_fault"": 0.02, ""panic_scream"": 0.02, ""person_asking_for_help"": 98.14, ""vehicle_horn"": 0.1}",person_asking_for_help,45.0,NOT AVAILABLE,,NOT AVAILABLE,yes,53.14,97.12,,Good,Critical,Active,no,person_asking_for_help,yes,N/A,
SS01725,SS01725_91ba3baf.mp3,person_asking_for_help,animal_sound,64.2,"{""aggression"": 4.15, ""alarm_siren"": 3.69, ""animal_sound"": 64.2, ""background_noise"": 0.47, ""glass_breaking"": 0.42, ""gunshot"": 0.08, ""machinery_fault"": 0.68, ""panic_scream"": 0.16, ""person_asking_for_help"": 25.67, ""vehicle_horn"": 0.47}",animal_sound,39.75,NOT AVAILABLE,,NOT AVAILABLE,yes,24.45,38.53,,Good,Low,None,no,animal_sound,no,N/A,
SS01732,SS01732_5eb3c0f8.mp3,person_asking_for_help,person_asking_for_help,62.64,"{""aggression"": 11.73, ""alarm_siren"": 0.84, ""animal_sound"": 5.72, ""background_noise"": 12.76, ""glass_breaking"": 1.15, ""gunshot"": 0.57, ""machinery_fault"": 2.92, ""panic_scream"": 0.56, ""person_asking_for_help"": 62.64, ""vehicle_horn"": 1.11}",person_asking_for_help,38.75,NOT AVAILABLE,,NOT AVAILABLE,yes,23.89,49.88,,Good,Critical,None,yes,person_asking_for_help,yes,N/A,
SS01733,SS01733_675958a2.mp3,person_asking_for_help,person_asking_for_help,56.08,"{""aggression"": 0.97, ""alarm_siren"": 38.65, ""animal_sound"": 2.99, ""background_noise"": 0.07, ""glass_breaking"": 0.12, ""gunshot"": 0.04, ""machinery_fault"": 0.35, ""panic_scream"": 0.4, ""person_asking_for_help"": 56.08, ""vehicle_horn"": 0.34}",person_asking_for_help,61.5,NOT AVAILABLE,,NOT AVAILABLE,yes,5.42,17.43,,Good,Critical,None,yes,person_asking_for_help,yes,N/A,
SS01735,SS01735_1148fd7d.mp3,person_asking_for_help,person_asking_for_help,98.81,"{""aggression"": 0.33, ""alarm_siren"": 0.1, ""animal_sound"": 0.12, ""background_noise"": 0.02, ""glass_breaking"": 0.01, ""gunshot"": 0.01, ""machinery_fault"": 0.04, ""panic_scream"": 0.13, ""person_asking_for_help"": 98.81, ""vehicle_horn"": 0.43}",person_asking_for_help,51.25,NOT AVAILABLE,,NOT AVAILABLE,yes,47.56,98.38,,Good,Critical,Active,no,person_asking_for_help,yes,N/A,
SS01738,SS01738_cca1982f.mp3,person_asking_for_help,person_asking_for_help,82.68,"{""aggression"": 1.08, ""alarm_siren"": 11.95, ""animal_sound"": 2.76, ""background_noise"": 0.06, ""glass_breaking"": 0.2, ""gunshot"": 0.04, ""machinery_fault"": 0.38, ""panic_scream"": 0.4, ""person_asking_for_help"": 82.68, ""vehicle_horn"": 0.46}",person_asking_for_help,52.75,NOT AVAILABLE,,NOT AVAILABLE,yes,29.93,70.73,,Good,Critical,Active,no,person_asking_for_help,yes,N/A,
SS01741,SS01741_9fb5c55d.mp3,person_asking_for_help,person_asking_for_help,98.3,"{""aggression"": 0.29, ""alarm_siren"": 0.04, ""animal_sound"": 0.12, ""background_noise"": 0.28, ""glass_breaking"": 0.92, ""gunshot"": 0.01, ""machinery_fault"": 0.02, ""panic_scream"": 0.01, ""person_asking_for_help"": 98.3, ""vehicle_horn"": 0.02}",glass_breaking,31.0,NOT AVAILABLE,,NOT AVAILABLE,no,67.3,97.38,,Good,Critical,Active,yes,person_asking_for_help,yes,N/A,Python=person_asking_for_help vs model2=glass_breaking; conf diff 67.3
SS01743,SS01743_93cd2e28.mp3,person_asking_for_help,glass_breaking,97.38,"{""aggression"": 0.29, ""alarm_siren"": 0.13, ""animal_sound"": 1.12, ""background_noise"": 0.16, ""glass_breaking"": 97.38, ""gunshot"": 0.02, ""machinery_fault"": 0.17, ""panic_scream"": 0.03, ""person_asking_for_help"": 0.49, ""vehicle_horn"": 0.2}",glass_breaking,60.0,NOT AVAILABLE,,NOT AVAILABLE,yes,37.38,96.26,,Good,High,Active,no,glass_breaking,no,N/A,
SS01747,SS01747_ae6ced65.mp3,person_asking_for_help,person_asking_for_help,84.95,"{""aggression"": 1.72, ""alarm_siren"": 0.42, ""animal_sound"": 4.08, ""background_noise"": 6.67, ""glass_breaking"": 0.75, ""gunshot"": 0.68, ""machinery_fault"": 0.29, ""panic_scream"": 0.16, ""person_asking_for_help"": 84.95, ""vehicle_horn"": 0.29}",person_asking_for_help,31.0,NOT AVAILABLE,,NOT AVAILABLE,yes,53.95,78.28,,Acceptable,Critical,Active,no,person_asking_for_help,yes,N/A,
SS01750,SS01750_8a3cc383.mp3,person_asking_for_help,person_asking_for_help,46.65,"{""aggression"": 26.43, ""alarm_siren"": 1.11, ""animal_sound"": 18.43, ""background_noise"": 1.85, ""glass_breaking"": 1.32, ""gunshot"": 0.6, ""machinery_fault"": 1.76, ""panic_scream"": 0.68, ""person_asking_for_help"": 46.65, ""vehicle_horn"": 1.18}",animal_sound,46.25,NOT AVAILABLE,,NOT AVAILABLE,no,0.4,20.22,,Good,Critical,None,yes,person_asking_for_help,yes,N/A,Python=person_asking_for_help vs model2=animal_sound; conf diff 0.4
SS01756,SS01756_97372c6b.mp3,person_asking_for_help,person_asking_for_help,98.9,"{""aggression"": 0.34, ""alarm_siren"": 0.06, ""animal_sound"": 0.47, ""background_noise"": 0.02, ""glass_breaking"": 0.07, ""gunshot"": 0.0, ""machinery_fault"": 0.11, ""panic_scream"": 0.02, ""person_asking_for_help"": 98.9, ""vehicle_horn"": 0.02}",person_asking_for_help,27.25,NOT AVAILABLE,,NOT AVAILABLE,yes,71.65,98.43,,Good,Critical,Active,no,person_asking_for_help,yes,N/A,
SS01781,SS01781_83d04429.mp3,person_asking_for_help,glass_breaking,57.59,"{""aggression"": 19.83, ""alarm_siren"": 0.23, ""animal_sound"": 3.88, ""background_noise"": 6.45, ""glass_breaking"": 57.59, ""gunshot"": 0.17, ""machinery_fault"": 0.38, ""panic_scream"": 0.19, ""person_asking_for_help"": 10.99, ""vehicle_horn"": 0.28}",background_noise,27.5,NOT AVAILABLE,,NOT AVAILABLE,no,30.09,37.76,,Good,High,None,yes,glass_breaking,no,N/A,Python=glass_breaking vs model2=background_noise; conf diff 30.09
SS01785,SS01785_1a17e603.mp3,person_asking_for_help,person_asking_for_help,98.58,"{""aggression"": 0.9, ""alarm_siren"": 0.04, ""animal_sound"": 0.3, ""background_noise"": 0.01, ""glass_breaking"": 0.05, ""gunshot"": 0.0, ""machinery_fault"": 0.07, ""panic_scream"": 0.03, ""person_asking_for_help"": 98.58, ""vehicle_horn"": 0.03}",person_asking_for_help,45.25,NOT AVAILABLE,,NOT AVAILABLE,yes,53.33,97.68,,Good,Critical,Active,no,person_asking_for_help,yes,N/A,
SS01792,SS01792_52db5fef.mp3,person_asking_for_help,person_asking_for_help,98.01,"{""aggression"": 0.77, ""alarm_siren"": 0.01, ""animal_sound"": 0.7, ""background_noise"": 0.06, ""glass_breaking"": 0.15, ""gunshot"": 0.0, ""machinery_fault"": 0.27, ""panic_scream"": 0.01, ""person_asking_for_help"": 98.01, ""vehicle_horn"": 0.02}",person_asking_for_help,57.25,NOT AVAILABLE,,NOT AVAILABLE,yes,40.76,97.24,,Good,Critical,Active,no,person_asking_for_help,yes,N/A,
SS01800,SS01800_557852c2.mp3,person_asking_for_help,person_asking_for_help,32.59,"{""aggression"": 13.69, ""alarm_siren"": 8.11, ""animal_sound"": 3.36, ""background_noise"": 32.01, ""glass_breaking"": 2.57, ""gunshot"": 1.36, ""machinery_fault"": 3.38, ""panic_scream"": 1.42, ""person_asking_for_help"": 32.59, ""vehicle_horn"": 1.5}",person_asking_for_help,49.75,NOT AVAILABLE,,NOT AVAILABLE,yes,17.16,0.58,,Good,Critical,None,yes,person_asking_for_help,yes,N/A,
SS01830,SS01830_8c8ee6e4.mp3,person_asking_for_help,person_asking_for_help,94.59,"{""aggression"": 0.16, ""alarm_siren"": 0.04, ""animal_sound"": 4.9, ""background_noise"": 0.03, ""glass_breaking"": 0.23, ""gunshot"": 0.01, ""machinery_fault"": 0.02, ""panic_scream"": 0.02, ""person_asking_for_help"": 94.59, ""vehicle_horn"": 0.01}",person_asking_for_help,61.25,NOT AVAILABLE,,NOT AVAILABLE,yes,33.34,89.69,,Good,Critical,Active,no,person_asking_for_help,yes,N/A,
SS01844,SS01844_4098d1cc.mp3,person_asking_for_help,person_asking_for_help,47.81,"{""aggression"": 0.37, ""alarm_siren"": 0.73, ""animal_sound"": 5.3, ""background_noise"": 43.47, ""glass_breaking"": 0.87, ""gunshot"": 0.09, ""machinery_fault"": 0.79, ""panic_scream"": 0.1, ""person_asking_for_help"": 47.81, ""vehicle_horn"": 0.47}",background_noise,43.5,NOT AVAILABLE,,NOT AVAILABLE,no,4.31,4.34,,Acceptable,Critical,None,yes,person_asking_for_help,yes,N/A,Python=person_asking_for_help vs model2=background_noise; conf diff 4.31
SS01850,SS01850_2f9ea5d8.mp3,person_asking_for_help,animal_sound,91.57,"{""aggression"": 0.97, ""alarm_siren"": 0.33, ""animal_sound"": 91.57, ""background_noise"": 0.08, ""glass_breaking"": 0.11, ""gunshot"": 0.0, ""machinery_fault"": 0.92, ""panic_scream"": 0.03, ""person_asking_for_help"": 5.97, ""vehicle_horn"": 0.01}",animal_sound,46.5,NOT AVAILABLE,,NOT AVAILABLE,yes,45.07,85.6,,Good,Low,None,no,animal_sound,no,N/A,
SS01859,SS01859_8fa5e7bd.mp3,person_asking_for_help,person_asking_for_help,92.26,"{""aggression"": 0.31, ""alarm_siren"": 0.03, ""animal_sound"": 0.57, ""background_noise"": 5.5, ""glass_breaking"": 1.3, ""gunshot"": 0.01, ""machinery_fault"": 0.01, ""panic_scream"": 0.01, ""person_asking_for_help"": 92.26, ""vehicle_horn"": 0.01}",glass_breaking,34.0,NOT AVAILABLE,,NOT AVAILABLE,no,58.26,86.76,,Good,Critical,Active,yes,person_asking_for_help,yes,N/A,Python=person_asking_for_help vs model2=glass_breaking; conf diff 58.26
SS01862,SS01862_60139829.mp3,person_asking_for_help,person_asking_for_help,94.73,"{""aggression"": 0.47, ""alarm_siren"": 0.54, ""animal_sound"": 3.86, ""background_noise"": 0.02, ""glass_breaking"": 0.13, ""gunshot"": 0.01, ""machinery_fault"": 0.12, ""panic_scream"": 0.06, ""person_asking_for_help"": 94.73, ""vehicle_horn"": 0.05}",person_asking_for_help,64.25,NOT AVAILABLE,,NOT AVAILABLE,yes,30.48,90.87,,Good,Critical,Active,no,person_asking_for_help,yes,N/A,
SS01865,SS01865_5e61a5a1.mp3,person_asking_for_help,person_asking_for_help,82.73,"{""aggression"": 0.09, ""alarm_siren"": 0.01, ""animal_sound"": 17.06, ""background_noise"": 0.02, ""glass_breaking"": 0.05, ""gunshot"": 0.0, ""machinery_fault"": 0.01, ""panic_scream"": 0.01, ""person_asking_for_help"": 82.73, ""vehicle_horn"": 0.02}",person_asking_for_help,55.0,NOT AVAILABLE,,NOT AVAILABLE,yes,27.73,65.67,,Good,Critical,Active,no,person_asking_for_help,yes,N/A,
SS01868,SS01868_fc0a3f3f.mp3,person_asking_for_help,person_asking_for_help,94.86,"{""aggression"": 0.17, ""alarm_siren"": 0.01, ""animal_sound"": 4.33, ""background_noise"": 0.6, ""glass_breaking"": 0.01, ""gunshot"": 0.0, ""machinery_fault"": 0.01, ""panic_scream"": 0.0, ""person_asking_for_help"": 94.86, ""vehicle_horn"": 0.0}",person_asking_for_help,70.25,NOT AVAILABLE,,NOT AVAILABLE,yes,24.61,90.53,,Good,Critical,Active,no,person_asking_for_help,yes,N/A,
SS01879,SS01879_a7f033b2.mp3,person_asking_for_help,glass_breaking,50.24,"{""aggression"": 26.9, ""alarm_siren"": 0.49, ""animal_sound"": 5.59, ""background_noise"": 0.84, ""glass_breaking"": 50.24, ""gunshot"": 0.56, ""machinery_fault"": 0.98, ""panic_scream"": 0.25, ""person_asking_for_help"": 5.31, ""vehicle_horn"": 8.85}",glass_breaking,32.5,NOT AVAILABLE,,NOT AVAILABLE,yes,17.74,23.34,,Poor,High,None,yes,glass_breaking,no,N/A,
SS01884,SS01884_6351969c.mp3,person_asking_for_help,animal_sound,57.57,"{""aggression"": 0.03, ""alarm_siren"": 0.03, ""animal_sound"": 57.57, ""background_noise"": 0.13, ""glass_breaking"": 0.11, ""gunshot"": 0.02, ""machinery_fault"": 0.01, ""panic_scream"": 0.02, ""person_asking_for_help"": 40.75, ""vehicle_horn"": 1.33}",person_asking_for_help,40.75,NOT AVAILABLE,,NOT AVAILABLE,no,16.82,16.82,,Good,Low,None,yes,animal_sound,no,N/A,Python=animal_sound vs model2=person_asking_for_help; conf diff 16.82
SS01890,SS01890_c738518c.mp3,person_asking_for_help,person_asking_for_help,95.52,"{""aggression"": 0.1, ""alarm_siren"": 0.09, ""animal_sound"": 4.15, ""background_noise"": 0.01, ""glass_breaking"": 0.01, ""gunshot"": 0.0, ""machinery_fault"": 0.01, ""panic_scream"": 0.06, ""person_asking_for_help"": 95.52, ""vehicle_horn"": 0.04}",animal_sound,46.75,NOT AVAILABLE,,NOT AVAILABLE,no,48.77,91.37,,Good,Critical,Active,yes,person_asking_for_help,yes,N/A,Python=person_asking_for_help vs model2=animal_sound; conf diff 48.77
SS01892,SS01892_4acc327d.mp3,person_asking_for_help,person_asking_for_help,56.6,"{""aggression"": 0.37, ""alarm_siren"": 1.19, ""animal_sound"": 39.6, ""background_noise"": 0.1, ""glass_breaking"": 0.36, ""gunshot"": 0.02, ""machinery_fault"": 0.29, ""panic_scream"": 0.16, ""person_asking_for_help"": 56.6, ""vehicle_horn"": 1.32}",animal_sound,43.75,NOT AVAILABLE,,NOT AVAILABLE,no,12.85,17.0,,Poor,Critical,None,yes,person_asking_for_help,yes,N/A,Python=person_asking_for_help vs model2=animal_sound; conf diff 12.85
SS01894,SS01894_902a2d65.mp3,person_asking_for_help,person_asking_for_help,74.04,"{""aggression"": 1.86, ""alarm_siren"": 20.55, ""animal_sound"": 2.75, ""background_noise"": 0.16, ""glass_breaking"": 0.18, ""gunshot"": 0.03, ""machinery_fault"": 0.12, ""panic_scream"": 0.24, ""person_asking_for_help"": 74.04, ""vehicle_horn"": 0.06}",person_asking_for_help,35.0,NOT AVAILABLE,,NOT AVAILABLE,yes,39.04,53.49,,Acceptable,Critical,Active,no,person_asking_for_help,yes,N/A,
SS01900,SS01900_4251285e.mp3,person_asking_for_help,person_asking_for_help,49.75,"{""aggression"": 1.32, ""alarm_siren"": 2.42, ""animal_sound"": 6.03, ""background_noise"": 38.32, ""glass_breaking"": 0.24, ""gunshot"": 0.14, ""machinery_fault"": 1.32, ""panic_scream"": 0.25, ""person_asking_for_help"": 49.75, ""vehicle_horn"": 0.22}",person_asking_for_help,34.5,NOT AVAILABLE,,NOT AVAILABLE,yes,15.25,11.43,,Acceptable,Critical,None,yes,person_asking_for_help,yes,N/A,
SS01928,SS01928_0043c723.mp3,person_asking_for_help,person_asking_for_help,88.81,"{""aggression"": 4.61, ""alarm_siren"": 0.09, ""animal_sound"": 2.69, ""background_noise"": 0.55, ""glass_breaking"": 1.14, ""gunshot"": 0.17, ""machinery_fault"": 0.35, ""panic_scream"": 0.06, ""person_asking_for_help"": 88.81, ""vehicle_horn"": 1.53}",person_asking_for_help,60.5,NOT AVAILABLE,,NOT AVAILABLE,yes,28.31,84.2,,Good,Critical,Active,no,person_asking_for_help,yes,N/A,
SS01929,SS01929_0a65b34a.mp3,person_asking_for_help,person_asking_for_help,70.24,"{""aggression"": 1.3, ""alarm_siren"": 0.5, ""animal_sound"": 13.46, ""background_noise"": 0.87, ""glass_breaking"": 0.4, ""gunshot"": 0.22, ""machinery_fault"": 2.85, ""panic_scream"": 0.35, ""person_asking_for_help"": 70.24, ""vehicle_horn"": 9.81}",person_asking_for_help,33.0,NOT AVAILABLE,,NOT AVAILABLE,yes,37.24,56.78,,Good,Critical,Active,no,person_asking_for_help,yes,N/A,
SS01930,SS01930_00304aa6.mp3,person_asking_for_help,person_asking_for_help,91.02,"{""aggression"": 4.65, ""alarm_siren"": 0.35, ""animal_sound"": 2.05, ""background_noise"": 0.76, ""glass_breaking"": 0.17, ""gunshot"": 0.02, ""machinery_fault"": 0.18, ""panic_scream"": 0.09, ""person_asking_for_help"": 91.02, ""vehicle_horn"": 0.72}",person_asking_for_help,51.0,NOT AVAILABLE,,NOT AVAILABLE,yes,40.02,86.37,,Good,Critical,Active,no,person_asking_for_help,yes,N/A,
SS01934,SS01934_d7ce4e89.mp3,person_asking_for_help,person_asking_for_help,95.73,"{""aggression"": 0.56, ""alarm_siren"": 0.16, ""animal_sound"": 2.39, ""background_noise"": 0.19, ""glass_breaking"": 0.22, ""gunshot"": 0.48, ""machinery_fault"": 0.13, ""panic_scream"": 0.06, ""person_asking_for_help"": 95.73, ""vehicle_horn"": 0.08}",person_asking_for_help,73.75,NOT AVAILABLE,,NOT AVAILABLE,yes,21.98,93.34,,Good,Critical,Active,no,person_asking_for_help,yes,N/A,
SS01935,SS01935_2ac2358d.mp3,person_asking_for_help,person_asking_for_help,84.57,"{""aggression"": 2.53, ""alarm_siren"": 0.57, ""animal_sound"": 9.18, ""background_noise"": 0.51, ""glass_breaking"": 1.36, ""gunshot"": 0.46, ""machinery_fault"": 0.34, ""panic_scream"": 0.15, ""person_asking_for_help"": 84.57, ""vehicle_horn"": 0.34}",person_asking_for_help,68.75,NOT AVAILABLE,,NOT AVAILABLE,yes,15.82,75.39,,Good,Critical,Active,no,person_asking_for_help,yes,N/A,
SS01940,SS01940_6aefa819.mp3,person_asking_for_help,person_asking_for_help,96.65,"{""aggression"": 1.45, ""alarm_siren"": 0.05, ""animal_sound"": 0.07, ""background_noise"": 1.06, ""glass_breaking"": 0.57, ""gunshot"": 0.03, ""machinery_fault"": 0.04, ""panic_scream"": 0.02, ""person_asking_for_help"": 96.65, ""vehicle_horn"": 0.05}",person_asking_for_help,95.0,NOT AVAILABLE,,NOT AVAILABLE,yes,1.65,95.2,,Poor,Critical,None,yes,person_asking_for_help,yes,N/A,
SS01944,SS01944_643988d1.mp3,person_asking_for_help,person_asking_for_help,88.9,"{""aggression"": 2.99, ""alarm_siren"": 0.54, ""animal_sound"": 0.27, ""background_noise"": 4.1, ""glass_breaking"": 0.09, ""gunshot"": 0.1, ""machinery_fault"": 2.74, ""panic_scream"": 0.14, ""person_asking_for_help"": 88.9, ""vehicle_horn"": 0.13}",person_asking_for_help,64.0,NOT AVAILABLE,,NOT AVAILABLE,yes,24.9,84.8,,Good,Critical,Active,no,person_asking_for_help,yes,N/A,
SS01947,SS01947_cadbd61d.mp3,person_asking_for_help,person_asking_for_help,99.44,"{""aggression"": 0.04, ""alarm_siren"": 0.19, ""animal_sound"": 0.08, ""background_noise"": 0.03, ""glass_breaking"": 0.01, ""gunshot"": 0.01, ""machinery_fault"": 0.04, ""panic_scream"": 0.15, ""person_asking_for_help"": 99.44, ""vehicle_horn"": 0.01}",person_asking_for_help,76.25,NOT AVAILABLE,,NOT AVAILABLE,yes,23.19,99.25,,Good,Critical,Active,no,person_asking_for_help,yes,N/A,
SS01960,SS01960_4510fa43.mp3,person_asking_for_help,person_asking_for_help,47.65,"{""aggression"": 10.34, ""alarm_siren"": 1.73, ""animal_sound"": 1.52, ""background_noise"": 28.38, ""glass_breaking"": 1.02, ""gunshot"": 1.08, ""machinery_fault"": 6.58, ""panic_scream"": 0.75, ""person_asking_for_help"": 47.65, ""vehicle_horn"": 0.95}",person_asking_for_help,64.75,NOT AVAILABLE,,NOT AVAILABLE,yes,17.1,19.27,,Acceptable,Critical,None,yes,person_asking_for_help,yes,N/A,
SS01962,SS01962_6e8038a2.mp3,person_asking_for_help,glass_breaking,64.84,"{""aggression"": 5.0, ""alarm_siren"": 0.11, ""animal_sound"": 0.14, ""background_noise"": 2.59, ""glass_breaking"": 64.84, ""gunshot"": 0.14, ""machinery_fault"": 0.09, ""panic_scream"": 0.06, ""person_asking_for_help"": 26.24, ""vehicle_horn"": 0.8}",glass_breaking,37.75,NOT AVAILABLE,,NOT AVAILABLE,yes,27.09,38.6,,Good,High,None,yes,glass_breaking,no,N/A,
SS01963,SS01963_49a28c19.mp3,person_asking_for_help,background_noise,99.68,"{""aggression"": 0.04, ""alarm_siren"": 0.01, ""animal_sound"": 0.05, ""background_noise"": 99.68, ""glass_breaking"": 0.0, ""gunshot"": 0.0, ""machinery_fault"": 0.14, ""panic_scream"": 0.01, ""person_asking_for_help"": 0.02, ""vehicle_horn"": 0.05}",background_noise,97.0,NOT AVAILABLE,,NOT AVAILABLE,yes,2.68,99.54,,Poor,Informational,None,yes,background_noise,no,N/A,
SS01978,SS01978_e470a6d2.mp3,person_asking_for_help,person_asking_for_help,97.52,"{""aggression"": 0.06, ""alarm_siren"": 0.1, ""animal_sound"": 0.36, ""background_noise"": 0.44, ""glass_breaking"": 0.04, ""gunshot"": 0.0, ""machinery_fault"": 1.4, ""panic_scream"": 0.01, ""person_asking_for_help"": 97.52, ""vehicle_horn"": 0.07}",person_asking_for_help,70.0,NOT AVAILABLE,,NOT AVAILABLE,yes,27.52,96.12,,Acceptable,Critical,Active,no,person_asking_for_help,yes,N/A,
SS01982,SS01982_2d3d1d26.mp3,person_asking_for_help,person_asking_for_help,94.35,"{""aggression"": 0.4, ""alarm_siren"": 0.02, ""animal_sound"": 0.04, ""background_noise"": 4.55, ""glass_breaking"": 0.31, ""gunshot"": 0.01, ""machinery_fault"": 0.24, ""panic_scream"": 0.02, ""person_asking_for_help"": 94.35, ""vehicle_horn"": 0.05}",person_asking_for_help,76.5,NOT AVAILABLE,,NOT AVAILABLE,yes,17.85,89.8,,Poor,Critical,None,yes,person_asking_for_help,yes,N/A,
SS01990,SS01990_4c9c1e5b.mp3,person_asking_for_help,person_asking_for_help,71.62,"{""aggression"": 4.01, ""alarm_siren"": 0.41, ""animal_sound"": 10.92, ""background_noise"": 1.58, ""glass_breaking"": 1.25, ""gunshot"": 0.24, ""machinery_fault"": 1.99, ""panic_scream"": 0.3, ""person_asking_for_help"": 71.62, ""vehicle_horn"": 7.67}",animal_sound,52.25,NOT AVAILABLE,,NOT AVAILABLE,no,19.37,60.7,,Good,Critical,Active,yes,person_asking_for_help,yes,N/A,Python=person_asking_for_help vs model2=animal_sound; conf diff 19.37
SS01993,SS01993_cdd1d69c.mp3,person_asking_for_help,person_asking_for_help,97.93,"{""aggression"": 0.48, ""alarm_siren"": 0.02, ""animal_sound"": 0.02, ""background_noise"": 1.23, ""glass_breaking"": 0.04, ""gunshot"": 0.01, ""machinery_fault"": 0.12, ""panic_scream"": 0.02, ""person_asking_for_help"": 97.93, ""vehicle_horn"": 0.14}",person_asking_for_help,65.25,NOT AVAILABLE,,NOT AVAILABLE,yes,32.68,96.7,,Poor,Critical,None,yes,person_asking_for_help,yes,N/A,
SS02002,SS02002_631260af.mp3,person_asking_for_help,person_asking_for_help,99.23,"{""aggression"": 0.33, ""alarm_siren"": 0.01, ""animal_sound"": 0.01, ""background_noise"": 0.16, ""glass_breaking"": 0.18, ""gunshot"": 0.01, ""machinery_fault"": 0.03, ""panic_scream"": 0.02, ""person_asking_for_help"": 99.23, ""vehicle_horn"": 0.01}",person_asking_for_help,80.25,NOT AVAILABLE,,NOT AVAILABLE,yes,18.98,98.9,,Good,Critical,Active,no,person_asking_for_help,yes,N/A,
SS02008,SS02008_b0b775e0.wav,gunshot,gunshot,98.15,"{""aggression"": 0.73, ""alarm_siren"": 0.13, ""animal_sound"": 0.24, ""background_noise"": 0.12, ""glass_breaking"": 0.09, ""gunshot"": 98.15, ""machinery_fault"": 0.1, ""panic_scream"": 0.08, ""person_asking_for_help"": 0.22, ""vehicle_horn"": 0.12}",gunshot,99.5,NOT AVAILABLE,,NOT AVAILABLE,yes,1.35,97.42,,Good,Critical,None,no,gunshot,yes,N/A,
SS02010,SS02010_2ae992f8.wav,gunshot,gunshot,99.32,"{""aggression"": 0.09, ""alarm_siren"": 0.03, ""animal_sound"": 0.07, ""background_noise"": 0.05, ""glass_breaking"": 0.23, ""gunshot"": 99.32, ""machinery_fault"": 0.03, ""panic_scream"": 0.03, ""person_asking_for_help"": 0.09, ""vehicle_horn"": 0.06}",gunshot,99.75,NOT AVAILABLE,,NOT AVAILABLE,yes,0.43,99.09,,Good,Critical,None,no,gunshot,yes,N/A,
SS02028,SS02028_5427a05d.wav,gunshot,gunshot,98.86,"{""aggression"": 0.23, ""alarm_siren"": 0.1, ""animal_sound"": 0.21, ""background_noise"": 0.12, ""glass_breaking"": 0.1, ""gunshot"": 98.86, ""machinery_fault"": 0.08, ""panic_scream"": 0.07, ""person_asking_for_help"": 0.09, ""vehicle_horn"": 0.14}",gunshot,100.0,NOT AVAILABLE,,NOT AVAILABLE,yes,1.14,98.63,,Good,Critical,None,no,gunshot,yes,N/A,
SS02036,SS02036_a042ac1b.wav,gunshot,gunshot,99.77,"{""aggression"": 0.01, ""alarm_siren"": 0.02, ""animal_sound"": 0.03, ""background_noise"": 0.03, ""glass_breaking"": 0.03, ""gunshot"": 99.77, ""machinery_fault"": 0.02, ""panic_scream"": 0.02, ""person_asking_for_help"": 0.04, ""vehicle_horn"": 0.03}",gunshot,99.0,NOT AVAILABLE,,NOT AVAILABLE,yes,0.77,99.73,,Good,Critical,None,no,gunshot,yes,N/A,
SS02040,SS02040_c62adba4.wav,gunshot,gunshot,98.68,"{""aggression"": 0.31, ""alarm_siren"": 0.13, ""animal_sound"": 0.23, ""background_noise"": 0.13, ""glass_breaking"": 0.12, ""gunshot"": 98.68, ""machinery_fault"": 0.09, ""panic_scream"": 0.08, ""person_asking_for_help"": 0.09, ""vehicle_horn"": 0.13}",gunshot,98.0,NOT AVAILABLE,,NOT AVAILABLE,yes,0.68,98.37,,Good,Critical,None,no,gunshot,yes,N/A,
SS02043,SS02043_9aa1e422.wav,gunshot,gunshot,99.77,"{""aggression"": 0.01, ""alarm_siren"": 0.02, ""animal_sound"": 0.03, ""background_noise"": 0.03, ""glass_breaking"": 0.04, ""gunshot"": 99.77, ""machinery_fault"": 0.02, ""panic_scream"": 0.02, ""person_asking_for_help"": 0.04, ""vehicle_horn"": 0.03}",gunshot,100.0,NOT AVAILABLE,,NOT AVAILABLE,yes,0.23,99.73,,Good,Critical,None,no,gunshot,yes,N/A,
SS02046,SS02046_14b551f1.wav,gunshot,gunshot,98.29,"{""aggression"": 0.75, ""alarm_siren"": 0.12, ""animal_sound"": 0.12, ""background_noise"": 0.19, ""glass_breaking"": 0.06, ""gunshot"": 98.29, ""machinery_fault"": 0.1, ""panic_scream"": 0.08, ""person_asking_for_help"": 0.18, ""vehicle_horn"": 0.12}",gunshot,99.5,NOT AVAILABLE,,NOT AVAILABLE,yes,1.21,97.54,,Good,Critical,None,no,gunshot,yes,N/A,
SS02049,SS02049_58fda997.wav,gunshot,gunshot,99.62,"{""aggression"": 0.02, ""alarm_siren"": 0.03, ""animal_sound"": 0.1, ""background_noise"": 0.05, ""glass_breaking"": 0.04, ""gunshot"": 99.62, ""machinery_fault"": 0.03, ""panic_scream"": 0.03, ""person_asking_for_help"": 0.03, ""vehicle_horn"": 0.05}",gunshot,100.0,NOT AVAILABLE,,NOT AVAILABLE,yes,0.38,99.52,,Good,Critical,None,no,gunshot,yes,N/A,
SS02054,SS02054_b239bb79.wav,gunshot,gunshot,99.54,"{""aggression"": 0.04, ""alarm_siren"": 0.03, ""animal_sound"": 0.05, ""background_noise"": 0.06, ""glass_breaking"": 0.09, ""gunshot"": 99.54, ""machinery_fault"": 0.03, ""panic_scream"": 0.03, ""person_asking_for_help"": 0.09, ""vehicle_horn"": 0.05}",gunshot,100.0,NOT AVAILABLE,,NOT AVAILABLE,yes,0.46,99.45,,Good,Critical,None,no,gunshot,yes,N/A,
SS02064,SS02064_f5af3cd9.wav,gunshot,gunshot,97.9,"{""aggression"": 0.87, ""alarm_siren"": 0.15, ""animal_sound"": 0.2, ""background_noise"": 0.19, ""glass_breaking"": 0.2, ""gunshot"": 97.9, ""machinery_fault"": 0.11, ""panic_scream"": 0.09, ""person_asking_for_help"": 0.17, ""vehicle_horn"": 0.13}",gunshot,98.75,NOT AVAILABLE,,NOT AVAILABLE,yes,0.85,97.03,,Good,Critical,None,no,gunshot,yes,N/A,
SS02069,SS02069_56a4ace9.wav,gunshot,gunshot,98.73,"{""aggression"": 0.29, ""alarm_siren"": 0.16, ""animal_sound"": 0.18, ""background_noise"": 0.11, ""glass_breaking"": 0.07, ""gunshot"": 98.73, ""machinery_fault"": 0.12, ""panic_scream"": 0.09, ""person_asking_for_help"": 0.11, ""vehicle_horn"": 0.14}",gunshot,97.25,NOT AVAILABLE,,NOT AVAILABLE,yes,1.48,98.44,,Good,Critical,None,no,gunshot,yes,N/A,
SS02073,SS02073_2fe024d3.wav,gunshot,gunshot,99.46,"{""aggression"": 0.03, ""alarm_siren"": 0.02, ""animal_sound"": 0.04, ""background_noise"": 0.05, ""glass_breaking"": 0.09, ""gunshot"": 99.46, ""machinery_fault"": 0.02, ""panic_scream"": 0.02, ""person_asking_for_help"": 0.21, ""vehicle_horn"": 0.04}",gunshot,100.0,NOT AVAILABLE,,NOT AVAILABLE,yes,0.54,99.25,,Good,Critical,None,no,gunshot,yes,N/A,
SS02086,SS02086_6f75d5c7.wav,gunshot,gunshot,99.32,"{""aggression"": 0.11, ""alarm_siren"": 0.03, ""animal_sound"": 0.07, ""background_noise"": 0.08, ""glass_breaking"": 0.09, ""gunshot"": 99.32, ""machinery_fault"": 0.03, ""panic_scream"": 0.03, ""person_asking_for_help"": 0.2, ""vehicle_horn"": 0.04}",gunshot,100.0,NOT AVAILABLE,,NOT AVAILABLE,yes,0.68,99.12,,Good,Critical,None,no,gunshot,yes,N/A,
SS02087,SS02087_c4361530.wav,gunshot,gunshot,99.16,"{""aggression"": 0.14, ""alarm_siren"": 0.1, ""animal_sound"": 0.13, ""background_noise"": 0.1, ""glass_breaking"": 0.04, ""gunshot"": 99.16, ""machinery_fault"": 0.08, ""panic_scream"": 0.07, ""person_asking_for_help"": 0.06, ""vehicle_horn"": 0.1}",gunshot,100.0,NOT AVAILABLE,,NOT AVAILABLE,yes,0.84,99.02,,Good,Critical,None,no,gunshot,yes,N/A,
SS02100,SS02100_b200bec0.wav,gunshot,gunshot,98.82,"{""aggression"": 0.05, ""alarm_siren"": 0.03, ""animal_sound"": 0.07, ""background_noise"": 0.19, ""glass_breaking"": 0.35, ""gunshot"": 98.82, ""machinery_fault"": 0.03, ""panic_scream"": 0.03, ""person_asking_for_help"": 0.4, ""vehicle_horn"": 0.04}",gunshot,99.0,NOT AVAILABLE,,NOT AVAILABLE,yes,0.18,98.42,,Good,Critical,None,no,gunshot,yes,N/A,
SS02103,SS02103_4f9a5c84.wav,gunshot,gunshot,99.5,"{""aggression"": 0.05, ""alarm_siren"": 0.03, ""animal_sound"": 0.1, ""background_noise"": 0.05, ""glass_breaking"": 0.06, ""gunshot"": 99.5, ""machinery_fault"": 0.03, ""panic_scream"": 0.03, ""person_asking_for_help"": 0.08, ""vehicle_horn"": 0.06}",gunshot,99.25,NOT AVAILABLE,,NOT AVAILABLE,yes,0.25,99.4,,Good,Critical,None,no,gunshot,yes,N/A,
SS02108,SS02108_0f688e17.wav,gunshot,gunshot,97.8,"{""aggression"": 1.06, ""alarm_siren"": 0.09, ""animal_sound"": 0.17, ""background_noise"": 0.15, ""glass_breaking"": 0.27, ""gunshot"": 97.8, ""machinery_fault"": 0.08, ""panic_scream"": 0.06, ""person_asking_for_help"": 0.2, ""vehicle_horn"": 0.13}",gunshot,100.0,NOT AVAILABLE,,NOT AVAILABLE,yes,2.2,96.74,,Good,Critical,None,no,gunshot,yes,N/A,
SS02123,SS02123_a4538024.wav,gunshot,gunshot,94.26,"{""aggression"": 1.22, ""alarm_siren"": 0.05, ""animal_sound"": 0.21, ""background_noise"": 0.35, ""glass_breaking"": 1.32, ""gunshot"": 94.26, ""machinery_fault"": 0.05, ""panic_scream"": 0.05, ""person_asking_for_help"": 2.35, ""vehicle_horn"": 0.14}",gunshot,93.0,NOT AVAILABLE,,NOT AVAILABLE,yes,1.26,91.91,,Good,Critical,None,no,gunshot,yes,N/A,
SS02132,SS02132_dc7de0e8.wav,panic_scream,panic_scream,98.71,"{""aggression"": 0.08, ""alarm_siren"": 0.35, ""animal_sound"": 0.29, ""background_noise"": 0.04, ""glass_breaking"": 0.06, ""gunshot"": 0.04, ""machinery_fault"": 0.1, ""panic_scream"": 98.71, ""person_asking_for_help"": 0.22, ""vehicle_horn"": 0.11}",panic_scream,96.25,NOT AVAILABLE,,NOT AVAILABLE,yes,2.46,98.36,,Good,Critical,Active,no,panic_scream,yes,N/A,
SS02133,SS02133_5ed761e0.wav,panic_scream,panic_scream,99.6,"{""aggression"": 0.02, ""alarm_siren"": 0.09, ""animal_sound"": 0.02, ""background_noise"": 0.02, ""glass_breaking"": 0.02, ""gunshot"": 0.04, ""machinery_fault"": 0.04, ""panic_scream"": 99.6, ""person_asking_for_help"": 0.02, ""vehicle_horn"": 0.13}",panic_scream,99.5,NOT AVAILABLE,,NOT AVAILABLE,yes,0.1,99.47,,Good,Critical,Active,no,panic_scream,yes,N/A,
SS02135,SS02135_a69a6e5c.wav,panic_scream,panic_scream,99.75,"{""aggression"": 0.01, ""alarm_siren"": 0.04, ""animal_sound"": 0.01, ""background_noise"": 0.01, ""glass_breaking"": 0.02, ""gunshot"": 0.02, ""machinery_fault"": 0.03, ""panic_scream"": 99.75, ""person_asking_for_help"": 0.01, ""vehicle_horn"": 0.08}",panic_scream,100.0,NOT AVAILABLE,,NOT AVAILABLE,yes,0.25,99.67,,Good,Critical,Active,no,panic_scream,yes,N/A,
SS02146,SS02146_9773b047.wav,panic_scream,panic_scream,99.62,"{""aggression"": 0.04, ""alarm_siren"": 0.09, ""animal_sound"": 0.02, ""background_noise"": 0.02, ""glass_breaking"": 0.03, ""gunshot"": 0.04, ""machinery_fault"": 0.05, ""panic_scream"": 99.62, ""person_asking_for_help"": 0.03, ""vehicle_horn"": 0.06}",panic_scream,94.25,NOT AVAILABLE,,NOT AVAILABLE,yes,5.37,99.53,,Good,Critical,Active,no,panic_scream,yes,N/A,
SS02164,SS02164_dc177223.wav,panic_scream,panic_scream,90.31,"{""aggression"": 0.77, ""alarm_siren"": 3.68, ""animal_sound"": 1.24, ""background_noise"": 0.26, ""glass_breaking"": 0.62, ""gunshot"": 0.17, ""machinery_fault"": 0.51, ""panic_scream"": 90.31, ""person_asking_for_help"": 1.73, ""vehicle_horn"": 0.7}",panic_scream,73.5,NOT AVAILABLE,,NOT AVAILABLE,yes,16.81,86.63,,Good,Critical,Active,no,panic_scream,yes,N/A,
SS02168,SS02168_28931434.wav,panic_scream,panic_scream,99.86,"{""aggression"": 0.01, ""alarm_siren"": 0.02, ""animal_sound"": 0.01, ""background_noise"": 0.01, ""glass_breaking"": 0.01, ""gunshot"": 0.02, ""machinery_fault"": 0.02, ""panic_scream"": 99.86, ""person_asking_for_help"": 0.01, ""vehicle_horn"": 0.04}",panic_scream,100.0,NOT AVAILABLE,,NOT AVAILABLE,yes,0.14,99.82,,Good,Critical,Active,no,panic_scream,yes,N/A,
SS02180,SS02180_43297830.wav,panic_scream,panic_scream,99.59,"{""aggression"": 0.03, ""alarm_siren"": 0.2, ""animal_sound"": 0.01, ""background_noise"": 0.02, ""glass_breaking"": 0.02, ""gunshot"": 0.02, ""machinery_fault"": 0.03, ""panic_scream"": 99.59, ""person_asking_for_help"": 0.02, ""vehicle_horn"": 0.05}",panic_scream,98.75,NOT AVAILABLE,,NOT AVAILABLE,yes,0.84,99.39,,Good,Critical,Active,no,panic_scream,yes,N/A,
SS02181,SS02181_4774bb4b.wav,panic_scream,panic_scream,99.4,"{""aggression"": 0.05, ""alarm_siren"": 0.15, ""animal_sound"": 0.04, ""background_noise"": 0.03, ""glass_breaking"": 0.06, ""gunshot"": 0.05, ""machinery_fault"": 0.07, ""panic_scream"": 99.4, ""person_asking_for_help"": 0.05, ""vehicle_horn"": 0.11}",panic_scream,97.75,NOT AVAILABLE,,NOT AVAILABLE,yes,1.65,99.25,,Good,Critical,Active,no,panic_scream,yes,N/A,
SS02193,SS02193_de0ed07d.wav,panic_scream,panic_scream,97.22,"{""aggression"": 0.19, ""alarm_siren"": 0.83, ""animal_sound"": 0.84, ""background_noise"": 0.06, ""glass_breaking"": 0.09, ""gunshot"": 0.04, ""machinery_fault"": 0.11, ""panic_scream"": 97.22, ""person_asking_for_help"": 0.52, ""vehicle_horn"": 0.1}",panic_scream,93.0,NOT AVAILABLE,,NOT AVAILABLE,yes,4.22,96.38,,Good,Critical,Active,no,panic_scream,yes,N/A,
SS02194,SS02194_214a9468.wav,panic_scream,panic_scream,99.54,"{""aggression"": 0.03, ""alarm_siren"": 0.08, ""animal_sound"": 0.03, ""background_noise"": 0.02, ""glass_breaking"": 0.03, ""gunshot"": 0.04, ""machinery_fault"": 0.07, ""panic_scream"": 99.54, ""person_asking_for_help"": 0.02, ""vehicle_horn"": 0.14}",panic_scream,99.25,NOT AVAILABLE,,NOT AVAILABLE,yes,0.29,99.4,,Good,Critical,Active,no,panic_scream,yes,N/A,
SS02209,SS02209_d3ed6bb5.wav,panic_scream,panic_scream,99.77,"{""aggression"": 0.02, ""alarm_siren"": 0.04, ""animal_sound"": 0.01, ""background_noise"": 0.01, ""glass_breaking"": 0.02, ""gunshot"": 0.03, ""machinery_fault"": 0.03, ""panic_scream"": 99.77, ""person_asking_for_help"": 0.01, ""vehicle_horn"": 0.05}",panic_scream,99.75,NOT AVAILABLE,,NOT AVAILABLE,yes,0.02,99.72,,Good,Critical,Active,no,panic_scream,yes,N/A,
SS02211,SS02211_62051e6c.wav,panic_scream,panic_scream,99.2,"{""aggression"": 0.08, ""alarm_siren"": 0.27, ""animal_sound"": 0.05, ""background_noise"": 0.03, ""glass_breaking"": 0.06, ""gunshot"": 0.04, ""machinery_fault"": 0.07, ""panic_scream"": 99.2, ""person_asking_for_help"": 0.04, ""vehicle_horn"": 0.18}",panic_scream,99.5,NOT AVAILABLE,,NOT AVAILABLE,yes,0.3,98.93,,Good,Critical,Active,no,panic_scream,yes,N/A,
SS02214,SS02214_9bcdddec.wav,panic_scream,panic_scream,99.84,"{""aggression"": 0.01, ""alarm_siren"": 0.03, ""animal_sound"": 0.01, ""background_noise"": 0.01, ""glass_breaking"": 0.01, ""gunshot"": 0.02, ""machinery_fault"": 0.02, ""panic_scream"": 99.84, ""person_asking_for_help"": 0.01, ""vehicle_horn"": 0.04}",panic_scream,100.0,NOT AVAILABLE,,NOT AVAILABLE,yes,0.16,99.8,,Good,Critical,Active,no,panic_scream,yes,N/A,
SS02215,SS02215_105f710d.wav,panic_scream,panic_scream,99.65,"{""aggression"": 0.03, ""alarm_siren"": 0.12, ""animal_sound"": 0.02, ""background_noise"": 0.02, ""glass_breaking"": 0.03, ""gunshot"": 0.02, ""machinery_fault"": 0.03, ""panic_scream"": 99.65, ""person_asking_for_help"": 0.01, ""vehicle_horn"": 0.08}",panic_scream,100.0,NOT AVAILABLE,,NOT AVAILABLE,yes,0.35,99.53,,Good,Critical,Active,no,panic_scream,yes,N/A,
SS02227,SS02227_bb07a7ba.wav,panic_scream,panic_scream,99.78,"{""aggression"": 0.02, ""alarm_siren"": 0.06, ""animal_sound"": 0.01, ""background_noise"": 0.01, ""glass_breaking"": 0.02, ""gunshot"": 0.02, ""machinery_fault"": 0.03, ""panic_scream"": 99.78, ""person_asking_for_help"": 0.01, ""vehicle_horn"": 0.04}",panic_scream,99.25,NOT AVAILABLE,,NOT AVAILABLE,yes,0.53,99.72,,Good,Critical,Active,no,panic_scream,yes,N/A,
SS02232,SS02232_b3d8093c.wav,panic_scream,panic_scream,97.13,"{""aggression"": 0.2, ""alarm_siren"": 1.42, ""animal_sound"": 0.25, ""background_noise"": 0.06, ""glass_breaking"": 0.11, ""gunshot"": 0.05, ""machinery_fault"": 0.19, ""panic_scream"": 97.13, ""person_asking_for_help"": 0.29, ""vehicle_horn"": 0.3}",panic_scream,96.25,NOT AVAILABLE,,NOT AVAILABLE,yes,0.88,95.71,,Good,Critical,Active,no,panic_scream,yes,N/A,
SS02233,SS02233_317940f4.wav,panic_scream,panic_scream,99.68,"{""aggression"": 0.03, ""alarm_siren"": 0.13, ""animal_sound"": 0.01, ""background_noise"": 0.02, ""glass_breaking"": 0.02, ""gunshot"": 0.02, ""machinery_fault"": 0.03, ""panic_scream"": 99.68, ""person_asking_for_help"": 0.02, ""vehicle_horn"": 0.04}",panic_scream,99.75,NOT AVAILABLE,,NOT AVAILABLE,yes,0.07,99.55,,Good,Critical,Active,no,panic_scream,yes,N/A,
SS02239,SS02239_f64fb36a.wav,panic_scream,panic_scream,92.74,"{""aggression"": 0.36, ""alarm_siren"": 2.4, ""animal_sound"": 2.1, ""background_noise"": 0.12, ""glass_breaking"": 0.18, ""gunshot"": 0.07, ""machinery_fault"": 0.27, ""panic_scream"": 92.74, ""person_asking_for_help"": 1.51, ""vehicle_horn"": 0.25}",panic_scream,70.75,NOT AVAILABLE,,NOT AVAILABLE,yes,21.99,90.34,,Good,Critical,Active,no,panic_scream,yes,N/A,
